ISO-10303-21;
HEADER;
FILE_DESCRIPTION (( 'STEP AP214' ),
    '1' );
FILE_NAME ('PEC12R-4215F-S0024.STEP',
    '2025-04-09T15:47:52',
    ( 'LENOVO' ),
    ( '' ),
    'SwSTEP 2.0',
    'SolidWorks 2021',
    '' );
FILE_SCHEMA (( 'AUTOMOTIVE_DESIGN' ));
ENDSEC;

DATA;
#1 = CARTESIAN_POINT ( 'NONE',  ( -5.450000000000000178, 6.100000000000000533, -6.400000000000000355 ) ) ;
#2 = DIRECTION ( 'NONE',  ( -3.614007241618348278E-16, -1.000000000000000000, -4.430117370400858162E-17 ) ) ;
#3 = ORIENTED_EDGE ( 'NONE', *, *, #10059, .T. ) ;
#4 = EDGE_LOOP ( 'NONE', ( #9092, #10558, #1989, #5444 ) ) ;
#5 = LINE ( 'NONE', #10221, #6903 ) ;
#6 = CARTESIAN_POINT ( 'NONE',  ( -3.880824640740575759, 0.4999999999999998890, 4.500000000000000888 ) ) ;
#7 = EDGE_CURVE ( 'NONE', #2545, #7314, #4644, .T. ) ;
#8 = CARTESIAN_POINT ( 'NONE',  ( -5.799999999999996270, 4.986986664055304885, 5.000000000000000888 ) ) ;
#9 = VECTOR ( 'NONE', #3690, 1000.000000000000000 ) ;
#10 = DIRECTION ( 'NONE',  ( 0.000000000000000000, -1.000000000000000000, 0.000000000000000000 ) ) ;
#11 = CARTESIAN_POINT ( 'NONE',  ( 5.750000000000000000, 6.100000000000000533, 6.700000000000000178 ) ) ;
#12 = DIRECTION ( 'NONE',  ( 1.000000000000000000, 1.224646799147353207E-16, 2.470259944489264076E-32 ) ) ;
#13 = VECTOR ( 'NONE', #3595, 1000.000000000000000 ) ;
#14 = DIRECTION ( 'NONE',  ( 0.000000000000000000, -4.869470219022244754E-16, 1.000000000000000000 ) ) ;
#15 = AXIS2_PLACEMENT_3D ( 'NONE', #5669, #10629, #9997 ) ;
#16 = ORIENTED_EDGE ( 'NONE', *, *, #892, .F. ) ;
#17 = ORIENTED_EDGE ( 'NONE', *, *, #6830, .T. ) ;
#18 = DIRECTION ( 'NONE',  ( 0.000000000000000000, 1.000000000000000000, 0.000000000000000000 ) ) ;
#19 = ORIENTED_EDGE ( 'NONE', *, *, #7088, .F. ) ;
#20 = DIRECTION ( 'NONE',  ( -1.000000000000000000, 0.000000000000000000, 0.000000000000000000 ) ) ;
#21 = CARTESIAN_POINT ( 'NONE',  ( 0.000000000000000000, 2.100000000000000089, 1.000000000000000000 ) ) ;
#22 = DIRECTION ( 'NONE',  ( 0.000000000000000000, 0.000000000000000000, -1.000000000000000000 ) ) ;
#23 = VECTOR ( 'NONE', #4336, 1000.000000000000000 ) ;
#24 = DIRECTION ( 'NONE',  ( 0.000000000000000000, -4.430117370400858162E-17, 1.000000000000000000 ) ) ;
#25 = VECTOR ( 'NONE', #3798, 1000.000000000000000 ) ;
#26 = EDGE_CURVE ( 'NONE', #6007, #8868, #4470, .T. ) ;
#27 = ORIENTED_EDGE ( 'NONE', *, *, #1792, .F. ) ;
#28 = EDGE_CURVE ( 'NONE', #10348, #388, #8061, .T. ) ;
#29 = AXIS2_PLACEMENT_3D ( 'NONE', #2083, #4284, #1016 ) ;
#30 = CARTESIAN_POINT ( 'NONE',  ( -5.799999999999998046, -0.6400000000000000133, 1.000000000000000000 ) ) ;
#31 = ORIENTED_EDGE ( 'NONE', *, *, #1189, .T. ) ;
#32 = DIRECTION ( 'NONE',  ( -1.000000000000000000, 0.000000000000000000, 0.000000000000000000 ) ) ;
#33 = EDGE_LOOP ( 'NONE', ( #1457, #438, #5457, #4094 ) ) ;
#34 = SURFACE_STYLE_USAGE ( .BOTH. , #9631 ) ;
#35 = LINE ( 'NONE', #2370, #3498 ) ;
#36 = LINE ( 'NONE', #7023, #3375 ) ;
#37 = DIRECTION ( 'NONE',  ( -1.000000000000000000, 0.000000000000000000, 0.000000000000000000 ) ) ;
#38 = LINE ( 'NONE', #4298, #3516 ) ;
#39 = DIRECTION ( 'NONE',  ( 0.8191520442889909104, -0.5735764363510473807, 0.000000000000000000 ) ) ;
#40 = EDGE_CURVE ( 'NONE', #10424, #10512, #8016, .T. ) ;
#41 = ORIENTED_EDGE ( 'NONE', *, *, #8590, .F. ) ;
#42 = CARTESIAN_POINT ( 'NONE',  ( 4.250000000000000000, 6.700000000000000178, -5.099999999999999645 ) ) ;
#43 = ORIENTED_EDGE ( 'NONE', *, *, #6938, .T. ) ;
#44 = EDGE_CURVE ( 'NONE', #5802, #10572, #4385, .T. ) ;
#45 = ORIENTED_EDGE ( 'NONE', *, *, #4489, .T. ) ;
#46 = ORIENTED_EDGE ( 'NONE', *, *, #6021, .T. ) ;
#47 = AXIS2_PLACEMENT_3D ( 'NONE', #4754, #5563, #1962 ) ;
#48 = VECTOR ( 'NONE', #3369, 1000.000000000000000 ) ;
#49 = ADVANCED_FACE ( 'NONE', ( #7965 ), #4449, .F. ) ;
#50 = PLANE ( 'NONE',  #4143 ) ;
#51 = DIRECTION ( 'NONE',  ( -1.807003620809174139E-16, 1.000000000000000000, 2.017120320903263702E-16 ) ) ;
#52 = CARTESIAN_POINT ( 'NONE',  ( -5.799999999999998934, 5.650000000000001243, 3.000000000000000000 ) ) ;
#53 = EDGE_CURVE ( 'NONE', #10141, #10283, #8141, .T. ) ;
#54 = FACE_OUTER_BOUND ( 'NONE', #2536, .T. ) ;
#55 = CARTESIAN_POINT ( 'NONE',  ( 3.850000000000000089, 4.986986664055304885, 5.850000000000000533 ) ) ;
#56 = DIRECTION ( 'NONE',  ( -1.000000000000000000, 0.000000000000000000, 0.000000000000000000 ) ) ;
#57 = CARTESIAN_POINT ( 'NONE',  ( -5.799999999999997158, 3.100000000000000089, -3.000000000000000000 ) ) ;
#58 = CARTESIAN_POINT ( 'NONE',  ( -5.799999999999996270, 0.5000000000000002220, 3.000000000000000000 ) ) ;
#59 = ORIENTED_EDGE ( 'NONE', *, *, #3004, .T. ) ;
#60 = DIRECTION ( 'NONE',  ( -0.000000000000000000, -1.000000000000000000, 0.000000000000000000 ) ) ;
#61 = ORIENTED_EDGE ( 'NONE', *, *, #4148, .F. ) ;
#62 = ORIENTED_EDGE ( 'NONE', *, *, #3926, .F. ) ;
#63 = ORIENTED_EDGE ( 'NONE', *, *, #567, .F. ) ;
#64 = LINE ( 'NONE', #6258, #3617 ) ;
#65 = CARTESIAN_POINT ( 'NONE',  ( 2.100000000000000089, 0.7999999999999982681, 7.549999999999999822 ) ) ;
#66 = CIRCLE ( 'NONE', #7380, 0.5000000000000000000 ) ;
#67 =( GEOMETRIC_REPRESENTATION_CONTEXT ( 3 ) GLOBAL_UNCERTAINTY_ASSIGNED_CONTEXT ( ( #5573 ) ) GLOBAL_UNIT_ASSIGNED_CONTEXT ( ( #9924, #6592, #3394 ) ) REPRESENTATION_CONTEXT ( 'NONE', 'WORKASPACE' ) );
#68 = AXIS2_PLACEMENT_3D ( 'NONE', #3657, #10198, #7825 ) ;
#69 = PLANE ( 'NONE',  #1745 ) ;
#70 = ADVANCED_FACE ( 'NONE', ( #874 ), #6239, .F. ) ;
#71 = DIRECTION ( 'NONE',  ( -1.000000000000000000, 0.000000000000000000, 0.000000000000000000 ) ) ;
#72 = DIRECTION ( 'NONE',  ( 0.000000000000000000, 1.000000000000000000, 0.000000000000000000 ) ) ;
#73 = EDGE_CURVE ( 'NONE', #3915, #2672, #985, .T. ) ;
#74 = DIRECTION ( 'NONE',  ( 0.000000000000000000, -2.017120320903263702E-16, 1.000000000000000000 ) ) ;
#75 = CARTESIAN_POINT ( 'NONE',  ( -5.699999999999998401, 0.09999999999999993616, 3.000000000000000444 ) ) ;
#76 = EDGE_LOOP ( 'NONE', ( #2925, #10000, #9835, #8307 ) ) ;
#77 = AXIS2_PLACEMENT_3D ( 'NONE', #8167, #1351, #8103 ) ;
#78 = ORIENTED_EDGE ( 'NONE', *, *, #4762, .T. ) ;
#79 = DIRECTION ( 'NONE',  ( 0.000000000000000000, 0.000000000000000000, 1.000000000000000000 ) ) ;
#80 = EDGE_LOOP ( 'NONE', ( #7051, #2200, #1835, #1936 ) ) ;
#81 = VERTEX_POINT ( 'NONE', #3143 ) ;
#82 = CARTESIAN_POINT ( 'NONE',  ( -5.799999999999996270, 3.100000000000000089, -4.500000000000000888 ) ) ;
#83 = FACE_OUTER_BOUND ( 'NONE', #9470, .T. ) ;
#84 = CARTESIAN_POINT ( 'NONE',  ( -2.500000000000000000, -2.499999999999998224, -7.050000000000002487 ) ) ;
#85 = CIRCLE ( 'NONE', #2877, 0.2000000000000007327 ) ;
#86 = LINE ( 'NONE', #58, #7076 ) ;
#87 = PLANE ( 'NONE',  #1974 ) ;
#88 = EDGE_CURVE ( 'NONE', #7247, #8375, #1056, .T. ) ;
#89 = EDGE_LOOP ( 'NONE', ( #7317, #6491, #6450, #3010 ) ) ;
#90 = DIRECTION ( 'NONE',  ( 1.000000000000000000, -0.000000000000000000, 1.224646799147353207E-16 ) ) ;
#91 = DIRECTION ( 'NONE',  ( 0.000000000000000000, -1.000000000000000000, 8.673617379883880855E-15 ) ) ;
#92 = ORIENTED_EDGE ( 'NONE', *, *, #5167, .F. ) ;
#93 = CARTESIAN_POINT ( 'NONE',  ( -5.799999999999998934, 5.650000000000001243, 1.599999999999999867 ) ) ;
#94 = ORIENTED_EDGE ( 'NONE', *, *, #6680, .T. ) ;
#95 = AXIS2_PLACEMENT_3D ( 'NONE', #2405, #5917, #801 ) ;
#96 = CARTESIAN_POINT ( 'NONE',  ( 2.299999999999999822, 0.1000000000000016431, -7.050000000000001599 ) ) ;
#97 = VECTOR ( 'NONE', #5688, 1000.000000000000000 ) ;
#98 = DIRECTION ( 'NONE',  ( 1.000000000000000000, 0.000000000000000000, 0.000000000000000000 ) ) ;
#99 = CARTESIAN_POINT ( 'NONE',  ( -1.699999999999999956, 0.8000000000000001554, -7.050000000000001599 ) ) ;
#100 = DIRECTION ( 'NONE',  ( 0.000000000000000000, 1.000000000000000000, 0.000000000000000000 ) ) ;
#101 = EDGE_CURVE ( 'NONE', #7241, #10599, #4529, .T. ) ;
#102 = VECTOR ( 'NONE', #3924, 1000.000000000000000 ) ;
#103 = ORIENTED_EDGE ( 'NONE', *, *, #10202, .F. ) ;
#104 = CARTESIAN_POINT ( 'NONE',  ( -5.750000000000000000, 5.700000000000000178, -6.400000000000000355 ) ) ;
#105 = ORIENTED_EDGE ( 'NONE', *, *, #1091, .F. ) ;
#106 = ORIENTED_EDGE ( 'NONE', *, *, #1017, .F. ) ;
#107 = AXIS2_PLACEMENT_3D ( 'NONE', #8595, #9443, #10359 ) ;
#108 = CARTESIAN_POINT ( 'NONE',  ( -5.799999999999998934, 3.100000000000000533, 5.250000000000000000 ) ) ;
#109 = DIRECTION ( 'NONE',  ( 0.000000000000000000, 0.000000000000000000, 1.000000000000000000 ) ) ;
#110 = LINE ( 'NONE', #9232, #7324 ) ;
#111 = CARTESIAN_POINT ( 'NONE',  ( -1.699999999999999956, 0.8000000000000001554, -6.800000000000001599 ) ) ;
#112 = CIRCLE ( 'NONE', #9013, 0.1499999999999999667 ) ;
#113 = DIRECTION ( 'NONE',  ( 0.000000000000000000, -1.000000000000000000, -2.460132057943349518E-16 ) ) ;
#114 = PLANE ( 'NONE',  #4677 ) ;
#115 = VECTOR ( 'NONE', #5867, 1000.000000000000000 ) ;
#116 = CARTESIAN_POINT ( 'NONE',  ( 5.049999999999998046, 2.400000000000000355, -5.350000000000001421 ) ) ;
#117 = DIRECTION ( 'NONE',  ( 0.000000000000000000, 0.000000000000000000, -1.000000000000000000 ) ) ;
#118 = EDGE_CURVE ( 'NONE', #4937, #6792, #845, .T. ) ;
#119 = EDGE_LOOP ( 'NONE', ( #5995, #514, #7018, #1972 ) ) ;
#120 = CARTESIAN_POINT ( 'NONE',  ( 5.049999999999997158, 0.1000000000000001721, -2.599999999999997424 ) ) ;
#121 = ORIENTED_EDGE ( 'NONE', *, *, #2595, .T. ) ;
#122 = ORIENTED_EDGE ( 'NONE', *, *, #3074, .F. ) ;
#123 = EDGE_CURVE ( 'NONE', #5025, #4149, #7937, .T. ) ;
#124 = VECTOR ( 'NONE', #5461, 1000.000000000000000 ) ;
#125 = ADVANCED_FACE ( 'NONE', ( #4323 ), #8506, .F. ) ;
#126 = AXIS2_PLACEMENT_3D ( 'NONE', #8643, #37, #6560 ) ;
#127 = ORIENTED_EDGE ( 'NONE', *, *, #7790, .T. ) ;
#128 = CARTESIAN_POINT ( 'NONE',  ( -3.880824640740575759, 0.4999999999999998890, 3.000000000000000000 ) ) ;
#129 = FACE_OUTER_BOUND ( 'NONE', #6065, .T. ) ;
#130 = DIRECTION ( 'NONE',  ( 0.000000000000000000, 0.000000000000000000, 1.000000000000000000 ) ) ;
#131 = DIRECTION ( 'NONE',  ( -1.000000000000000000, 0.000000000000000000, 0.000000000000000000 ) ) ;
#132 = LINE ( 'NONE', #6385, #3658 ) ;
#133 = DIRECTION ( 'NONE',  ( -2.478176394252553728E-15, 0.000000000000000000, -1.000000000000000000 ) ) ;
#134 = ORIENTED_EDGE ( 'NONE', *, *, #6460, .F. ) ;
#135 = DIRECTION ( 'NONE',  ( -1.327027319204863784E-16, 1.000000000000000000, 0.000000000000000000 ) ) ;
#136 = EDGE_LOOP ( 'NONE', ( #6322, #5118, #10006, #8843, #3201 ) ) ;
#137 = ORIENTED_EDGE ( 'NONE', *, *, #10365, .F. ) ;
#138 = DIRECTION ( 'NONE',  ( 0.000000000000000000, 0.000000000000000000, -1.000000000000000000 ) ) ;
#139 = LINE ( 'NONE', #4962, #197 ) ;
#140 = CARTESIAN_POINT ( 'NONE',  ( 5.943206300660539121, -2.598762745933357543, -1.000000000000000000 ) ) ;
#141 = DIRECTION ( 'NONE',  ( 0.7071067811865489050, 0.000000000000000000, -0.7071067811865462405 ) ) ;
#142 = DIRECTION ( 'NONE',  ( 0.000000000000000000, -0.000000000000000000, -1.000000000000000000 ) ) ;
#143 = EDGE_CURVE ( 'NONE', #8842, #4235, #4626, .T. ) ;
#144 = LINE ( 'NONE', #2168, #299 ) ;
#145 = VERTEX_POINT ( 'NONE', #3051 ) ;
#146 = AXIS2_PLACEMENT_3D ( 'NONE', #2130, #9428, #4639 ) ;
#147 = ADVANCED_FACE ( 'NONE', ( #782 ), #6628, .F. ) ;
#148 = CARTESIAN_POINT ( 'NONE',  ( -6.199999999999999289, 5.650000000000001243, -5.250000000000000000 ) ) ;
#149 = VECTOR ( 'NONE', #7770, 1000.000000000000000 ) ;
#150 = EDGE_LOOP ( 'NONE', ( #1150, #8639, #4976, #6467, #2590, #4612 ) ) ;
#151 =( GEOMETRIC_REPRESENTATION_CONTEXT ( 3 ) GLOBAL_UNCERTAINTY_ASSIGNED_CONTEXT ( ( #5558 ) ) GLOBAL_UNIT_ASSIGNED_CONTEXT ( ( #7596, #7465, #8358 ) ) REPRESENTATION_CONTEXT ( 'NONE', 'WORKASPACE' ) );
#152 = DIRECTION ( 'NONE',  ( 0.000000000000000000, 0.000000000000000000, 1.000000000000000000 ) ) ;
#153 = CARTESIAN_POINT ( 'NONE',  ( 3.299999999999999822, 3.249999999999998224, 7.249999999999999112 ) ) ;
#154 = DIRECTION ( 'NONE',  ( 0.000000000000000000, 0.000000000000000000, -1.000000000000000000 ) ) ;
#155 = VERTEX_POINT ( 'NONE', #820 ) ;
#156 = ORIENTED_EDGE ( 'NONE', *, *, #8383, .T. ) ;
#157 = ORIENTED_EDGE ( 'NONE', *, *, #9450, .F. ) ;
#158 = CARTESIAN_POINT ( 'NONE',  ( -2.500000000000000000, -2.299999999999998046, -7.050000000000002487 ) ) ;
#159 = VECTOR ( 'NONE', #7011, 1000.000000000000000 ) ;
#160 = EDGE_CURVE ( 'NONE', #2384, #6678, #4339, .T. ) ;
#161 = LINE ( 'NONE', #75, #7223 ) ;
#162 = CARTESIAN_POINT ( 'NONE',  ( -2.499999999999999556, 0.1500000000000024647, -7.049999999999999822 ) ) ;
#163 = EDGE_LOOP ( 'NONE', ( #4261, #8628, #5355, #7626 ) ) ;
#164 = DIRECTION ( 'NONE',  ( -1.000000000000000000, -0.000000000000000000, 0.000000000000000000 ) ) ;
#165 = LINE ( 'NONE', #6588, #3870 ) ;
#166 = CARTESIAN_POINT ( 'NONE',  ( -4.549999999999997158, 2.400000000000000355, 5.850000000000000533 ) ) ;
#167 = MECHANICAL_DESIGN_GEOMETRIC_PRESENTATION_REPRESENTATION (  '', ( #1361 ), #6288 ) ;
#168 = LINE ( 'NONE', #3431, #434 ) ;
#169 = EDGE_CURVE ( 'NONE', #917, #551, #8172, .T. ) ;
#170 = ORIENTED_EDGE ( 'NONE', *, *, #1173, .F. ) ;
#171 = PLANE ( 'NONE',  #5077 ) ;
#172 = EDGE_LOOP ( 'NONE', ( #5239, #419, #9184, #5777, #2144, #8841, #10360, #105, #1254, #5575, #4724, #9131, #5752, #1230, #3271, #7053, #9288, #5484, #5536, #1934 ) ) ;
#173 = EDGE_LOOP ( 'NONE', ( #7872, #5620, #6976, #8722, #5565, #6838, #10274 ) ) ;
#174 = EDGE_LOOP ( 'NONE', ( #2420, #7302, #2710, #10379 ) ) ;
#175 = EDGE_CURVE ( 'NONE', #5850, #2792, #4350, .T. ) ;
#176 = DIRECTION ( 'NONE',  ( -1.000000000000000000, 0.000000000000000000, 0.000000000000000000 ) ) ;
#177 = DIRECTION ( 'NONE',  ( -1.535153518563546084E-16, 1.000000000000000000, 0.000000000000000000 ) ) ;
#178 = DIRECTION ( 'NONE',  ( -0.000000000000000000, 4.430117370400858162E-17, -1.000000000000000000 ) ) ;
#179 = CARTESIAN_POINT ( 'NONE',  ( 6.172636875200958606, -2.926423563648953063, 1.000000000000000000 ) ) ;
#180 = VECTOR ( 'NONE', #4034, 999.9999999999998863 ) ;
#181 = ORIENTED_EDGE ( 'NONE', *, *, #4450, .T. ) ;
#182 = CARTESIAN_POINT ( 'NONE',  ( -5.799999999999996270, 0.000000000000000000, 6.700000000000000178 ) ) ;
#183 = LINE ( 'NONE', #5458, #7448 ) ;
#184 = CARTESIAN_POINT ( 'NONE',  ( 6.200000000000000178, 3.100000000000000089, 5.250000000000000000 ) ) ;
#185 = PLANE ( 'NONE',  #10394 ) ;
#186 = FACE_OUTER_BOUND ( 'NONE', #544, .T. ) ;
#187 = DIRECTION ( 'NONE',  ( 0.7660444431189813441, 0.6427876096865353661, -5.575293782951211506E-15 ) ) ;
#188 = DIRECTION ( 'NONE',  ( -0.000000000000000000, -0.000000000000000000, -1.000000000000000000 ) ) ;
#189 = DIRECTION ( 'NONE',  ( 0.000000000000000000, 0.000000000000000000, 1.000000000000000000 ) ) ;
#190 = EDGE_LOOP ( 'NONE', ( #7870, #6775, #6713, #3866, #3993, #2706 ) ) ;
#191 = DIRECTION ( 'NONE',  ( 0.000000000000000000, 0.000000000000000000, 1.000000000000000000 ) ) ;
#192 = AXIS2_PLACEMENT_3D ( 'NONE', #4922, #6427, #5749 ) ;
#193 = ORIENTED_EDGE ( 'NONE', *, *, #2349, .T. ) ;
#194 = AXIS2_PLACEMENT_3D ( 'NONE', #4459, #9208, #1194 ) ;
#195 = ORIENTED_EDGE ( 'NONE', *, *, #6508, .T. ) ;
#196 = VERTEX_POINT ( 'NONE', #8126 ) ;
#197 = VECTOR ( 'NONE', #2508, 1000.000000000000000 ) ;
#198 = EDGE_CURVE ( 'NONE', #8238, #10338, #7948, .T. ) ;
#199 = DIRECTION ( 'NONE',  ( 0.000000000000000000, 1.000000000000000000, 0.000000000000000000 ) ) ;
#200 = LINE ( 'NONE', #1903, #3865 ) ;
#201 = VERTEX_POINT ( 'NONE', #2431 ) ;
#202 = CARTESIAN_POINT ( 'NONE',  ( 2.542012759203106320, 2.400000000000000355, 2.000000000000000000 ) ) ;
#203 = CARTESIAN_POINT ( 'NONE',  ( 6.199999999999998401, -0.6400000000000000133, 1.000000000000000000 ) ) ;
#204 = AXIS2_PLACEMENT_3D ( 'NONE', #335, #9116, #4437 ) ;
#205 = CARTESIAN_POINT ( 'NONE',  ( 2.449999999999999734, 0.1000000000000016709, -7.049999999999999822 ) ) ;
#206 = VECTOR ( 'NONE', #9748, 1000.000000000000000 ) ;
#207 = CARTESIAN_POINT ( 'NONE',  ( 2.291287847477920803, 15.00000000000000000, 0.9999999999999991118 ) ) ;
#208 = CARTESIAN_POINT ( 'NONE',  ( 0.000000000000000000, 0.000000000000000000, 0.000000000000000000 ) ) ;
#209 = VECTOR ( 'NONE', #9001, 1000.000000000000000 ) ;
#210 = DIRECTION ( 'NONE',  ( 0.000000000000000000, 1.000000000000000000, 4.430117370400858162E-17 ) ) ;
#211 = ORIENTED_EDGE ( 'NONE', *, *, #1063, .F. ) ;
#212 = ORIENTED_EDGE ( 'NONE', *, *, #1321, .F. ) ;
#213 = CARTESIAN_POINT ( 'NONE',  ( -3.999999999999998224, 0.000000000000000000, -5.850000000000000533 ) ) ;
#214 = ORIENTED_EDGE ( 'NONE', *, *, #1033, .T. ) ;
#215 = ORIENTED_EDGE ( 'NONE', *, *, #4991, .F. ) ;
#216 = CARTESIAN_POINT ( 'NONE',  ( -2.499999999999999556, 0.6999999999999997335, 7.699999999999997513 ) ) ;
#217 = DIRECTION ( 'NONE',  ( 0.000000000000000000, 1.000000000000000000, 2.460132057943349518E-16 ) ) ;
#218 = EDGE_CURVE ( 'NONE', #6701, #6207, #4815, .T. ) ;
#219 = DIRECTION ( 'NONE',  ( 0.9396926207859082059, 0.3420201433256695456, 8.414147190578587988E-17 ) ) ;
#220 = ADVANCED_FACE ( 'NONE', ( #1235 ), #8492, .T. ) ;
#221 = CARTESIAN_POINT ( 'NONE',  ( 3.299999999999999822, 1.100000000000000089, -5.850000000000000533 ) ) ;
#222 = EDGE_CURVE ( 'NONE', #1464, #5072, #4780, .T. ) ;
#223 = LINE ( 'NONE', #1083, #3927 ) ;
#224 = VECTOR ( 'NONE', #4090, 1000.000000000000000 ) ;
#225 = AXIS2_PLACEMENT_3D ( 'NONE', #423, #5451, #1196 ) ;
#226 = DIRECTION ( 'NONE',  ( 1.000000000000000000, 0.000000000000000000, 0.000000000000000000 ) ) ;
#227 = VECTOR ( 'NONE', #2432, 1000.000000000000000 ) ;
#228 = VERTEX_POINT ( 'NONE', #942 ) ;
#229 = CARTESIAN_POINT ( 'NONE',  ( 5.799999999999996270, 4.986986664055304885, 5.000000000000000888 ) ) ;
#230 = ORIENTED_EDGE ( 'NONE', *, *, #6658, .T. ) ;
#231 = ORIENTED_EDGE ( 'NONE', *, *, #1066, .F. ) ;
#232 = ORIENTED_EDGE ( 'NONE', *, *, #1812, .T. ) ;
#233 = DIRECTION ( 'NONE',  ( 0.000000000000000000, 0.000000000000000000, 1.000000000000000000 ) ) ;
#234 = FACE_OUTER_BOUND ( 'NONE', #8074, .T. ) ;
#235 = EDGE_CURVE ( 'NONE', #10157, #10243, #1164, .T. ) ;
#236 = VECTOR ( 'NONE', #1606, 1000.000000000000000 ) ;
#237 = DIRECTION ( 'NONE',  ( 0.000000000000000000, -0.000000000000000000, -1.000000000000000000 ) ) ;
#238 = EDGE_LOOP ( 'NONE', ( #1443, #5105, #1237, #5871 ) ) ;
#239 = EDGE_CURVE ( 'NONE', #3156, #7810, #8293, .T. ) ;
#240 = ADVANCED_FACE ( 'NONE', ( #4910 ), #8928, .T. ) ;
#241 = DIRECTION ( 'NONE',  ( -0.9396926207859082059, -0.3420201433256695456, -6.898957812604546493E-17 ) ) ;
#242 = TOROIDAL_SURFACE ( 'NONE', #5170, 0.4249999999999982681, 0.1499999999999999944 ) ;
#243 = CARTESIAN_POINT ( 'NONE',  ( -5.799999999999996270, 0.5000000000000004441, 3.000000000000000000 ) ) ;
#244 = AXIS2_PLACEMENT_3D ( 'NONE', #8991, #1841, #9870 ) ;
#245 = FACE_OUTER_BOUND ( 'NONE', #3314, .T. ) ;
#246 = ORIENTED_EDGE ( 'NONE', *, *, #8149, .F. ) ;
#247 = DIRECTION ( 'NONE',  ( 0.000000000000000000, 0.000000000000000000, 1.000000000000000000 ) ) ;
#248 = VERTEX_POINT ( 'NONE', #1532 ) ;
#249 = EDGE_LOOP ( 'NONE', ( #9942, #8043, #9917, #3566 ) ) ;
#250 = VECTOR ( 'NONE', #6129, 1000.000000000000000 ) ;
#251 = LINE ( 'NONE', #9897, #3860 ) ;
#252 = CARTESIAN_POINT ( 'NONE',  ( 6.744145861810626030, -2.526248663070268741, 1.000000000000000000 ) ) ;
#253 = DIRECTION ( 'NONE',  ( 0.000000000000000000, 0.000000000000000000, 1.000000000000000000 ) ) ;
#254 = DIRECTION ( 'NONE',  ( 0.000000000000000000, 1.000000000000000000, 0.000000000000000000 ) ) ;
#255 = CARTESIAN_POINT ( 'NONE',  ( 3.880824640740575759, 0.09999999999999990841, 4.500000000000000888 ) ) ;
#256 = CYLINDRICAL_SURFACE ( 'NONE', #7984, 0.1499999999999999667 ) ;
#257 = ORIENTED_EDGE ( 'NONE', *, *, #3476, .F. ) ;
#258 = DIRECTION ( 'NONE',  ( 1.535153518563546084E-16, 1.000000000000000000, 0.000000000000000000 ) ) ;
#259 = EDGE_CURVE ( 'NONE', #446, #9567, #8206, .T. ) ;
#260 = ORIENTED_EDGE ( 'NONE', *, *, #6926, .T. ) ;
#261 = DIRECTION ( 'NONE',  ( 1.000000000000000000, 0.000000000000000000, 0.000000000000000000 ) ) ;
#262 = EDGE_LOOP ( 'NONE', ( #701, #6755, #516, #7531 ) ) ;
#263 = EDGE_CURVE ( 'NONE', #155, #2819, #1134, .T. ) ;
#264 = ORIENTED_EDGE ( 'NONE', *, *, #3419, .F. ) ;
#265 = VERTEX_POINT ( 'NONE', #5061 ) ;
#266 = LINE ( 'NONE', #4522, #7220 ) ;
#267 = DIRECTION ( 'NONE',  ( 0.000000000000000000, -1.000000000000000000, -4.430117370400858162E-17 ) ) ;
#268 = VECTOR ( 'NONE', #6527, 1000.000000000000000 ) ;
#269 = ORIENTED_EDGE ( 'NONE', *, *, #2742, .T. ) ;
#270 = CARTESIAN_POINT ( 'NONE',  ( 0.000000000000000000, 0.000000000000000000, 0.000000000000000000 ) ) ;
#271 = DIRECTION ( 'NONE',  ( 3.614007241618348278E-16, 1.000000000000000000, 4.430117370400858162E-17 ) ) ;
#272 = LINE ( 'NONE', #10003, #3883 ) ;
#273 = DIRECTION ( 'NONE',  ( 0.000000000000000000, 1.000000000000000000, 0.000000000000000000 ) ) ;
#274 = ORIENTED_EDGE ( 'NONE', *, *, #10619, .T. ) ;
#275 = VECTOR ( 'NONE', #7879, 1000.000000000000000 ) ;
#276 = EDGE_CURVE ( 'NONE', #5420, #2921, #1201, .T. ) ;
#277 = ORIENTED_EDGE ( 'NONE', *, *, #9896, .T. ) ;
#278 = DIRECTION ( 'NONE',  ( 0.000000000000000000, 1.000000000000000000, 0.000000000000000000 ) ) ;
#279 = ADVANCED_FACE ( 'NONE', ( #1290 ), #69, .F. ) ;
#280 = ORIENTED_EDGE ( 'NONE', *, *, #5292, .F. ) ;
#281 = DIRECTION ( 'NONE',  ( -1.000000000000000000, 0.000000000000000000, 0.000000000000000000 ) ) ;
#282 = AXIS2_PLACEMENT_3D ( 'NONE', #1774, #1625, #3353 ) ;
#283 = PLANE ( 'NONE',  #3062 ) ;
#284 = CARTESIAN_POINT ( 'NONE',  ( 3.299999999999999822, 2.999999999999998224, 6.349999999999997868 ) ) ;
#285 = FACE_OUTER_BOUND ( 'NONE', #6634, .T. ) ;
#286 = DIRECTION ( 'NONE',  ( -0.000000000000000000, -1.000000000000000000, -0.000000000000000000 ) ) ;
#287 = DIRECTION ( 'NONE',  ( -1.000000000000000000, 0.000000000000000000, 0.000000000000000000 ) ) ;
#288 = LINE ( 'NONE', #6686, #3880 ) ;
#289 = ORIENTED_EDGE ( 'NONE', *, *, #324, .T. ) ;
#290 = LINE ( 'NONE', #720, #7243 ) ;
#291 = CARTESIAN_POINT ( 'NONE',  ( 5.049999999999997158, 0.1000000000000001721, -2.000000000000000000 ) ) ;
#292 = VECTOR ( 'NONE', #9483, 1000.000000000000000 ) ;
#293 = VERTEX_POINT ( 'NONE', #5135 ) ;
#294 = VERTEX_POINT ( 'NONE', #922 ) ;
#295 = ORIENTED_EDGE ( 'NONE', *, *, #8234, .F. ) ;
#296 = DIRECTION ( 'NONE',  ( 0.000000000000000000, 0.000000000000000000, 1.000000000000000000 ) ) ;
#297 = EDGE_CURVE ( 'NONE', #5043, #7908, #4895, .T. ) ;
#298 = ADVANCED_FACE ( 'NONE', ( #1424 ), #1674, .F. ) ;
#299 = VECTOR ( 'NONE', #9686, 999.9999999999998863 ) ;
#300 = EDGE_CURVE ( 'NONE', #8529, #9752, #1335, .T. ) ;
#301 = ORIENTED_EDGE ( 'NONE', *, *, #8052, .T. ) ;
#302 = AXIS2_PLACEMENT_3D ( 'NONE', #2927, #1217, #5253 ) ;
#303 = CARTESIAN_POINT ( 'NONE',  ( -4.549999999999997158, 1.000000000000000000, -5.850000000000000533 ) ) ;
#304 = VECTOR ( 'NONE', #4650, 999.9999999999998863 ) ;
#305 = DIRECTION ( 'NONE',  ( -0.7660444431189813441, 0.6427876096865353661, 0.000000000000000000 ) ) ;
#306 = EDGE_CURVE ( 'NONE', #5528, #5880, #4973, .T. ) ;
#307 = CIRCLE ( 'NONE', #6908, 0.5749999999999999556 ) ;
#308 = AXIS2_PLACEMENT_3D ( 'NONE', #8021, #2218, #643 ) ;
#309 = CARTESIAN_POINT ( 'NONE',  ( -1.699999999999999956, 1.100000000000000089, -5.850000000000000533 ) ) ;
#310 = VERTEX_POINT ( 'NONE', #8230 ) ;
#311 = ORIENTED_EDGE ( 'NONE', *, *, #7127, .T. ) ;
#312 = VECTOR ( 'NONE', #507, 1000.000000000000000 ) ;
#313 = DIRECTION ( 'NONE',  ( 0.000000000000000000, 0.000000000000000000, -1.000000000000000000 ) ) ;
#314 = B_SPLINE_CURVE_WITH_KNOTS ( 'NONE', 3,
 ( #207, #1043, #3859, #8488 ),
 .UNSPECIFIED., .F., .F.,
 ( 4, 4 ),
 ( 0.000000000000000000, 0.0007707912170032453969 ),
 .UNSPECIFIED. ) ;
#315 = CARTESIAN_POINT ( 'NONE',  ( 4.250000000000000000, 6.700000000000000178, 5.674999999999998046 ) ) ;
#316 = LINE ( 'NONE', #5328, #7462 ) ;
#317 = EDGE_LOOP ( 'NONE', ( #5084, #3365, #1859, #5428 ) ) ;
#318 = CARTESIAN_POINT ( 'NONE',  ( -1.699999999999999956, 1.100000000000000089, -5.850000000000000533 ) ) ;
#319 = ADVANCED_FACE ( 'NONE', ( #8510 ), #8899, .T. ) ;
#320 = AXIS2_PLACEMENT_3D ( 'NONE', #2240, #865, #9525 ) ;
#321 = FACE_OUTER_BOUND ( 'NONE', #6277, .T. ) ;
#322 = DIRECTION ( 'NONE',  ( -1.000000000000000000, -0.000000000000000000, -0.000000000000000000 ) ) ;
#323 = CARTESIAN_POINT ( 'NONE',  ( -5.699999999999998401, 0.6000000000000007550, 3.000000000000000444 ) ) ;
#324 = EDGE_CURVE ( 'NONE', #5230, #4267, #4725, .T. ) ;
#325 = DIRECTION ( 'NONE',  ( 1.000000000000000000, 0.000000000000000000, -0.000000000000000000 ) ) ;
#326 = ORIENTED_EDGE ( 'NONE', *, *, #9735, .F. ) ;
#327 = ORIENTED_EDGE ( 'NONE', *, *, #2283, .F. ) ;
#328 = AXIS2_PLACEMENT_3D ( 'NONE', #8071, #8866, #4069 ) ;
#329 = FACE_OUTER_BOUND ( 'NONE', #3023, .T. ) ;
#330 = LINE ( 'NONE', #2332, #268 ) ;
#331 = ORIENTED_EDGE ( 'NONE', *, *, #3123, .T. ) ;
#332 = CARTESIAN_POINT ( 'NONE',  ( 5.750000000000000000, 6.100000000000000533, 6.700000000000000178 ) ) ;
#333 = EDGE_CURVE ( 'NONE', #4864, #2123, #1305, .T. ) ;
#334 = CARTESIAN_POINT ( 'NONE',  ( -2.449293598294707462E-17, -2.500000000000000000, 7.549999999999999822 ) ) ;
#335 = CARTESIAN_POINT ( 'NONE',  ( 4.336808689942017736E-16, 0.6999999999999997335, 7.699999999999997513 ) ) ;
#336 = FACE_OUTER_BOUND ( 'NONE', #9307, .T. ) ;
#337 = DIRECTION ( 'NONE',  ( -1.000000000000000000, 0.000000000000000000, 0.000000000000000000 ) ) ;
#338 = EDGE_CURVE ( 'NONE', #7925, #488, #4925, .T. ) ;
#339 = ORIENTED_EDGE ( 'NONE', *, *, #7063, .F. ) ;
#340 = DIRECTION ( 'NONE',  ( 1.327027319204863784E-16, -1.000000000000000000, 0.000000000000000000 ) ) ;
#341 = ORIENTED_EDGE ( 'NONE', *, *, #8032, .F. ) ;
#342 = DIRECTION ( 'NONE',  ( 0.000000000000000000, 2.460132057943349518E-16, -1.000000000000000000 ) ) ;
#343 = TOROIDAL_SURFACE ( 'NONE', #9904, 0.05000000000000075218, 0.1499999999999999944 ) ;
#344 = DIRECTION ( 'NONE',  ( -1.000000000000000000, 0.000000000000000000, 0.000000000000000000 ) ) ;
#345 = AXIS2_PLACEMENT_3D ( 'NONE', #4919, #7594, #261 ) ;
#346 = DIRECTION ( 'NONE',  ( 0.000000000000000000, 1.000000000000000000, 0.000000000000000000 ) ) ;
#347 = DIRECTION ( 'NONE',  ( 0.000000000000000000, 0.000000000000000000, -1.000000000000000000 ) ) ;
#348 = LINE ( 'NONE', #8906, #7344 ) ;
#349 = CIRCLE ( 'NONE', #6093, 0.5999999999999989786 ) ;
#350 = CARTESIAN_POINT ( 'NONE',  ( -2.542012759203106320, 0.1000000000000001721, -2.000000000000000000 ) ) ;
#351 = VECTOR ( 'NONE', #5234, 1000.000000000000000 ) ;
#352 = EDGE_CURVE ( 'NONE', #2012, #5528, #8526, .T. ) ;
#353 = ADVANCED_FACE ( 'NONE', ( #8462 ), #3593, .T. ) ;
#354 = ORIENTED_EDGE ( 'NONE', *, *, #4570, .F. ) ;
#355 = DIRECTION ( 'NONE',  ( 0.000000000000000000, 1.000000000000000000, 0.000000000000000000 ) ) ;
#356 = EDGE_CURVE ( 'NONE', #9793, #8934, #8479, .T. ) ;
#357 = DIRECTION ( 'NONE',  ( -0.000000000000000000, -0.000000000000000000, -1.000000000000000000 ) ) ;
#358 = FACE_OUTER_BOUND ( 'NONE', #832, .T. ) ;
#359 = AXIS2_PLACEMENT_3D ( 'NONE', #5603, #1589, #56 ) ;
#360 = CYLINDRICAL_SURFACE ( 'NONE', #6774, 0.2999999999999999334 ) ;
#361 = CARTESIAN_POINT ( 'NONE',  ( 5.049999999999997158, 0.000000000000000000, -4.500000000000000000 ) ) ;
#362 = DIRECTION ( 'NONE',  ( 0.7071067811865493491, 0.000000000000000000, 0.7071067811865456854 ) ) ;
#363 = VECTOR ( 'NONE', #1811, 1000.000000000000000 ) ;
#364 = CARTESIAN_POINT ( 'NONE',  ( 6.236169591142200375, -0.7547152872702095339, 1.000000000000000000 ) ) ;
#365 = VECTOR ( 'NONE', #8330, 1000.000000000000000 ) ;
#366 = ORIENTED_EDGE ( 'NONE', *, *, #6832, .F. ) ;
#367 = FACE_OUTER_BOUND ( 'NONE', #4898, .T. ) ;
#368 = CARTESIAN_POINT ( 'NONE',  ( 2.100000000000000089, -3.099999999999998312, -6.200000000000001954 ) ) ;
#369 = UNCERTAINTY_MEASURE_WITH_UNIT (LENGTH_MEASURE( 1.000000000000000082E-05 ), #2863, 'distance_accuracy_value', 'NONE');
#370 = EDGE_CURVE ( 'NONE', #8771, #9510, #1318, .T. ) ;
#371 = ADVANCED_FACE ( 'NONE', ( #8188 ), #993, .T. ) ;
#372 = CARTESIAN_POINT ( 'NONE',  ( -2.499999999999999556, 0.1000000000000016848, -7.050000000000001599 ) ) ;
#373 = CARTESIAN_POINT ( 'NONE',  ( 2.700000000000001510, 0.6999999999999992895, 7.549999999999999822 ) ) ;
#374 = DIRECTION ( 'NONE',  ( -0.000000000000000000, 0.7071067811865460184, 0.7071067811865490160 ) ) ;
#375 = LINE ( 'NONE', #2015, #3792 ) ;
#376 = ORIENTED_EDGE ( 'NONE', *, *, #4946, .F. ) ;
#377 = DIRECTION ( 'NONE',  ( 0.000000000000000000, -1.000000000000000000, 0.000000000000000000 ) ) ;
#378 = AXIS2_PLACEMENT_3D ( 'NONE', #5647, #4065, #10550 ) ;
#379 = VECTOR ( 'NONE', #5976, 1000.000000000000000 ) ;
#380 = CARTESIAN_POINT ( 'NONE',  ( 3.299999999999999822, 2.949999999999998845, 7.249999999999999112 ) ) ;
#381 = CARTESIAN_POINT ( 'NONE',  ( -5.599999999999996092, 5.700000000000000178, 6.400000000000000355 ) ) ;
#382 = VECTOR ( 'NONE', #549, 1000.000000000000000 ) ;
#383 = CARTESIAN_POINT ( 'NONE',  ( -5.049999999999997158, 2.128355624055937206E-16, -5.350000000000001421 ) ) ;
#384 = PLANE ( 'NONE',  #2525 ) ;
#385 = PLANE ( 'NONE',  #9758 ) ;
#386 = STYLED_ITEM ( 'NONE', ( #4146 ), #4621 ) ;
#387 = CARTESIAN_POINT ( 'NONE',  ( -5.750000000000000000, 6.100000000000000533, 6.700000000000000178 ) ) ;
#388 = VERTEX_POINT ( 'NONE', #1205 ) ;
#389 = LINE ( 'NONE', #8030, #7255 ) ;
#390 = ORIENTED_EDGE ( 'NONE', *, *, #4489, .F. ) ;
#391 = VECTOR ( 'NONE', #8759, 1000.000000000000000 ) ;
#392 = VERTEX_POINT ( 'NONE', #8597 ) ;
#393 = CARTESIAN_POINT ( 'NONE',  ( -2.900000000000000355, 0.3544119062935203179, -6.200000000000001954 ) ) ;
#394 = ADVANCED_FACE ( 'NONE', ( #1184 ), #1149, .T. ) ;
#395 = CARTESIAN_POINT ( 'NONE',  ( -2.449999999999999734, -2.299999999999999822, 7.549999999999998046 ) ) ;
#396 = AXIS2_PLACEMENT_3D ( 'NONE', #5837, #10013, #3468 ) ;
#397 = PLANE ( 'NONE',  #4892 ) ;
#398 = CARTESIAN_POINT ( 'NONE',  ( 0.000000000000000000, 2.100000000000000089, 1.000000000000000000 ) ) ;
#399 = CIRCLE ( 'NONE', #8697, 0.5749999999999982903 ) ;
#400 = CARTESIAN_POINT ( 'NONE',  ( 4.250000000000000000, 6.550000000000000711, -5.099999999999999645 ) ) ;
#401 = VERTEX_POINT ( 'NONE', #4856 ) ;
#402 = CARTESIAN_POINT ( 'NONE',  ( -5.799999999999996270, 2.399999999999999023, -4.499999999999997335 ) ) ;
#403 = ORIENTED_EDGE ( 'NONE', *, *, #3444, .F. ) ;
#404 = EDGE_CURVE ( 'NONE', #6242, #1845, #8692, .T. ) ;
#405 = FACE_OUTER_BOUND ( 'NONE', #6321, .T. ) ;
#406 = CARTESIAN_POINT ( 'NONE',  ( -4.250000000000000000, 6.550000000000000711, 5.099999999999999645 ) ) ;
#407 = LINE ( 'NONE', #9366, #7390 ) ;
#408 = DIRECTION ( 'NONE',  ( 0.000000000000000000, 1.000000000000000000, 2.460132057943349518E-16 ) ) ;
#409 = CLOSED_SHELL ( 'NONE', ( #1991, #709, #10265, #7672, #49, #8319, #6290, #4237, #557, #9162, #619, #10551, #2302, #3435, #1094, #3977, #1117, #3150, #4456, #6890, #10607 ) ) ;
#410 = DIRECTION ( 'NONE',  ( 1.000000000000000000, 0.000000000000000000, 0.000000000000000000 ) ) ;
#411 = LINE ( 'NONE', #7661, #3752 ) ;
#412 = VERTEX_POINT ( 'NONE', #7464 ) ;
#413 = VECTOR ( 'NONE', #4920, 1000.000000000000000 ) ;
#414 = CARTESIAN_POINT ( 'NONE',  ( 3.299999999999999822, 1.100000000000000089, -5.850000000000000533 ) ) ;
#415 = CARTESIAN_POINT ( 'NONE',  ( -3.850000000000000089, 4.986986664055304885, 5.850000000000000533 ) ) ;
#416 = EDGE_CURVE ( 'NONE', #3956, #5194, #8747, .T. ) ;
#417 = LINE ( 'NONE', #5791, #209 ) ;
#418 = AXIS2_PLACEMENT_3D ( 'NONE', #7989, #1546, #8768 ) ;
#419 = ORIENTED_EDGE ( 'NONE', *, *, #10080, .F. ) ;
#420 = AXIS2_PLACEMENT_3D ( 'NONE', #4569, #6233, #6993 ) ;
#421 = DIRECTION ( 'NONE',  ( -1.000000000000000000, 0.000000000000000000, 0.000000000000000000 ) ) ;
#422 = CARTESIAN_POINT ( 'NONE',  ( -4.250000000000000000, 6.700000000000000178, -5.099999999999999645 ) ) ;
#423 = CARTESIAN_POINT ( 'NONE',  ( 2.500000000000000000, -2.299999999999998046, -7.200000000000001066 ) ) ;
#424 = EDGE_CURVE ( 'NONE', #8109, #3744, #8769, .T. ) ;
#425 = VERTEX_POINT ( 'NONE', #3240 ) ;
#426 = CYLINDRICAL_SURFACE ( 'NONE', #2159, 0.04999999999999969746 ) ;
#427 = VECTOR ( 'NONE', #4313, 1000.000000000000000 ) ;
#428 = CARTESIAN_POINT ( 'NONE',  ( -5.049999999999998046, 2.400000000000000355, -5.350000000000001421 ) ) ;
#429 = VERTEX_POINT ( 'NONE', #4987 ) ;
#430 = AXIS2_PLACEMENT_3D ( 'NONE', #690, #9552, #7815 ) ;
#431 = DIRECTION ( 'NONE',  ( 0.000000000000000000, -2.460132057943349518E-16, 1.000000000000000000 ) ) ;
#432 = DIRECTION ( 'NONE',  ( -1.000000000000000000, 0.000000000000000000, 0.000000000000000000 ) ) ;
#433 = CARTESIAN_POINT ( 'NONE',  ( 3.299999999999999822, 1.099999999999999867, -6.750000000000001776 ) ) ;
#434 = VECTOR ( 'NONE', #9067, 1000.000000000000114 ) ;
#435 = ADVANCED_FACE ( 'NONE', ( #8818 ), #6752, .T. ) ;
#436 = ORIENTED_EDGE ( 'NONE', *, *, #8261, .F. ) ;
#437 = VERTEX_POINT ( 'NONE', #5829 ) ;
#438 = ORIENTED_EDGE ( 'NONE', *, *, #2079, .T. ) ;
#439 = EDGE_LOOP ( 'NONE', ( #8646, #9944, #10068, #339 ) ) ;
#440 = VERTEX_POINT ( 'NONE', #1735 ) ;
#441 = CARTESIAN_POINT ( 'NONE',  ( -2.500000000000000000, -2.299999999999998046, -7.050000000000000711 ) ) ;
#442 = CIRCLE ( 'NONE', #3916, 0.1499999999999999667 ) ;
#443 = CARTESIAN_POINT ( 'NONE',  ( 0.000000000000000000, 3.100000000000000089, 4.500000000000000888 ) ) ;
#444 = DIRECTION ( 'NONE',  ( 0.000000000000000000, 8.673617379883880855E-15, 1.000000000000000000 ) ) ;
#445 = CYLINDRICAL_SURFACE ( 'NONE', #430, 0.5999999999999989786 ) ;
#446 = VERTEX_POINT ( 'NONE', #9034 ) ;
#447 = DIRECTION ( 'NONE',  ( -1.000000000000000000, -1.327027319204863784E-16, 0.000000000000000000 ) ) ;
#448 = LINE ( 'NONE', #1088, #7619 ) ;
#449 = AXIS2_PLACEMENT_3D ( 'NONE', #4596, #8904, #2011 ) ;
#450 = DIRECTION ( 'NONE',  ( -0.3420201433256695456, 0.9396926207859082059, 4.162948602181157199E-17 ) ) ;
#451 = PLANE ( 'NONE',  #5554 ) ;
#452 = VECTOR ( 'NONE', #2575, 1000.000000000000000 ) ;
#453 = CARTESIAN_POINT ( 'NONE',  ( -6.599999999999997868, -2.034757436496875016, -1.000000000000000000 ) ) ;
#454 = PLANE ( 'NONE',  #8782 ) ;
#455 = DIRECTION ( 'NONE',  ( -0.000000000000000000, 0.000000000000000000, -1.000000000000000000 ) ) ;
#456 = CARTESIAN_POINT ( 'NONE',  ( -4.549999999999997158, 0.000000000000000000, -5.850000000000000533 ) ) ;
#457 = ORIENTED_EDGE ( 'NONE', *, *, #8937, .F. ) ;
#458 = DIRECTION ( 'NONE',  ( -0.7660444431189813441, -0.6427876096865353661, 0.000000000000000000 ) ) ;
#459 = EDGE_LOOP ( 'NONE', ( #10340, #10517, #5476, #3237 ) ) ;
#460 = EDGE_LOOP ( 'NONE', ( #7357, #2739, #1580, #2857 ) ) ;
#461 = MANIFOLD_SOLID_BREP ( 'Combine6', #1669 ) ;
#462 = ORIENTED_EDGE ( 'NONE', *, *, #8807, .F. ) ;
#463 = ADVANCED_FACE ( 'NONE', ( #5362 ), #1699, .T. ) ;
#464 = EDGE_CURVE ( 'NONE', #4353, #5329, #1809, .T. ) ;
#465 = FACE_OUTER_BOUND ( 'NONE', #3396, .T. ) ;
#466 = CIRCLE ( 'NONE', #5462, 0.1499999999999999667 ) ;
#467 = ORIENTED_EDGE ( 'NONE', *, *, #7584, .T. ) ;
#468 = DIRECTION ( 'NONE',  ( 1.807003620809174632E-16, -1.000000000000000000, -1.807003620809174632E-16 ) ) ;
#469 = LINE ( 'NONE', #7029, #7670 ) ;
#470 = DIRECTION ( 'NONE',  ( 0.000000000000000000, 1.000000000000000000, 0.000000000000000000 ) ) ;
#471 = AXIS2_PLACEMENT_3D ( 'NONE', #788, #1522, #2391 ) ;
#472 = VECTOR ( 'NONE', #9706, 1000.000000000000000 ) ;
#473 = CARTESIAN_POINT ( 'NONE',  ( 6.200000000000000178, 0.000000000000000000, 1.000000000000000000 ) ) ;
#474 = ORIENTED_EDGE ( 'NONE', *, *, #7790, .F. ) ;
#475 = CARTESIAN_POINT ( 'NONE',  ( 0.000000000000000000, -2.299999999999999822, 7.699999999999997513 ) ) ;
#476 = ORIENTED_EDGE ( 'NONE', *, *, #2619, .T. ) ;
#477 = ORIENTED_EDGE ( 'NONE', *, *, #5141, .T. ) ;
#478 = VERTEX_POINT ( 'NONE', #4387 ) ;
#479 = DIRECTION ( 'NONE',  ( -1.807003620809174139E-16, 1.000000000000000000, 3.614007241618348278E-16 ) ) ;
#480 = CARTESIAN_POINT ( 'NONE',  ( 3.299999999999999822, 3.249999999999998668, 6.349999999999997868 ) ) ;
#481 = CARTESIAN_POINT ( 'NONE',  ( -6.649821042359578429E-17, 0.4999999999999993339, 0.000000000000000000 ) ) ;
#482 = ORIENTED_EDGE ( 'NONE', *, *, #10431, .T. ) ;
#483 = VECTOR ( 'NONE', #3378, 1000.000000000000000 ) ;
#484 = DIRECTION ( 'NONE',  ( -1.000000000000000000, -0.000000000000000000, 0.000000000000000000 ) ) ;
#485 = PLANE ( 'NONE',  #7348 ) ;
#486 = LINE ( 'NONE', #5352, #4046 ) ;
#487 = EDGE_CURVE ( 'NONE', #8728, #2588, #5057, .T. ) ;
#488 = VERTEX_POINT ( 'NONE', #140 ) ;
#489 = ADVANCED_FACE ( 'NONE', ( #5095 ), #8636, .T. ) ;
#490 = DIRECTION ( 'NONE',  ( -0.000000000000000000, -0.000000000000000000, -1.000000000000000000 ) ) ;
#491 = DIRECTION ( 'NONE',  ( -1.000000000000000000, 0.000000000000000000, -0.000000000000000000 ) ) ;
#492 = EDGE_CURVE ( 'NONE', #2261, #10586, #5171, .T. ) ;
#493 = LINE ( 'NONE', #8142, #7639 ) ;
#494 = AXIS2_PLACEMENT_3D ( 'NONE', #7162, #7214, #7866 ) ;
#495 = EDGE_LOOP ( 'NONE', ( #7675, #8779, #6022, #2715 ) ) ;
#496 = DIRECTION ( 'NONE',  ( 0.9396926207859082059, -0.3420201433256695456, -8.414147190578587988E-17 ) ) ;
#497 = ORIENTED_EDGE ( 'NONE', *, *, #7081, .F. ) ;
#498 = ORIENTED_EDGE ( 'NONE', *, *, #9464, .F. ) ;
#499 = DIRECTION ( 'NONE',  ( 0.000000000000000000, 1.000000000000000000, 0.000000000000000000 ) ) ;
#500 = ORIENTED_EDGE ( 'NONE', *, *, #5070, .F. ) ;
#501 = CIRCLE ( 'NONE', #4403, 0.04999999999999883010 ) ;
#502 = VECTOR ( 'NONE', #8560, 1000.000000000000000 ) ;
#503 = DIRECTION ( 'NONE',  ( 1.341711765540131426E-16, 1.000000000000000000, -0.000000000000000000 ) ) ;
#504 = EDGE_LOOP ( 'NONE', ( #7100, #122, #2102, #3368, #1871, #7201, #10588, #4164 ) ) ;
#505 = CARTESIAN_POINT ( 'NONE',  ( 5.499999999999996447, 5.500000000000000888, -6.400000000000000355 ) ) ;
#506 = LINE ( 'NONE', #9999, #914 ) ;
#507 = DIRECTION ( 'NONE',  ( 0.000000000000000000, 1.000000000000000000, 0.000000000000000000 ) ) ;
#508 = FACE_OUTER_BOUND ( 'NONE', #5637, .T. ) ;
#509 = EDGE_CURVE ( 'NONE', #8376, #7553, #5668, .T. ) ;
#510 = ORIENTED_EDGE ( 'NONE', *, *, #10408, .T. ) ;
#511 = ORIENTED_EDGE ( 'NONE', *, *, #492, .T. ) ;
#512 = ORIENTED_EDGE ( 'NONE', *, *, #8388, .F. ) ;
#513 = AXIS2_PLACEMENT_3D ( 'NONE', #913, #8225, #3825 ) ;
#514 = ORIENTED_EDGE ( 'NONE', *, *, #3740, .F. ) ;
#515 = VECTOR ( 'NONE', #4553, 1000.000000000000000 ) ;
#516 = ORIENTED_EDGE ( 'NONE', *, *, #10349, .F. ) ;
#517 = CARTESIAN_POINT ( 'NONE',  ( -6.649821042359578429E-17, 0.4999999999999993339, 0.000000000000000000 ) ) ;
#518 = CARTESIAN_POINT ( 'NONE',  ( -5.908508773426603966, -0.9841458618106281309, -1.000000000000000000 ) ) ;
#519 = CIRCLE ( 'NONE', #2738, 0.2000000000000000944 ) ;
#520 = CARTESIAN_POINT ( 'NONE',  ( -5.750000000000000000, 5.650000000000001243, -5.250000000000000000 ) ) ;
#521 = CARTESIAN_POINT ( 'NONE',  ( -4.250000000000000000, 6.100000000000000533, 5.099999999999999645 ) ) ;
#522 = VECTOR ( 'NONE', #4499, 999.9999999999998863 ) ;
#523 = DIRECTION ( 'NONE',  ( 1.535153518563545837E-16, -1.000000000000000000, 0.000000000000000000 ) ) ;
#524 = ORIENTED_EDGE ( 'NONE', *, *, #10249, .F. ) ;
#525 = CARTESIAN_POINT ( 'NONE',  ( -6.399999999999998579, -2.034757436496875016, -1.000000000000000000 ) ) ;
#526 = CARTESIAN_POINT ( 'NONE',  ( -1.699999999999999956, 0.7999999999999982681, 7.549999999999999822 ) ) ;
#527 = PLANE ( 'NONE',  #10513 ) ;
#528 = CYLINDRICAL_SURFACE ( 'NONE', #282, 0.2999999999999999334 ) ;
#529 =( NAMED_UNIT ( * ) PLANE_ANGLE_UNIT ( ) SI_UNIT ( $, .RADIAN. ) );
#530 = CARTESIAN_POINT ( 'NONE',  ( 5.049999999999997158, 0.1000000000000001721, -2.000000000000000000 ) ) ;
#531 = DIRECTION ( 'NONE',  ( 0.000000000000000000, 0.000000000000000000, 1.000000000000000000 ) ) ;
#532 = DIRECTION ( 'NONE',  ( -0.000000000000000000, -1.000000000000000000, -0.000000000000000000 ) ) ;
#533 = EDGE_CURVE ( 'NONE', #4251, #10338, #5436, .T. ) ;
#534 = ADVANCED_FACE ( 'NONE', ( #1904 ), #2393, .F. ) ;
#535 = VERTEX_POINT ( 'NONE', #120 ) ;
#536 = CARTESIAN_POINT ( 'NONE',  ( 3.299999999999999822, 1.099999999999998535, 6.349999999999997868 ) ) ;
#537 = VERTEX_POINT ( 'NONE', #8091 ) ;
#538 = VERTEX_POINT ( 'NONE', #5606 ) ;
#539 = AXIS2_PLACEMENT_3D ( 'NONE', #8674, #7146, #660 ) ;
#540 = EDGE_LOOP ( 'NONE', ( #3166, #5585, #10462, #5822, #5300 ) ) ;
#541 = VECTOR ( 'NONE', #8876, 1000.000000000000114 ) ;
#542 = SURFACE_STYLE_FILL_AREA ( #6300 ) ;
#543 = EDGE_CURVE ( 'NONE', #8212, #7854, #1985, .T. ) ;
#544 = EDGE_LOOP ( 'NONE', ( #4056, #3016, #7946, #8865 ) ) ;
#545 = PLANE ( 'NONE',  #1128 ) ;
#546 = DIRECTION ( 'NONE',  ( -1.535153518563545837E-16, -1.000000000000000000, 0.000000000000000000 ) ) ;
#547 = EDGE_CURVE ( 'NONE', #4408, #425, #8950, .T. ) ;
#548 = DIRECTION ( 'NONE',  ( -1.000000000000000000, 0.000000000000000000, 0.000000000000000000 ) ) ;
#549 = DIRECTION ( 'NONE',  ( 0.000000000000000000, 0.000000000000000000, 1.000000000000000000 ) ) ;
#550 = CARTESIAN_POINT ( 'NONE',  ( -3.880824640740575759, 0.09999999999999990841, -4.499999999999997335 ) ) ;
#551 = VERTEX_POINT ( 'NONE', #8417 ) ;
#552 = CARTESIAN_POINT ( 'NONE',  ( 3.999999999999998224, 0.000000000000000000, 5.850000000000000533 ) ) ;
#553 = EDGE_LOOP ( 'NONE', ( #2685, #5932, #5221, #9199, #5645 ) ) ;
#554 = VERTEX_POINT ( 'NONE', #7802 ) ;
#555 = DIRECTION ( 'NONE',  ( 0.000000000000000000, -1.000000000000000000, 0.000000000000000000 ) ) ;
#556 = EDGE_LOOP ( 'NONE', ( #3279, #3069, #390, #10024 ) ) ;
#557 = ADVANCED_FACE ( 'NONE', ( #9224 ), #8618, .F. ) ;
#558 = FACE_OUTER_BOUND ( 'NONE', #150, .T. ) ;
#559 = CARTESIAN_POINT ( 'NONE',  ( -4.549999999999997158, 0.000000000000000000, 5.850000000000000533 ) ) ;
#560 = FACE_OUTER_BOUND ( 'NONE', #2165, .T. ) ;
#561 = ORIENTED_EDGE ( 'NONE', *, *, #6574, .T. ) ;
#562 = AXIS2_PLACEMENT_3D ( 'NONE', #4880, #5695, #2177 ) ;
#563 = AXIS2_PLACEMENT_3D ( 'NONE', #1024, #4290, #9228 ) ;
#564 = VECTOR ( 'NONE', #1543, 1000.000000000000000 ) ;
#565 = CARTESIAN_POINT ( 'NONE',  ( 6.563830408857795895, -1.920042149226665718, 1.000000000000000000 ) ) ;
#566 = CARTESIAN_POINT ( 'NONE',  ( -2.500000000000000000, -2.299999999999999822, 7.699999999999997513 ) ) ;
#567 = EDGE_CURVE ( 'NONE', #9589, #3676, #1921, .T. ) ;
#568 = ORIENTED_EDGE ( 'NONE', *, *, #5431, .T. ) ;
#569 = PLANE ( 'NONE',  #9932 ) ;
#570 = ORIENTED_EDGE ( 'NONE', *, *, #6086, .F. ) ;
#571 = ORIENTED_EDGE ( 'NONE', *, *, #3560, .F. ) ;
#572 = AXIS2_PLACEMENT_3D ( 'NONE', #3151, #4709, #8584 ) ;
#573 = EDGE_LOOP ( 'NONE', ( #623, #8093, #2663, #750 ) ) ;
#574 = LINE ( 'NONE', #2034, #250 ) ;
#575 = CARTESIAN_POINT ( 'NONE',  ( -0.7999999999999999334, 1.099999999999998535, 6.349999999999997868 ) ) ;
#576 = PLANE ( 'NONE',  #2468 ) ;
#577 = ORIENTED_EDGE ( 'NONE', *, *, #547, .F. ) ;
#578 = CIRCLE ( 'NONE', #8081, 0.2000000000000007327 ) ;
#579 = VECTOR ( 'NONE', #5845, 1000.000000000000000 ) ;
#580 = ADVANCED_FACE ( 'NONE', ( #1933 ), #385, .F. ) ;
#581 = DIRECTION ( 'NONE',  ( 0.000000000000000000, 1.000000000000000000, 0.000000000000000000 ) ) ;
#582 = VECTOR ( 'NONE', #3116, 1000.000000000000000 ) ;
#583 = DIRECTION ( 'NONE',  ( 0.000000000000000000, 1.000000000000000000, 0.000000000000000000 ) ) ;
#584 = ORIENTED_EDGE ( 'NONE', *, *, #799, .T. ) ;
#585 = VERTEX_POINT ( 'NONE', #5338 ) ;
#586 = ORIENTED_EDGE ( 'NONE', *, *, #9249, .F. ) ;
#587 = EDGE_LOOP ( 'NONE', ( #3289, #8260, #891, #3063 ) ) ;
#588 = DIRECTION ( 'NONE',  ( -1.000000000000000000, 0.000000000000000000, 0.000000000000000000 ) ) ;
#589 = AXIS2_PLACEMENT_3D ( 'NONE', #2570, #3356, #8853 ) ;
#590 = ORIENTED_EDGE ( 'NONE', *, *, #297, .T. ) ;
#591 = CIRCLE ( 'NONE', #6328, 0.1999999999999996503 ) ;
#592 = ADVANCED_FACE ( 'NONE', ( #9172 ), #2132, .T. ) ;
#593 = DIRECTION ( 'NONE',  ( 0.8191520442889909104, 0.5735764363510473807, 0.000000000000000000 ) ) ;
#594 = VECTOR ( 'NONE', #7681, 1000.000000000000000 ) ;
#595 = CARTESIAN_POINT ( 'NONE',  ( -2.900000000000000355, 2.504411906293519507, 7.549999999999999822 ) ) ;
#596 = CARTESIAN_POINT ( 'NONE',  ( -3.880824640740575759, 0.09999999999999990841, -2.599999999999997424 ) ) ;
#597 = DIRECTION ( 'NONE',  ( 0.000000000000000000, 1.000000000000000000, 2.460132057943349518E-16 ) ) ;
#598 = LINE ( 'NONE', #9534, #670 ) ;
#599 = CARTESIAN_POINT ( 'NONE',  ( -3.880824640740575759, 1.249999999999998446, -3.750000000000003553 ) ) ;
#600 = DIRECTION ( 'NONE',  ( 0.000000000000000000, 0.000000000000000000, 1.000000000000000000 ) ) ;
#601 = CARTESIAN_POINT ( 'NONE',  ( -3.880824640740575759, 0.09999999999999990841, -4.499999999999997335 ) ) ;
#602 = EDGE_CURVE ( 'NONE', #7387, #8340, #9243, .T. ) ;
#603 = FILL_AREA_STYLE_COLOUR ( '', #10197 ) ;
#604 = ORIENTED_EDGE ( 'NONE', *, *, #3836, .F. ) ;
#605 = ORIENTED_EDGE ( 'NONE', *, *, #7575, .F. ) ;
#606 = ORIENTED_EDGE ( 'NONE', *, *, #10589, .F. ) ;
#607 = EDGE_CURVE ( 'NONE', #5031, #10528, #5562, .T. ) ;
#608 = VERTEX_POINT ( 'NONE', #7097 ) ;
#609 = ORIENTED_EDGE ( 'NONE', *, *, #259, .T. ) ;
#610 = LINE ( 'NONE', #8211, #702 ) ;
#611 = AXIS2_PLACEMENT_3D ( 'NONE', #4344, #1497, #4404 ) ;
#612 = FACE_OUTER_BOUND ( 'NONE', #173, .T. ) ;
#613 = CARTESIAN_POINT ( 'NONE',  ( 5.049999999999998046, 1.000000000000000000, -4.500000000000000888 ) ) ;
#614 = FACE_OUTER_BOUND ( 'NONE', #6493, .T. ) ;
#615 = CARTESIAN_POINT ( 'NONE',  ( 3.880824640740575759, 1.249999999999998446, -3.750000000000003553 ) ) ;
#616 = DIRECTION ( 'NONE',  ( 0.000000000000000000, 0.000000000000000000, 1.000000000000000000 ) ) ;
#617 = DIRECTION ( 'NONE',  ( -0.3420201433256695456, 0.9396926207859082059, 4.162948602181157199E-17 ) ) ;
#618 = CARTESIAN_POINT ( 'NONE',  ( 4.250000000000000000, 6.700000000000000178, -5.674999999999999822 ) ) ;
#619 = ADVANCED_FACE ( 'NONE', ( #5453 ), #5774, .F. ) ;
#620 = EDGE_CURVE ( 'NONE', #3676, #9589, #5599, .T. ) ;
#621 = ORIENTED_EDGE ( 'NONE', *, *, #7671, .T. ) ;
#622 = CARTESIAN_POINT ( 'NONE',  ( 5.499999999999996447, 0.000000000000000000, -6.700000000000000178 ) ) ;
#623 = ORIENTED_EDGE ( 'NONE', *, *, #3696, .F. ) ;
#624 = ORIENTED_EDGE ( 'NONE', *, *, #7957, .T. ) ;
#625 = VERTEX_POINT ( 'NONE', #8136 ) ;
#626 = VECTOR ( 'NONE', #4682, 1000.000000000000000 ) ;
#627 = DIRECTION ( 'NONE',  ( 0.000000000000000000, 0.000000000000000000, -1.000000000000000000 ) ) ;
#628 = EDGE_CURVE ( 'NONE', #9246, #8276, #9139, .T. ) ;
#629 = ORIENTED_EDGE ( 'NONE', *, *, #8668, .F. ) ;
#630 = MANIFOLD_SOLID_BREP ( 'Move Face2', #7286 ) ;
#631 = FACE_OUTER_BOUND ( 'NONE', #9692, .T. ) ;
#632 = CARTESIAN_POINT ( 'NONE',  ( -3.299999999999999822, 1.100000000000000089, -5.850000000000000533 ) ) ;
#633 = FACE_OUTER_BOUND ( 'NONE', #1539, .T. ) ;
#634 = AXIS2_PLACEMENT_3D ( 'NONE', #4186, #6533, #8047 ) ;
#635 = CARTESIAN_POINT ( 'NONE',  ( -4.250000000000000000, 6.700000000000000178, 4.525000000000001243 ) ) ;
#636 = VERTEX_POINT ( 'NONE', #7669 ) ;
#637 = CARTESIAN_POINT ( 'NONE',  ( -3.299999999999999822, 1.099999999999998535, 6.349999999999997868 ) ) ;
#638 = VERTEX_POINT ( 'NONE', #5128 ) ;
#639 = ORIENTED_EDGE ( 'NONE', *, *, #2258, .T. ) ;
#640 = PLANE ( 'NONE',  #6315 ) ;
#641 = ORIENTED_EDGE ( 'NONE', *, *, #8220, .F. ) ;
#642 = CIRCLE ( 'NONE', #7219, 0.5749999999999982903 ) ;
#643 = DIRECTION ( 'NONE',  ( 0.000000000000000000, 1.000000000000000000, 0.000000000000000000 ) ) ;
#644 = VERTEX_POINT ( 'NONE', #10164 ) ;
#645 = ADVANCED_FACE ( 'NONE', ( #5860 ), #6122, .F. ) ;
#646 = VECTOR ( 'NONE', #4009, 1000.000000000000000 ) ;
#647 = EDGE_CURVE ( 'NONE', #5850, #7370, #9522, .T. ) ;
#648 = LINE ( 'NONE', #8784, #4203 ) ;
#649 = DIRECTION ( 'NONE',  ( -1.000000000000000000, 1.341711765540131426E-16, 0.000000000000000000 ) ) ;
#650 = CARTESIAN_POINT ( 'NONE',  ( 0.000000000000000000, 3.100000000000000089, 3.000000000000000000 ) ) ;
#651 = DIRECTION ( 'NONE',  ( 0.000000000000000000, -1.000000000000000000, 8.673617379883977096E-15 ) ) ;
#652 = CIRCLE ( 'NONE', #7516, 0.5000000000000000000 ) ;
#653 = DIRECTION ( 'NONE',  ( 0.000000000000000000, 1.000000000000000000, 0.000000000000000000 ) ) ;
#654 =( GEOMETRIC_REPRESENTATION_CONTEXT ( 3 ) GLOBAL_UNCERTAINTY_ASSIGNED_CONTEXT ( ( #764 ) ) GLOBAL_UNIT_ASSIGNED_CONTEXT ( ( #3385, #6565, #9218 ) ) REPRESENTATION_CONTEXT ( 'NONE', 'WORKASPACE' ) );
#655 = CARTESIAN_POINT ( 'NONE',  ( -5.499999999999996447, 5.500000000000000888, 6.700000000000000178 ) ) ;
#656 = VERTEX_POINT ( 'NONE', #6282 ) ;
#657 = ORIENTED_EDGE ( 'NONE', *, *, #10130, .F. ) ;
#658 = ORIENTED_EDGE ( 'NONE', *, *, #9795, .F. ) ;
#659 = VERTEX_POINT ( 'NONE', #3117 ) ;
#660 = DIRECTION ( 'NONE',  ( -0.9396926207859082059, 0.3420201433256695456, 8.414147190578587988E-17 ) ) ;
#661 = EDGE_LOOP ( 'NONE', ( #10079, #6815, #4442, #4528, #6458, #6536, #1092, #4004 ) ) ;
#662 = DIRECTION ( 'NONE',  ( 0.000000000000000000, 1.000000000000000000, 4.430117370400858162E-17 ) ) ;
#663 = CARTESIAN_POINT ( 'NONE',  ( -3.299999999999999822, 0.7999999999999983791, 7.249999999999999112 ) ) ;
#664 = LINE ( 'NONE', #899, #541 ) ;
#665 = CARTESIAN_POINT ( 'NONE',  ( 5.799999999999998934, 3.100000000000000533, 5.250000000000000000 ) ) ;
#666 = CARTESIAN_POINT ( 'NONE',  ( 5.049999999999997158, 2.128355624055937206E-16, -6.700000000000000178 ) ) ;
#667 = DIRECTION ( 'NONE',  ( 0.000000000000000000, 0.000000000000000000, -1.000000000000000000 ) ) ;
#668 = DIRECTION ( 'NONE',  ( 1.327027319204863784E-16, 1.000000000000000000, 0.000000000000000000 ) ) ;
#669 = ADVANCED_FACE ( 'NONE', ( #2502 ), #9615, .T. ) ;
#670 = VECTOR ( 'NONE', #1477, 1000.000000000000000 ) ;
#671 = CARTESIAN_POINT ( 'NONE',  ( -5.943206300660539121, -2.598762745933357543, 0.000000000000000000 ) ) ;
#672 = AXIS2_PLACEMENT_3D ( 'NONE', #613, #3920, #686 ) ;
#673 = CARTESIAN_POINT ( 'NONE',  ( 1.734723475976807094E-15, 3.903127820947790719E-14, 4.500000000000001776 ) ) ;
#674 = DIRECTION ( 'NONE',  ( 0.000000000000000000, 1.000000000000000000, 0.000000000000000000 ) ) ;
#675 = CARTESIAN_POINT ( 'NONE',  ( -5.799999999999996270, 2.400000000000000355, -2.000000000000000000 ) ) ;
#676 = EDGE_CURVE ( 'NONE', #1646, #2329, #2449, .T. ) ;
#677 = ORIENTED_EDGE ( 'NONE', *, *, #957, .T. ) ;
#678 = EDGE_LOOP ( 'NONE', ( #7335, #9194, #2878, #7439, #727 ) ) ;
#679 = ORIENTED_EDGE ( 'NONE', *, *, #9370, .F. ) ;
#680 = LINE ( 'NONE', #7806, #626 ) ;
#681 = EDGE_CURVE ( 'NONE', #6638, #5411, #9436, .T. ) ;
#682 = ORIENTED_EDGE ( 'NONE', *, *, #9287, .T. ) ;
#683 = VECTOR ( 'NONE', #4355, 999.9999999999998863 ) ;
#684 = ADVANCED_FACE ( 'NONE', ( #9640 ), #6029, .T. ) ;
#685 = LINE ( 'NONE', #2803, #427 ) ;
#686 = DIRECTION ( 'NONE',  ( -1.000000000000000000, 0.000000000000000000, 0.000000000000000000 ) ) ;
#687 = LINE ( 'NONE', #5693, #4240 ) ;
#688 = CARTESIAN_POINT ( 'NONE',  ( -6.236169591142200375, -0.7547152872702095339, 1.000000000000000000 ) ) ;
#689 = DIRECTION ( 'NONE',  ( -0.000000000000000000, -0.000000000000000000, 1.000000000000000000 ) ) ;
#690 = CARTESIAN_POINT ( 'NONE',  ( -6.399999999999998579, -2.034757436496875016, 1.000000000000000000 ) ) ;
#691 = CARTESIAN_POINT ( 'NONE',  ( -3.299999999999999822, 0.7999999999999982681, 7.549999999999999822 ) ) ;
#692 = PLANE ( 'NONE',  #1151 ) ;
#693 = ORIENTED_EDGE ( 'NONE', *, *, #4946, .T. ) ;
#694 = DIRECTION ( 'NONE',  ( 1.000000000000000000, 0.000000000000000000, 0.000000000000000000 ) ) ;
#695 = LINE ( 'NONE', #8849, #472 ) ;
#696 = ORIENTED_EDGE ( 'NONE', *, *, #2293, .F. ) ;
#697 = CARTESIAN_POINT ( 'NONE',  ( -5.750000000000000000, 5.700000000000000178, 5.250000000000000000 ) ) ;
#698 = AXIS2_PLACEMENT_3D ( 'NONE', #350, #1186, #8578 ) ;
#699 = AXIS2_PLACEMENT_3D ( 'NONE', #839, #2452, #962 ) ;
#700 = SURFACE_SIDE_STYLE ('',( #9641 ) ) ;
#701 = ORIENTED_EDGE ( 'NONE', *, *, #1082, .T. ) ;
#702 = VECTOR ( 'NONE', #8953, 1000.000000000000000 ) ;
#703 = CARTESIAN_POINT ( 'NONE',  ( 2.542012759203106320, 0.1000000000000001721, 3.000000000000000000 ) ) ;
#704 = EDGE_CURVE ( 'NONE', #4337, #2792, #2339, .T. ) ;
#705 = DIRECTION ( 'NONE',  ( 0.7660444431189813441, -0.6427876096865353661, 0.000000000000000000 ) ) ;
#706 = PRESENTATION_STYLE_ASSIGNMENT (( #4687 ) ) ;
#707 = CIRCLE ( 'NONE', #4657, 0.1000000000000002554 ) ;
#708 = AXIS2_PLACEMENT_3D ( 'NONE', #7087, #7852, #2853 ) ;
#709 = ADVANCED_FACE ( 'NONE', ( #2360 ), #2535, .T. ) ;
#710 = VERTEX_POINT ( 'NONE', #5553 ) ;
#711 = LINE ( 'NONE', #6243, #4440 ) ;
#712 = ORIENTED_EDGE ( 'NONE', *, *, #7477, .F. ) ;
#713 = ORIENTED_EDGE ( 'NONE', *, *, #3408, .T. ) ;
#714 = CARTESIAN_POINT ( 'NONE',  ( 4.250000000000000000, 6.550000000000000711, -5.099999999999999645 ) ) ;
#715 = DIRECTION ( 'NONE',  ( -1.000000000000000000, -0.000000000000000000, -0.000000000000000000 ) ) ;
#716 = ORIENTED_EDGE ( 'NONE', *, *, #123, .T. ) ;
#717 = CARTESIAN_POINT ( 'NONE',  ( 2.500000000000000444, 0.6999999999999998446, 7.549999999999998046 ) ) ;
#718 = VECTOR ( 'NONE', #6843, 1000.000000000000000 ) ;
#719 = CARTESIAN_POINT ( 'NONE',  ( -5.799999999999997158, 0.1000000000000006994, -6.700000000000000178 ) ) ;
#720 = CARTESIAN_POINT ( 'NONE',  ( 4.549999999999997158, 2.400000000000000355, -5.850000000000000533 ) ) ;
#721 = EDGE_CURVE ( 'NONE', #6572, #2693, #9394, .T. ) ;
#722 = CARTESIAN_POINT ( 'NONE',  ( -1.699999999999999956, 2.949999999999998845, 7.249999999999999112 ) ) ;
#723 = COLOUR_RGB ( '',0.2509803921568627416, 0.2509803921568627416, 0.2509803921568627416 ) ;
#724 = CARTESIAN_POINT ( 'NONE',  ( 3.673940397442060361E-16, 8.099999999999999645, 3.000000000000000444 ) ) ;
#725 = AXIS2_PLACEMENT_3D ( 'NONE', #5577, #7645, #5952 ) ;
#726 = DIRECTION ( 'NONE',  ( 0.000000000000000000, 0.000000000000000000, -1.000000000000000000 ) ) ;
#727 = ORIENTED_EDGE ( 'NONE', *, *, #8994, .T. ) ;
#728 = CARTESIAN_POINT ( 'NONE',  ( 2.500000000000000000, -2.299999999999999822, 7.549999999999999822 ) ) ;
#729 = VECTOR ( 'NONE', #3939, 1000.000000000000000 ) ;
#730 = ORIENTED_EDGE ( 'NONE', *, *, #4415, .F. ) ;
#731 = VERTEX_POINT ( 'NONE', #2346 ) ;
#732 = ORIENTED_EDGE ( 'NONE', *, *, #1537, .T. ) ;
#733 = ADVANCED_FACE ( 'NONE', ( #2554 ), #7422, .F. ) ;
#734 = DIRECTION ( 'NONE',  ( 0.000000000000000000, 0.000000000000000000, 1.000000000000000000 ) ) ;
#735 = CIRCLE ( 'NONE', #699, 0.1499999999999999667 ) ;
#736 = DIRECTION ( 'NONE',  ( 0.5735764363510473807, -0.8191520442889911324, -0.000000000000000000 ) ) ;
#737 = CIRCLE ( 'NONE', #9085, 0.1000000000000002554 ) ;
#738 = DIRECTION ( 'NONE',  ( -0.7071067811865493491, 0.000000000000000000, -0.7071067811865456854 ) ) ;
#739 = EDGE_CURVE ( 'NONE', #3136, #5346, #9659, .T. ) ;
#740 = CIRCLE ( 'NONE', #3227, 0.4249999999999982681 ) ;
#741 = EDGE_CURVE ( 'NONE', #8774, #775, #9678, .T. ) ;
#742 = PLANE ( 'NONE',  #3351 ) ;
#743 = CARTESIAN_POINT ( 'NONE',  ( -5.450000000000000178, 6.100000000000000533, -6.700000000000000178 ) ) ;
#744 = DIRECTION ( 'NONE',  ( 0.000000000000000000, -2.460132057943349518E-16, 1.000000000000000000 ) ) ;
#745 = AXIS2_PLACEMENT_3D ( 'NONE', #7518, #7459, #9918 ) ;
#746 = VERTEX_POINT ( 'NONE', #595 ) ;
#747 = LINE ( 'NONE', #7631, #4086 ) ;
#748 = ORIENTED_EDGE ( 'NONE', *, *, #9553, .T. ) ;
#749 = EDGE_LOOP ( 'NONE', ( #8813, #1822, #5217, #10322 ) ) ;
#750 = ORIENTED_EDGE ( 'NONE', *, *, #5733, .F. ) ;
#751 = CONICAL_SURFACE ( 'NONE', #4875, 2.500000000000000444, 0.7853981633974460586 ) ;
#752 = VECTOR ( 'NONE', #1752, 1000.000000000000000 ) ;
#753 = CARTESIAN_POINT ( 'NONE',  ( -4.250000000000000000, 6.550000000000000711, -5.099999999999999645 ) ) ;
#754 = EDGE_CURVE ( 'NONE', #9169, #7998, #9700, .T. ) ;
#755 = PLANE ( 'NONE',  #1509 ) ;
#756 = CARTESIAN_POINT ( 'NONE',  ( 2.299999999999999822, -2.299999999999998046, -7.050000000000002487 ) ) ;
#757 = ORIENTED_EDGE ( 'NONE', *, *, #5454, .T. ) ;
#758 = EDGE_CURVE ( 'NONE', #4092, #7370, #9296, .T. ) ;
#759 = VECTOR ( 'NONE', #4076, 1000.000000000000000 ) ;
#760 = ORIENTED_EDGE ( 'NONE', *, *, #8663, .F. ) ;
#761 = AXIS2_PLACEMENT_3D ( 'NONE', #9124, #3652, #7546 ) ;
#762 = PLANE ( 'NONE',  #126 ) ;
#763 = CIRCLE ( 'NONE', #9161, 0.2999999999999999334 ) ;
#764 = UNCERTAINTY_MEASURE_WITH_UNIT (LENGTH_MEASURE( 1.000000000000000082E-05 ), #3385, 'distance_accuracy_value', 'NONE');
#765 = EDGE_LOOP ( 'NONE', ( #5513, #1009, #5049, #8405 ) ) ;
#766 = LINE ( 'NONE', #1514, #7650 ) ;
#767 = DIRECTION ( 'NONE',  ( 0.000000000000000000, 0.000000000000000000, 1.000000000000000000 ) ) ;
#768 = ADVANCED_FACE ( 'NONE', ( #2251 ), #2167, .F. ) ;
#769 = ORIENTED_EDGE ( 'NONE', *, *, #509, .T. ) ;
#770 = DIRECTION ( 'NONE',  ( 1.000000000000000000, 0.000000000000000000, -0.000000000000000000 ) ) ;
#771 = DIRECTION ( 'NONE',  ( -3.614007241618348278E-16, -1.000000000000000000, -3.614007241618348278E-16 ) ) ;
#772 = DIRECTION ( 'NONE',  ( 1.000000000000000000, 0.000000000000000000, 0.000000000000000000 ) ) ;
#773 = AXIS2_PLACEMENT_3D ( 'NONE', #8667, #1459, #4720 ) ;
#774 = EDGE_CURVE ( 'NONE', #8701, #429, #2212, .T. ) ;
#775 = VERTEX_POINT ( 'NONE', #3105 ) ;
#776 = DIRECTION ( 'NONE',  ( -0.8191520442889909104, 0.5735764363510473807, 0.000000000000000000 ) ) ;
#777 = CIRCLE ( 'NONE', #10154, 3.500000000000000000 ) ;
#778 = ORIENTED_EDGE ( 'NONE', *, *, #1220, .T. ) ;
#779 = CARTESIAN_POINT ( 'NONE',  ( 2.291287847477920803, 15.00000000000000000, 0.9999999999999991118 ) ) ;
#780 = DIRECTION ( 'NONE',  ( 0.000000000000000000, 0.000000000000000000, -1.000000000000000000 ) ) ;
#781 = STYLED_ITEM ( 'NONE', ( #8475 ), #3115 ) ;
#782 = FACE_OUTER_BOUND ( 'NONE', #3088, .T. ) ;
#783 = FACE_OUTER_BOUND ( 'NONE', #6656, .T. ) ;
#784 = ORIENTED_EDGE ( 'NONE', *, *, #3597, .F. ) ;
#785 = DIRECTION ( 'NONE',  ( 0.000000000000000000, 0.7071067811865451302, 0.7071067811865500152 ) ) ;
#786 = EDGE_CURVE ( 'NONE', #6833, #9427, #5781, .T. ) ;
#787 = CARTESIAN_POINT ( 'NONE',  ( 5.049999999999997158, 1.000000000000000000, 5.000000000000000888 ) ) ;
#788 = CARTESIAN_POINT ( 'NONE',  ( -5.799999999999996270, 0.000000000000000000, 6.700000000000000178 ) ) ;
#789 = DIRECTION ( 'NONE',  ( -0.5735764363510492680, -0.8191520442889894671, 0.000000000000000000 ) ) ;
#790 = APPLICATION_CONTEXT ( 'automotive_design' ) ;
#791 = ADVANCED_FACE ( 'NONE', ( #9417 ), #6040, .F. ) ;
#792 = ORIENTED_EDGE ( 'NONE', *, *, #5908, .F. ) ;
#793 = LINE ( 'NONE', #148, #7960 ) ;
#794 = EDGE_LOOP ( 'NONE', ( #829, #7856, #5124, #3285 ) ) ;
#795 = ORIENTED_EDGE ( 'NONE', *, *, #786, .F. ) ;
#796 = DIRECTION ( 'NONE',  ( 0.000000000000000000, 1.000000000000000000, 0.000000000000000000 ) ) ;
#797 = VECTOR ( 'NONE', #4637, 1000.000000000000000 ) ;
#798 = DIRECTION ( 'NONE',  ( -1.000000000000000000, 0.000000000000000000, 0.000000000000000000 ) ) ;
#799 = EDGE_CURVE ( 'NONE', #6207, #636, #9359, .T. ) ;
#800 = LINE ( 'NONE', #8803, #646 ) ;
#801 = DIRECTION ( 'NONE',  ( -0.5735764363510463815, 0.8191520442889915765, 0.000000000000000000 ) ) ;
#802 = CARTESIAN_POINT ( 'NONE',  ( -4.250000000000000000, 6.550000000000000711, 5.099999999999999645 ) ) ;
#803 = CARTESIAN_POINT ( 'NONE',  ( 6.399999999999998579, -2.034757436496875016, 1.000000000000000000 ) ) ;
#804 = AXIS2_PLACEMENT_3D ( 'NONE', #1470, #6444, #5617 ) ;
#805 = AXIS2_PLACEMENT_3D ( 'NONE', #7658, #5893, #2687 ) ;
#806 = DIRECTION ( 'NONE',  ( 0.000000000000000000, 1.000000000000000000, 0.000000000000000000 ) ) ;
#807 = EDGE_CURVE ( 'NONE', #9935, #5919, #2294, .T. ) ;
#808 = DIRECTION ( 'NONE',  ( 0.000000000000000000, 0.000000000000000000, -1.000000000000000000 ) ) ;
#809 = DIRECTION ( 'NONE',  ( 0.000000000000000000, -1.000000000000000000, 0.000000000000000000 ) ) ;
#810 = DIRECTION ( 'NONE',  ( 0.7660444431189813441, -0.6427876096865353661, 0.000000000000000000 ) ) ;
#811 = DIRECTION ( 'NONE',  ( 0.000000000000000000, 0.000000000000000000, -1.000000000000000000 ) ) ;
#812 = VERTEX_POINT ( 'NONE', #8468 ) ;
#813 = LINE ( 'NONE', #2495, #4407 ) ;
#814 = AXIS2_PLACEMENT_3D ( 'NONE', #422, #7001, #6717 ) ;
#815 = VERTEX_POINT ( 'NONE', #9458 ) ;
#816 = ORIENTED_EDGE ( 'NONE', *, *, #1772, .F. ) ;
#817 = ADVANCED_FACE ( 'NONE', ( #9721 ), #2702, .T. ) ;
#818 = DIRECTION ( 'NONE',  ( 1.000000000000000000, 0.000000000000000000, -0.000000000000000000 ) ) ;
#819 = PLANE ( 'NONE',  #2747 ) ;
#820 = CARTESIAN_POINT ( 'NONE',  ( -5.799999999999996270, 2.400000000000000355, 5.000000000000000888 ) ) ;
#821 = CARTESIAN_POINT ( 'NONE',  ( 2.900000000000000355, 0.3544119062935214837, -6.800000000000001599 ) ) ;
#822 = AXIS2_PLACEMENT_3D ( 'NONE', #1876, #7787, #7975 ) ;
#823 = DIRECTION ( 'NONE',  ( 1.000000000000000000, 0.000000000000000000, 0.000000000000000000 ) ) ;
#824 = DIRECTION ( 'NONE',  ( -1.000000000000000000, 0.000000000000000000, 0.000000000000000000 ) ) ;
#825 = EDGE_CURVE ( 'NONE', #8898, #908, #6297, .T. ) ;
#826 = ORIENTED_EDGE ( 'NONE', *, *, #10106, .T. ) ;
#827 = FACE_OUTER_BOUND ( 'NONE', #1980, .T. ) ;
#828 = ORIENTED_EDGE ( 'NONE', *, *, #4773, .F. ) ;
#829 = ORIENTED_EDGE ( 'NONE', *, *, #2871, .T. ) ;
#830 = CARTESIAN_POINT ( 'NONE',  ( 1.700000000000000178, 0.5000000000000026645, -6.800000000000001599 ) ) ;
#831 = AXIS2_PLACEMENT_3D ( 'NONE', #443, #2926, #3018 ) ;
#832 = EDGE_LOOP ( 'NONE', ( #2995, #6672, #7874, #1166 ) ) ;
#833 = LINE ( 'NONE', #5396, #4753 ) ;
#834 = CARTESIAN_POINT ( 'NONE',  ( 4.250000000000000000, 6.100000000000000533, -5.099999999999999645 ) ) ;
#835 = DIRECTION ( 'NONE',  ( 0.000000000000000000, 0.000000000000000000, -1.000000000000000000 ) ) ;
#836 = CARTESIAN_POINT ( 'NONE',  ( -3.299999999999999822, 2.650000000000000799, 7.249999999999999112 ) ) ;
#837 = EDGE_CURVE ( 'NONE', #3708, #3384, #6198, .T. ) ;
#838 = DIRECTION ( 'NONE',  ( -0.000000000000000000, 4.430117370400858162E-17, -1.000000000000000000 ) ) ;
#839 = CARTESIAN_POINT ( 'NONE',  ( -4.250000000000000000, 6.550000000000000711, 5.524999999999997691 ) ) ;
#840 = FACE_OUTER_BOUND ( 'NONE', #1322, .T. ) ;
#841 = ORIENTED_EDGE ( 'NONE', *, *, #7950, .T. ) ;
#842 = VERTEX_POINT ( 'NONE', #3760 ) ;
#843 = DIRECTION ( 'NONE',  ( -1.341711765540131426E-16, 1.000000000000000000, 0.000000000000000000 ) ) ;
#844 = DIRECTION ( 'NONE',  ( -0.000000000000000000, -1.000000000000000000, -0.000000000000000000 ) ) ;
#845 = CIRCLE ( 'NONE', #9222, 0.2999999999999999334 ) ;
#846 = LINE ( 'NONE', #9118, #4352 ) ;
#847 = AXIS2_PLACEMENT_3D ( 'NONE', #4383, #6613, #135 ) ;
#848 = CARTESIAN_POINT ( 'NONE',  ( 3.880824640740575759, 0.4999999999999998890, 3.000000000000000000 ) ) ;
#849 = DIRECTION ( 'NONE',  ( -1.000000000000000000, -0.000000000000000000, 0.000000000000000000 ) ) ;
#850 = DIRECTION ( 'NONE',  ( 1.000000000000000000, -1.341711765540131426E-16, 0.000000000000000000 ) ) ;
#851 = CARTESIAN_POINT ( 'NONE',  ( -6.200000000000000178, 3.100000000000000089, 3.000000000000000000 ) ) ;
#852 = DIRECTION ( 'NONE',  ( 0.000000000000000000, -4.430117370400858162E-17, 1.000000000000000000 ) ) ;
#853 = EDGE_CURVE ( 'NONE', #248, #8456, #9955, .T. ) ;
#854 = DIRECTION ( 'NONE',  ( 0.000000000000000000, 2.017120320903263702E-16, -1.000000000000000000 ) ) ;
#855 = ORIENTED_EDGE ( 'NONE', *, *, #10005, .F. ) ;
#856 = PLANE ( 'NONE',  #10027 ) ;
#857 = DIRECTION ( 'NONE',  ( 0.000000000000000000, 1.000000000000000000, 0.000000000000000000 ) ) ;
#858 = EDGE_CURVE ( 'NONE', #3103, #3068, #6470, .T. ) ;
#859 = VECTOR ( 'NONE', #6714, 1000.000000000000000 ) ;
#860 = CARTESIAN_POINT ( 'NONE',  ( -1.603581858547019623, 0.5350933335321558237, -6.800000000000001599 ) ) ;
#861 = LINE ( 'NONE', #6440, #4447 ) ;
#862 = CARTESIAN_POINT ( 'NONE',  ( 0.8000000000000001554, 2.999999999999998224, 7.249999999999999112 ) ) ;
#863 = DIRECTION ( 'NONE',  ( 1.000000000000000000, 0.000000000000000000, 0.000000000000000000 ) ) ;
#864 = AXIS2_PLACEMENT_3D ( 'NONE', #9725, #770, #2973 ) ;
#865 = DIRECTION ( 'NONE',  ( -0.000000000000000000, -0.000000000000000000, 1.000000000000000000 ) ) ;
#866 = CARTESIAN_POINT ( 'NONE',  ( 3.880824640740575315, 2.935823076413500043, 3.000000000000000000 ) ) ;
#867 = DIRECTION ( 'NONE',  ( 0.000000000000000000, -0.000000000000000000, -1.000000000000000000 ) ) ;
#868 = DIRECTION ( 'NONE',  ( -0.000000000000000000, -1.000000000000000000, -0.000000000000000000 ) ) ;
#869 = CARTESIAN_POINT ( 'NONE',  ( 0.000000000000000000, 15.00000000000000000, 0.000000000000000000 ) ) ;
#870 = DIRECTION ( 'NONE',  ( 0.000000000000000000, 1.000000000000000000, 0.000000000000000000 ) ) ;
#871 = ADVANCED_FACE ( 'NONE', ( #6218 ), #2331, .T. ) ;
#872 = VERTEX_POINT ( 'NONE', #6525 ) ;
#873 = ORIENTED_EDGE ( 'NONE', *, *, #4726, .F. ) ;
#874 = FACE_OUTER_BOUND ( 'NONE', #6245, .T. ) ;
#875 = CIRCLE ( 'NONE', #8968, 0.04999999999999969746 ) ;
#876 = EDGE_CURVE ( 'NONE', #10433, #2308, #9933, .T. ) ;
#877 = PLANE ( 'NONE',  #5709 ) ;
#878 = AXIS2_PLACEMENT_3D ( 'NONE', #7138, #10432, #8662 ) ;
#879 = CARTESIAN_POINT ( 'NONE',  ( 1.734723475976807094E-15, 0.000000000000000000, -4.500000000000000000 ) ) ;
#880 = CARTESIAN_POINT ( 'NONE',  ( 1.734723475976807094E-15, 0.000000000000000000, 5.850000000000000533 ) ) ;
#881 = DIRECTION ( 'NONE',  ( 0.000000000000000000, 0.000000000000000000, 1.000000000000000000 ) ) ;
#882 = DIRECTION ( 'NONE',  ( 0.000000000000000000, 0.000000000000000000, 1.000000000000000000 ) ) ;
#883 = VECTOR ( 'NONE', #1354, 1000.000000000000114 ) ;
#884 = FACE_OUTER_BOUND ( 'NONE', #6346, .T. ) ;
#885 = VERTEX_POINT ( 'NONE', #2245 ) ;
#886 = ORIENTED_EDGE ( 'NONE', *, *, #6155, .T. ) ;
#887 = CARTESIAN_POINT ( 'NONE',  ( -1.699999999999999956, 2.949999999999998845, 7.249999999999999112 ) ) ;
#888 = ADVANCED_FACE ( 'NONE', ( #10137 ), #9685, .F. ) ;
#889 = CIRCLE ( 'NONE', #320, 0.1999999999999996503 ) ;
#890 = DIRECTION ( 'NONE',  ( 0.000000000000000000, -1.000000000000000000, 8.673617379883880855E-15 ) ) ;
#891 = ORIENTED_EDGE ( 'NONE', *, *, #10349, .T. ) ;
#892 = EDGE_CURVE ( 'NONE', #8456, #5072, #10054, .T. ) ;
#893 = DIRECTION ( 'NONE',  ( -0.000000000000000000, -1.000000000000000000, -0.000000000000000000 ) ) ;
#894 = EDGE_CURVE ( 'NONE', #1700, #2823, #6490, .T. ) ;
#895 = AXIS2_PLACEMENT_3D ( 'NONE', #5492, #9546, #7040 ) ;
#896 = LINE ( 'NONE', #9777, #4029 ) ;
#897 = DIRECTION ( 'NONE',  ( 0.000000000000000000, -1.000000000000000000, -2.460132057943349518E-16 ) ) ;
#898 = EDGE_CURVE ( 'NONE', #10226, #2155, #6240, .T. ) ;
#899 = CARTESIAN_POINT ( 'NONE',  ( -6.514715287270208322, -2.198587845354674108, 1.000000000000000000 ) ) ;
#900 = ORIENTED_EDGE ( 'NONE', *, *, #44, .F. ) ;
#901 = DIRECTION ( 'NONE',  ( 0.000000000000000000, 0.000000000000000000, 1.000000000000000000 ) ) ;
#902 = EDGE_LOOP ( 'NONE', ( #9089, #1639, #6441, #4163 ) ) ;
#903 = DIRECTION ( 'NONE',  ( 0.000000000000000000, -1.000000000000000000, -2.460132057943349518E-16 ) ) ;
#904 = DIRECTION ( 'NONE',  ( 0.000000000000000000, 0.000000000000000000, -1.000000000000000000 ) ) ;
#905 = EDGE_CURVE ( 'NONE', #8527, #2475, #2658, .T. ) ;
#906 = ORIENTED_EDGE ( 'NONE', *, *, #3638, .F. ) ;
#907 = VECTOR ( 'NONE', #7020, 1000.000000000000000 ) ;
#908 = VERTEX_POINT ( 'NONE', #8005 ) ;
#909 = DIRECTION ( 'NONE',  ( 0.7071067811865489050, 0.000000000000000000, -0.7071067811865462405 ) ) ;
#910 = CARTESIAN_POINT ( 'NONE',  ( -5.049999999999998046, 1.000000000000000000, -5.350000000000001421 ) ) ;
#911 = DIRECTION ( 'NONE',  ( -0.000000000000000000, -0.000000000000000000, -1.000000000000000000 ) ) ;
#912 = DIRECTION ( 'NONE',  ( -1.000000000000000000, -0.000000000000000000, -0.000000000000000000 ) ) ;
#913 = CARTESIAN_POINT ( 'NONE',  ( 4.336808689942017736E-16, 0.7500000000000006661, 7.549999999999998046 ) ) ;
#914 = VECTOR ( 'NONE', #2859, 1000.000000000000000 ) ;
#915 = EDGE_CURVE ( 'NONE', #3442, #8585, #10035, .T. ) ;
#916 = CIRCLE ( 'NONE', #2680, 0.05000000000000012768 ) ;
#917 = VERTEX_POINT ( 'NONE', #2965 ) ;
#918 = VERTEX_POINT ( 'NONE', #6632 ) ;
#919 = AXIS2_PLACEMENT_3D ( 'NONE', #5825, #5048, #7593 ) ;
#920 = CARTESIAN_POINT ( 'NONE',  ( 6.891491226573391415, -1.690611574686247565, 1.000000000000000000 ) ) ;
#921 = AXIS2_PLACEMENT_3D ( 'NONE', #703, #6485, #1437 ) ;
#922 = CARTESIAN_POINT ( 'NONE',  ( 0.2000000000000000944, -2.299999999999999822, 7.549999999999999822 ) ) ;
#923 = DIRECTION ( 'NONE',  ( 1.000000000000000000, 0.000000000000000000, -0.000000000000000000 ) ) ;
#924 = CLOSED_SHELL ( 'NONE', ( #4653, #9225, #9855, #125, #4257, #1676, #6396, #1441, #6933, #1268, #9058, #10217, #4752, #9865, #9989, #6442, #4124, #220, #5496, #7192, #2036 ) ) ;
#925 = DIRECTION ( 'NONE',  ( 0.000000000000000000, 0.000000000000000000, 1.000000000000000000 ) ) ;
#926 = EDGE_CURVE ( 'NONE', #8418, #10584, #9915, .T. ) ;
#927 = DIRECTION ( 'NONE',  ( -1.000000000000000000, 0.000000000000000000, 0.000000000000000000 ) ) ;
#928 = DIRECTION ( 'NONE',  ( 0.000000000000000000, 0.000000000000000000, -1.000000000000000000 ) ) ;
#929 = DIRECTION ( 'NONE',  ( -0.000000000000000000, 4.430117370400858162E-17, -1.000000000000000000 ) ) ;
#930 = CARTESIAN_POINT ( 'NONE',  ( 2.900000000000000355, -3.099999999999998757, 7.549999999999999822 ) ) ;
#931 = LINE ( 'NONE', #1949, #4066 ) ;
#932 = DIRECTION ( 'NONE',  ( -0.000000000000000000, -1.000000000000000000, -0.000000000000000000 ) ) ;
#933 = CARTESIAN_POINT ( 'NONE',  ( -5.699999999999998401, 0.6000000000000007550, 4.500000000000000888 ) ) ;
#934 = VECTOR ( 'NONE', #9499, 1000.000000000000000 ) ;
#935 = ORIENTED_EDGE ( 'NONE', *, *, #10124, .F. ) ;
#936 = ORIENTED_EDGE ( 'NONE', *, *, #9133, .F. ) ;
#937 = AXIS2_PLACEMENT_3D ( 'NONE', #3876, #3807, #4573 ) ;
#938 = LINE ( 'NONE', #9374, #970 ) ;
#939 = CARTESIAN_POINT ( 'NONE',  ( -4.549999999999997158, 1.000000000000000000, 5.850000000000000533 ) ) ;
#940 = EDGE_CURVE ( 'NONE', #5072, #3103, #6512, .T. ) ;
#941 = CARTESIAN_POINT ( 'NONE',  ( -3.880824640740575759, 0.4999999999999998890, -4.499999999999997335 ) ) ;
#942 = CARTESIAN_POINT ( 'NONE',  ( 5.799999999999998046, 0.5000000000000004441, 4.500000000000000888 ) ) ;
#943 = DIRECTION ( 'NONE',  ( 0.9396926207859082059, 0.3420201433256695456, 8.414147190578587988E-17 ) ) ;
#944 = AXIS2_PLACEMENT_3D ( 'NONE', #4084, #2605, #967 ) ;
#945 = CARTESIAN_POINT ( 'NONE',  ( 3.673940397442060361E-16, 15.00000000000000000, 3.000000000000000444 ) ) ;
#946 = CARTESIAN_POINT ( 'NONE',  ( 1.700000000000000178, 0.8000000000000001554, -6.750000000000001776 ) ) ;
#947 = VECTOR ( 'NONE', #6692, 1000.000000000000000 ) ;
#948 = ADVANCED_FACE ( 'NONE', ( #9742 ), #640, .T. ) ;
#949 = FACE_OUTER_BOUND ( 'NONE', #3484, .T. ) ;
#950 = ORIENTED_EDGE ( 'NONE', *, *, #6111, .F. ) ;
#951 = VERTEX_POINT ( 'NONE', #5378 ) ;
#952 = CARTESIAN_POINT ( 'NONE',  ( -5.049999999999997158, 0.1000000000000001721, 2.000000000000000000 ) ) ;
#953 = VECTOR ( 'NONE', #9876, 1000.000000000000000 ) ;
#954 = CARTESIAN_POINT ( 'NONE',  ( -5.799999999999996270, 0.5000000000000002220, 4.500000000000000888 ) ) ;
#955 = CARTESIAN_POINT ( 'NONE',  ( 0.000000000000000000, 8.099999999999999645, -3.500000000000000000 ) ) ;
#956 = EDGE_CURVE ( 'NONE', #3042, #7568, #2902, .T. ) ;
#957 = EDGE_CURVE ( 'NONE', #2275, #401, #10092, .T. ) ;
#958 = DIRECTION ( 'NONE',  ( -1.000000000000000000, 0.000000000000000000, -0.000000000000000000 ) ) ;
#959 = LINE ( 'NONE', #8311, #1006 ) ;
#960 = DIRECTION ( 'NONE',  ( 0.000000000000000000, 4.869470219022243768E-16, -1.000000000000000000 ) ) ;
#961 = AXIS2_PLACEMENT_3D ( 'NONE', #7883, #3059, #8493 ) ;
#962 = DIRECTION ( 'NONE',  ( 0.000000000000000000, 0.000000000000000000, -1.000000000000000000 ) ) ;
#963 = LINE ( 'NONE', #2473, #1129 ) ;
#964 = ORIENTED_EDGE ( 'NONE', *, *, #7264, .F. ) ;
#965 = EDGE_LOOP ( 'NONE', ( #4363, #584, #10328, #3959, #693 ) ) ;
#966 = CARTESIAN_POINT ( 'NONE',  ( 5.049999999999997158, 0.1000000000000001721, 2.000000000000000000 ) ) ;
#967 = DIRECTION ( 'NONE',  ( 0.000000000000000000, 0.000000000000000000, 1.000000000000000000 ) ) ;
#968 = VERTEX_POINT ( 'NONE', #1473 ) ;
#969 = ADVANCED_FACE ( 'NONE', ( #9788 ), #5691, .F. ) ;
#970 = VECTOR ( 'NONE', #10306, 1000.000000000000000 ) ;
#971 = CARTESIAN_POINT ( 'NONE',  ( -2.900000000000000355, 0.7999999999999983791, 7.299999999999998934 ) ) ;
#972 = DIRECTION ( 'NONE',  ( -1.000000000000000000, 1.535153518563546084E-16, 0.000000000000000000 ) ) ;
#973 = DIRECTION ( 'NONE',  ( 1.000000000000000000, -0.000000000000000000, -0.000000000000000000 ) ) ;
#974 = DIRECTION ( 'NONE',  ( -0.000000000000000000, 2.017120320903263702E-16, -1.000000000000000000 ) ) ;
#975 = EDGE_CURVE ( 'NONE', #3186, #2471, #6568, .T. ) ;
#976 = SURFACE_SIDE_STYLE ('',( #7646 ) ) ;
#977 = EDGE_CURVE ( 'NONE', #6222, #5809, #3009, .T. ) ;
#978 = CIRCLE ( 'NONE', #3206, 0.05000000000000012768 ) ;
#979 = CIRCLE ( 'NONE', #29, 0.5999999999999989786 ) ;
#980 = ORIENTED_EDGE ( 'NONE', *, *, #1873, .T. ) ;
#981 = AXIS2_PLACEMENT_3D ( 'NONE', #8519, #3086, #6094 ) ;
#982 = EDGE_LOOP ( 'NONE', ( #9478, #7890, #3064, #8181, #6286, #2398, #3729, #9456 ) ) ;
#983 = DIRECTION ( 'NONE',  ( -1.000000000000000000, -0.000000000000000000, -0.000000000000000000 ) ) ;
#984 = DIRECTION ( 'NONE',  ( 0.000000000000000000, 0.000000000000000000, 1.000000000000000000 ) ) ;
#985 = CIRCLE ( 'NONE', #5639, 0.2999999999999999334 ) ;
#986 = CARTESIAN_POINT ( 'NONE',  ( -5.499999999999996447, 5.500000000000000888, -6.400000000000000355 ) ) ;
#987 = CARTESIAN_POINT ( 'NONE',  ( 3.850000000000000089, 1.000000000000000000, -5.850000000000000533 ) ) ;
#988 = CARTESIAN_POINT ( 'NONE',  ( 3.299999999999999822, 1.100000000000000089, -5.850000000000000533 ) ) ;
#989 = DIRECTION ( 'NONE',  ( 0.000000000000000000, 0.000000000000000000, 1.000000000000000000 ) ) ;
#990 = DIRECTION ( 'NONE',  ( -1.000000000000000000, 1.341711765540131426E-16, 0.000000000000000000 ) ) ;
#991 = CARTESIAN_POINT ( 'NONE',  ( -5.499999999999996447, 1.000000000000000000, 6.400000000000000355 ) ) ;
#992 = VECTOR ( 'NONE', #9260, 1000.000000000000000 ) ;
#993 = PLANE ( 'NONE',  #3024 ) ;
#994 = DIRECTION ( 'NONE',  ( -0.7071067811865462405, 0.000000000000000000, 0.7071067811865489050 ) ) ;
#995 = EDGE_CURVE ( 'NONE', #7055, #7660, #6342, .T. ) ;
#996 = VECTOR ( 'NONE', #6406, 1000.000000000000000 ) ;
#997 = ORIENTED_EDGE ( 'NONE', *, *, #1359, .T. ) ;
#998 = DIRECTION ( 'NONE',  ( 0.000000000000000000, -1.000000000000000000, 0.000000000000000000 ) ) ;
#999 = EDGE_CURVE ( 'NONE', #746, #3442, #2722, .T. ) ;
#1000 = AXIS2_PLACEMENT_3D ( 'NONE', #10276, #5371, #7061 ) ;
#1001 = CARTESIAN_POINT ( 'NONE',  ( 5.799999999999996270, 2.100000000000000089, 1.599999999999999867 ) ) ;
#1002 = DIRECTION ( 'NONE',  ( -0.000000000000000000, -1.000000000000000000, -0.000000000000000000 ) ) ;
#1003 = ADVANCED_FACE ( 'NONE', ( #3038 ), #9894, .T. ) ;
#1004 = CARTESIAN_POINT ( 'NONE',  ( -1.700000000000000178, 0.4999999999999998890, 6.700000000000000178 ) ) ;
#1005 = CARTESIAN_POINT ( 'NONE',  ( -6.891491226573391415, -1.690611574686247565, 1.000000000000000000 ) ) ;
#1006 = VECTOR ( 'NONE', #6777, 1000.000000000000000 ) ;
#1007 = VECTOR ( 'NONE', #6731, 999.9999999999998863 ) ;
#1008 = ORIENTED_EDGE ( 'NONE', *, *, #7728, .T. ) ;
#1009 = ORIENTED_EDGE ( 'NONE', *, *, #6001, .T. ) ;
#1010 = PLANE ( 'NONE',  #5299 ) ;
#1011 = ORIENTED_EDGE ( 'NONE', *, *, #9476, .T. ) ;
#1012 = CARTESIAN_POINT ( 'NONE',  ( -1.700000000000000178, 2.650000000000000799, 7.549999999999999822 ) ) ;
#1013 = DIRECTION ( 'NONE',  ( -0.000000000000000000, 1.000000000000000000, 2.017120320903263702E-16 ) ) ;
#1014 = AXIS2_PLACEMENT_3D ( 'NONE', #4170, #3639, #8298 ) ;
#1015 = EDGE_CURVE ( 'NONE', #6413, #2823, #6275, .T. ) ;
#1016 = DIRECTION ( 'NONE',  ( -1.000000000000000000, 0.000000000000000000, 0.000000000000000000 ) ) ;
#1017 = EDGE_CURVE ( 'NONE', #1540, #6312, #6382, .T. ) ;
#1018 = FACE_OUTER_BOUND ( 'NONE', #556, .T. ) ;
#1019 = DIRECTION ( 'NONE',  ( 0.000000000000000000, -1.000000000000000000, 0.000000000000000000 ) ) ;
#1020 = ADVANCED_FACE ( 'NONE', ( #2617 ), #6904, .T. ) ;
#1021 = CARTESIAN_POINT ( 'NONE',  ( -6.399999999999998579, -0.6400000000000000133, 1.000000000000000000 ) ) ;
#1022 = LINE ( 'NONE', #10067, #4675 ) ;
#1023 = ORIENTED_EDGE ( 'NONE', *, *, #9634, .T. ) ;
#1024 = CARTESIAN_POINT ( 'NONE',  ( -1.700000000000000178, 2.650000000000001243, -6.200000000000001954 ) ) ;
#1025 = CARTESIAN_POINT ( 'NONE',  ( 2.100000000000000089, 0.3544119062935203179, -6.200000000000001954 ) ) ;
#1026 = CARTESIAN_POINT ( 'NONE',  ( -1.699999999999999956, 1.100000000000000089, -5.850000000000000533 ) ) ;
#1027 = CARTESIAN_POINT ( 'NONE',  ( 0.000000000000000000, 0.000000000000000000, -1.000000000000000000 ) ) ;
#1028 = APPLICATION_PROTOCOL_DEFINITION ( 'draft international standard', 'automotive_design', 1998, #790 ) ;
#1029 = ORIENTED_EDGE ( 'NONE', *, *, #6142, .T. ) ;
#1030 =( GEOMETRIC_REPRESENTATION_CONTEXT ( 3 ) GLOBAL_UNCERTAINTY_ASSIGNED_CONTEXT ( ( #369 ) ) GLOBAL_UNIT_ASSIGNED_CONTEXT ( ( #2863, #3697, #4543 ) ) REPRESENTATION_CONTEXT ( 'NONE', 'WORKASPACE' ) );
#1031 = AXIS2_PLACEMENT_3D ( 'NONE', #4475, #10307, #8466 ) ;
#1032 = VECTOR ( 'NONE', #5503, 1000.000000000000000 ) ;
#1033 = EDGE_CURVE ( 'NONE', #8418, #7387, #6177, .T. ) ;
#1034 = DIRECTION ( 'NONE',  ( 0.000000000000000000, 0.000000000000000000, -1.000000000000000000 ) ) ;
#1035 = LINE ( 'NONE', #4662, #1007 ) ;
#1036 = ORIENTED_EDGE ( 'NONE', *, *, #6810, .T. ) ;
#1037 = ORIENTED_EDGE ( 'NONE', *, *, #1211, .F. ) ;
#1038 = DIRECTION ( 'NONE',  ( 0.000000000000000000, -0.000000000000000000, 1.000000000000000000 ) ) ;
#1039 = AXIS2_PLACEMENT_3D ( 'NONE', #1634, #823, #1561 ) ;
#1040 = CLOSED_SHELL ( 'NONE', ( #3520, #3765, #7819, #3346, #7140, #6575, #6600, #7391, #8433, #4152, #8874, #6545, #7781, #592, #1740, #2745, #8051, #7176, #8971, #3200, #3936, #8101, #9291, #10089, #7836, #6805, #2143, #5289, #4173, #6977, #8741, #6371, #1909, #7969, #9784, #8808, #5138, #10568, #6026, #6265, #3058, #7695, #1420, #463, #3894, #3175, #2893, #1346, #8995, #2335, #2126, #5509, #3503, #5202, #10370, #3715, #1771, #3111, #6952, #817, #240, #7855, #1401, #1651, #4691, #1587, #6784, #4959, #7426, #5224, #8025, #948, #9488, #10167, #1003, #1843, #5044, #1291, #8939, #10352, #669, #9391, #4664, #10579, #3366, #4915, #4885, #4801, #7120, #371, #6475, #2797, #5181, #4507, #7099, #394, #4714, #319, #7496, #435, #6704, #5651, #9345, #4330, #2403, #9594, #6008, #10118, #8694, #4735, #6673, #4834, #8130, #10396, #1247 ) ) ;
#1041 = ADVANCED_FACE ( 'NONE', ( #6404 ), #1670, .T. ) ;
#1042 = CARTESIAN_POINT ( 'NONE',  ( -5.799999999999998046, 0.5000000000000004441, 4.500000000000000888 ) ) ;
#1043 = CARTESIAN_POINT ( 'NONE',  ( 2.399251774994277220, 14.83508237661052398, 1.164917623389475354 ) ) ;
#1044 = DIRECTION ( 'NONE',  ( 0.000000000000000000, 0.000000000000000000, 1.000000000000000000 ) ) ;
#1045 = CARTESIAN_POINT ( 'NONE',  ( 0.000000000000000000, 3.100000000000000089, 3.000000000000000000 ) ) ;
#1046 = DIRECTION ( 'NONE',  ( -1.000000000000000000, 0.000000000000000000, 0.000000000000000000 ) ) ;
#1047 = PLANE ( 'NONE',  #8034 ) ;
#1048 = LINE ( 'NONE', #7708, #4618 ) ;
#1049 = EDGE_CURVE ( 'NONE', #659, #6014, #6429, .T. ) ;
#1050 = DIRECTION ( 'NONE',  ( -0.8191520442889909104, -0.5735764363510473807, 0.000000000000000000 ) ) ;
#1051 = DIRECTION ( 'NONE',  ( -0.8191520442889912434, 0.5735764363510468256, 0.000000000000000000 ) ) ;
#1052 = LINE ( 'NONE', #7914, #1144 ) ;
#1053 = PLANE ( 'NONE',  #1892 ) ;
#1054 = EDGE_CURVE ( 'NONE', #8242, #885, #2635, .T. ) ;
#1055 = ORIENTED_EDGE ( 'NONE', *, *, #2644, .T. ) ;
#1056 = CIRCLE ( 'NONE', #8967, 0.4249999999999982681 ) ;
#1057 = ORIENTED_EDGE ( 'NONE', *, *, #3802, .T. ) ;
#1058 = AXIS2_PLACEMENT_3D ( 'NONE', #3179, #3964, #2163 ) ;
#1059 = DIRECTION ( 'NONE',  ( 0.000000000000000000, 1.000000000000000000, 0.000000000000000000 ) ) ;
#1060 = DIRECTION ( 'NONE',  ( 0.000000000000000000, -0.000000000000000000, -1.000000000000000000 ) ) ;
#1061 = CARTESIAN_POINT ( 'NONE',  ( 0.8000000000000001554, 0.7999999999999983791, 7.249999999999999112 ) ) ;
#1062 = LINE ( 'NONE', #5076, #8320 ) ;
#1063 = EDGE_CURVE ( 'NONE', #7854, #5041, #9974, .T. ) ;
#1064 = CIRCLE ( 'NONE', #6583, 0.1499999999999999667 ) ;
#1065 = CARTESIAN_POINT ( 'NONE',  ( -5.799999999999996270, 0.000000000000000000, 6.700000000000000178 ) ) ;
#1066 = EDGE_CURVE ( 'NONE', #4409, #7440, #2884, .T. ) ;
#1067 = ORIENTED_EDGE ( 'NONE', *, *, #3180, .F. ) ;
#1068 = PLANE ( 'NONE',  #9662 ) ;
#1069 = ORIENTED_EDGE ( 'NONE', *, *, #8133, .F. ) ;
#1070 = CARTESIAN_POINT ( 'NONE',  ( 5.499999999999996447, 5.500000000000000888, -6.400000000000000355 ) ) ;
#1071 = AXIS2_PLACEMENT_3D ( 'NONE', #9541, #6204, #4546 ) ;
#1072 = ORIENTED_EDGE ( 'NONE', *, *, #10005, .T. ) ;
#1073 = ADVANCED_FACE ( 'NONE', ( #9994, #9561 ), #7600, .F. ) ;
#1074 = DIRECTION ( 'NONE',  ( -1.535153518563546084E-16, 1.000000000000000000, 0.000000000000000000 ) ) ;
#1075 = CIRCLE ( 'NONE', #5280, 0.2000000000000000944 ) ;
#1076 = DIRECTION ( 'NONE',  ( 1.000000000000000000, 1.327027319204863784E-16, 0.000000000000000000 ) ) ;
#1077 = CIRCLE ( 'NONE', #7935, 0.1499999999999999667 ) ;
#1078 = ORIENTED_EDGE ( 'NONE', *, *, #6047, .T. ) ;
#1079 = DIRECTION ( 'NONE',  ( 0.7660444431189813441, 0.6427876096865353661, -5.575293782951149186E-15 ) ) ;
#1080 = ORIENTED_EDGE ( 'NONE', *, *, #10230, .F. ) ;
#1081 = CARTESIAN_POINT ( 'NONE',  ( -0.05000000000000012768, -2.299999999999999822, 7.549999999999998046 ) ) ;
#1082 = EDGE_CURVE ( 'NONE', #8515, #2275, #9809, .T. ) ;
#1083 = CARTESIAN_POINT ( 'NONE',  ( 6.236169591142200375, -0.7547152872702095339, -1.000000000000000000 ) ) ;
#1084 = ORIENTED_EDGE ( 'NONE', *, *, #73, .T. ) ;
#1085 = ORIENTED_EDGE ( 'NONE', *, *, #1487, .F. ) ;
#1086 = EDGE_CURVE ( 'NONE', #9213, #4409, #9851, .T. ) ;
#1087 = CARTESIAN_POINT ( 'NONE',  ( -0.7999999999999999334, 2.650000000000000799, 7.299999999999998934 ) ) ;
#1088 = CARTESIAN_POINT ( 'NONE',  ( -3.850000000000000089, 4.986986664055304885, 6.700000000000000178 ) ) ;
#1089 = CARTESIAN_POINT ( 'NONE',  ( 0.000000000000000000, -2.299999999999999822, 7.699999999999997513 ) ) ;
#1090 = FILL_AREA_STYLE ('',( #3773 ) ) ;
#1091 = EDGE_CURVE ( 'NONE', #10355, #5241, #9504, .T. ) ;
#1092 = ORIENTED_EDGE ( 'NONE', *, *, #7360, .T. ) ;
#1093 = LINE ( 'NONE', #3929, #1141 ) ;
#1094 = ADVANCED_FACE ( 'NONE', ( #2534 ), #6200, .F. ) ;
#1095 = LINE ( 'NONE', #7202, #4658 ) ;
#1096 = ORIENTED_EDGE ( 'NONE', *, *, #4870, .F. ) ;
#1097 = FILL_AREA_STYLE ('',( #10174 ) ) ;
#1098 = DIRECTION ( 'NONE',  ( 0.000000000000000000, 0.000000000000000000, 1.000000000000000000 ) ) ;
#1099 = ORIENTED_EDGE ( 'NONE', *, *, #3386, .F. ) ;
#1100 = CARTESIAN_POINT ( 'NONE',  ( 5.450000000000000178, 5.700000000000000178, 6.400000000000000355 ) ) ;
#1101 = DIRECTION ( 'NONE',  ( -1.000000000000000000, 0.000000000000000000, -0.000000000000000000 ) ) ;
#1102 = CARTESIAN_POINT ( 'NONE',  ( 6.649821042359578429E-17, 0.4999999999999993339, 0.000000000000000000 ) ) ;
#1103 = EDGE_CURVE ( 'NONE', #248, #1464, #9699, .T. ) ;
#1104 = CARTESIAN_POINT ( 'NONE',  ( 4.250000000000000000, 6.700000000000000178, 5.099999999999999645 ) ) ;
#1105 = LINE ( 'NONE', #9597, #4805 ) ;
#1106 = VERTEX_POINT ( 'NONE', #7860 ) ;
#1107 = PLANE ( 'NONE',  #1932 ) ;
#1108 = AXIS2_PLACEMENT_3D ( 'NONE', #2404, #798, #7973 ) ;
#1109 = DIRECTION ( 'NONE',  ( -1.000000000000000000, 1.341711765540131426E-16, 0.000000000000000000 ) ) ;
#1110 = DIRECTION ( 'NONE',  ( -1.535153518563545837E-16, -1.000000000000000000, 0.000000000000000000 ) ) ;
#1111 = VECTOR ( 'NONE', #1313, 1000.000000000000000 ) ;
#1112 = CARTESIAN_POINT ( 'NONE',  ( 6.514715287270208322, -2.198587845354674108, -1.000000000000000000 ) ) ;
#1113 = DIRECTION ( 'NONE',  ( 0.000000000000000000, 0.000000000000000000, 1.000000000000000000 ) ) ;
#1114 = FACE_OUTER_BOUND ( 'NONE', #460, .T. ) ;
#1115 = ORIENTED_EDGE ( 'NONE', *, *, #6486, .T. ) ;
#1116 = VERTEX_POINT ( 'NONE', #1087 ) ;
#1117 = ADVANCED_FACE ( 'NONE', ( #2676 ), #3629, .T. ) ;
#1118 = ORIENTED_EDGE ( 'NONE', *, *, #5659, .F. ) ;
#1119 = DIRECTION ( 'NONE',  ( 1.000000000000000000, 0.000000000000000000, 0.000000000000000000 ) ) ;
#1120 = VERTEX_POINT ( 'NONE', #10236 ) ;
#1121 = DIRECTION ( 'NONE',  ( -0.5735764363510473807, 0.8191520442889909104, 0.000000000000000000 ) ) ;
#1122 = TOROIDAL_SURFACE ( 'NONE', #5120, 0.09999999999999996392, 0.2000000000000000111 ) ;
#1123 = EDGE_LOOP ( 'NONE', ( #6553, #4097, #629, #5440, #7711, #3198, #6856 ) ) ;
#1124 = DIRECTION ( 'NONE',  ( -1.000000000000000000, 0.000000000000000000, 0.000000000000000000 ) ) ;
#1125 = CARTESIAN_POINT ( 'NONE',  ( -4.250000000000000000, 6.550000000000000711, -5.674999999999999822 ) ) ;
#1126 = LINE ( 'NONE', #8268, #4822 ) ;
#1127 = EDGE_CURVE ( 'NONE', #5726, #10168, #9637, .T. ) ;
#1128 = AXIS2_PLACEMENT_3D ( 'NONE', #3045, #1364, #3854 ) ;
#1129 = VECTOR ( 'NONE', #4174, 1000.000000000000000 ) ;
#1130 = EDGE_LOOP ( 'NONE', ( #9565, #6301, #1353, #2750 ) ) ;
#1131 = DIRECTION ( 'NONE',  ( 0.000000000000000000, 0.000000000000000000, -1.000000000000000000 ) ) ;
#1132 = EDGE_CURVE ( 'NONE', #2839, #656, #2760, .T. ) ;
#1133 = AXIS2_PLACEMENT_3D ( 'NONE', #7907, #653, #3953 ) ;
#1134 = LINE ( 'NONE', #9110, #1272 ) ;
#1135 = CARTESIAN_POINT ( 'NONE',  ( -1.603581858547019623, 0.5350933335321558237, -7.050000000000001599 ) ) ;
#1136 = ORIENTED_EDGE ( 'NONE', *, *, #5682, .T. ) ;
#1137 = DIRECTION ( 'NONE',  ( -1.000000000000000000, 0.000000000000000000, 0.000000000000000000 ) ) ;
#1138 = EDGE_LOOP ( 'NONE', ( #2629, #2874, #6474, #4692 ) ) ;
#1139 = CYLINDRICAL_SURFACE ( 'NONE', #822, 0.4000000000000001887 ) ;
#1140 = ORIENTED_EDGE ( 'NONE', *, *, #8234, .T. ) ;
#1141 = VECTOR ( 'NONE', #694, 1000.000000000000000 ) ;
#1142 = CARTESIAN_POINT ( 'NONE',  ( -6.744145861810626030, -2.526248663070268741, 1.000000000000000000 ) ) ;
#1143 = CARTESIAN_POINT ( 'NONE',  ( -6.399999999999998579, -2.034757436496875016, 1.000000000000000000 ) ) ;
#1144 = VECTOR ( 'NONE', #8675, 1000.000000000000000 ) ;
#1145 = ORIENTED_EDGE ( 'NONE', *, *, #1637, .F. ) ;
#1146 = DIRECTION ( 'NONE',  ( 0.000000000000000000, -1.000000000000000000, -0.000000000000000000 ) ) ;
#1147 = VERTEX_POINT ( 'NONE', #4982 ) ;
#1148 = DIRECTION ( 'NONE',  ( 0.000000000000000000, 0.000000000000000000, -1.000000000000000000 ) ) ;
#1149 = CYLINDRICAL_SURFACE ( 'NONE', #3544, 0.5000000000000004441 ) ;
#1150 = ORIENTED_EDGE ( 'NONE', *, *, #2366, .T. ) ;
#1151 = AXIS2_PLACEMENT_3D ( 'NONE', #2271, #8857, #3991 ) ;
#1152 = ORIENTED_EDGE ( 'NONE', *, *, #8055, .F. ) ;
#1153 = CARTESIAN_POINT ( 'NONE',  ( -1.699999999999999956, 0.8000000000000001554, -7.050000000000001599 ) ) ;
#1154 = EDGE_CURVE ( 'NONE', #1946, #265, #9656, .T. ) ;
#1155 = DIRECTION ( 'NONE',  ( 0.000000000000000000, -4.430117370400858162E-17, 1.000000000000000000 ) ) ;
#1156 = CARTESIAN_POINT ( 'NONE',  ( -3.880824640740575759, 0.4999999999999995559, 4.500000000000000888 ) ) ;
#1157 = DIRECTION ( 'NONE',  ( -0.000000000000000000, -1.000000000000000000, -0.000000000000000000 ) ) ;
#1158 = CARTESIAN_POINT ( 'NONE',  ( -2.542012759203106320, 0.1000000000000001721, 3.000000000000000000 ) ) ;
#1159 = ADVANCED_FACE ( 'NONE', ( #2701 ), #2612, .T. ) ;
#1160 = AXIS2_PLACEMENT_3D ( 'NONE', #6500, #7315, #8083 ) ;
#1161 = CIRCLE ( 'NONE', #7785, 0.1499999999999999667 ) ;
#1162 = LINE ( 'NONE', #5034, #8236 ) ;
#1163 = ORIENTED_EDGE ( 'NONE', *, *, #1727, .F. ) ;
#1164 = LINE ( 'NONE', #5016, #1408 ) ;
#1165 = CARTESIAN_POINT ( 'NONE',  ( 5.799999999999996270, 5.500000000000000888, -6.400000000000000355 ) ) ;
#1166 = ORIENTED_EDGE ( 'NONE', *, *, #6743, .T. ) ;
#1167 = DIRECTION ( 'NONE',  ( 0.000000000000000000, -1.000000000000000000, -2.460132057943349518E-16 ) ) ;
#1168 = VERTEX_POINT ( 'NONE', #6749 ) ;
#1169 = EDGE_CURVE ( 'NONE', #5788, #638, #5817, .T. ) ;
#1170 = CARTESIAN_POINT ( 'NONE',  ( -5.049999999999997158, 2.400000000000000355, 5.350000000000001421 ) ) ;
#1171 = CARTESIAN_POINT ( 'NONE',  ( 5.499999999999996447, 1.000000000000000000, -6.700000000000000178 ) ) ;
#1172 = FACE_OUTER_BOUND ( 'NONE', #9073, .T. ) ;
#1173 = EDGE_CURVE ( 'NONE', #2819, #8998, #9136, .T. ) ;
#1174 = PLANE ( 'NONE',  #9372 ) ;
#1175 = CARTESIAN_POINT ( 'NONE',  ( -1.699999999999999956, 3.249999999999998224, 7.249999999999999112 ) ) ;
#1176 = VECTOR ( 'NONE', #340, 1000.000000000000000 ) ;
#1177 = CARTESIAN_POINT ( 'NONE',  ( -2.700000000000000178, -2.299999999999999822, 7.549999999999999822 ) ) ;
#1178 = AXIS2_PLACEMENT_3D ( 'NONE', #4602, #6531, #7346 ) ;
#1179 = PLANE ( 'NONE',  #9255 ) ;
#1180 = ADVANCED_FACE ( 'NONE', ( #2058 ), #4150, .F. ) ;
#1181 = LINE ( 'NONE', #4594, #8168 ) ;
#1182 = EDGE_LOOP ( 'NONE', ( #10459, #10266, #6721, #5223 ) ) ;
#1183 = EDGE_LOOP ( 'NONE', ( #1037, #4897, #9084, #8402 ) ) ;
#1184 = FACE_OUTER_BOUND ( 'NONE', #7807, .T. ) ;
#1185 = ORIENTED_EDGE ( 'NONE', *, *, #5545, .F. ) ;
#1186 = DIRECTION ( 'NONE',  ( 0.000000000000000000, 0.000000000000000000, 1.000000000000000000 ) ) ;
#1187 = ORIENTED_EDGE ( 'NONE', *, *, #3637, .F. ) ;
#1188 = CARTESIAN_POINT ( 'NONE',  ( 2.449999999999999289, 0.1000000000000016986, -7.200000000000000178 ) ) ;
#1189 = EDGE_CURVE ( 'NONE', #1619, #3777, #5936, .T. ) ;
#1190 = LINE ( 'NONE', #1753, #8279 ) ;
#1191 = ORIENTED_EDGE ( 'NONE', *, *, #4319, .T. ) ;
#1192 = DIRECTION ( 'NONE',  ( 0.000000000000000000, 0.000000000000000000, 1.000000000000000000 ) ) ;
#1193 = EDGE_CURVE ( 'NONE', #4389, #5655, #5839, .T. ) ;
#1194 = DIRECTION ( 'NONE',  ( 0.000000000000000000, 0.000000000000000000, 1.000000000000000000 ) ) ;
#1195 = CIRCLE ( 'NONE', #9517, 0.05000000000000073830 ) ;
#1196 = DIRECTION ( 'NONE',  ( 0.000000000000000000, 1.000000000000000000, 0.000000000000000000 ) ) ;
#1197 = VECTOR ( 'NONE', #5395, 1000.000000000000000 ) ;
#1198 = ORIENTED_EDGE ( 'NONE', *, *, #2183, .F. ) ;
#1199 = AXIS2_PLACEMENT_3D ( 'NONE', #3513, #3572, #1807 ) ;
#1200 = PLANE ( 'NONE',  #5193 ) ;
#1201 = CIRCLE ( 'NONE', #2707, 0.5000000000000000000 ) ;
#1202 = ADVANCED_FACE ( 'NONE', ( #2313 ), #9190, .T. ) ;
#1203 = CARTESIAN_POINT ( 'NONE',  ( 4.549999999999997158, 0.000000000000000000, -5.850000000000000533 ) ) ;
#1204 = ORIENTED_EDGE ( 'NONE', *, *, #9350, .F. ) ;
#1205 = CARTESIAN_POINT ( 'NONE',  ( 3.299999999999999822, 0.5000000000000026645, -6.800000000000001599 ) ) ;
#1206 = PLANE ( 'NONE',  #7450 ) ;
#1207 = ORIENTED_EDGE ( 'NONE', *, *, #8593, .F. ) ;
#1208 = FACE_OUTER_BOUND ( 'NONE', #1216, .T. ) ;
#1209 = EDGE_CURVE ( 'NONE', #10237, #440, #5915, .T. ) ;
#1210 = FACE_OUTER_BOUND ( 'NONE', #7887, .T. ) ;
#1211 = EDGE_CURVE ( 'NONE', #1582, #10278, #2358, .T. ) ;
#1212 = CARTESIAN_POINT ( 'NONE',  ( -5.049999999999997158, 1.000000000000000000, -4.999999999999997335 ) ) ;
#1213 = LINE ( 'NONE', #6811, #8322 ) ;
#1214 = ORIENTED_EDGE ( 'NONE', *, *, #1193, .F. ) ;
#1215 = CARTESIAN_POINT ( 'NONE',  ( -5.450000000000000178, 5.700000000000000178, -6.400000000000000355 ) ) ;
#1216 = EDGE_LOOP ( 'NONE', ( #8941, #980, #3222, #8153 ) ) ;
#1217 = DIRECTION ( 'NONE',  ( -0.000000000000000000, 4.430117370400858162E-17, -1.000000000000000000 ) ) ;
#1218 = CARTESIAN_POINT ( 'NONE',  ( -6.399999999999998579, -2.034757436496875016, 1.000000000000000000 ) ) ;
#1219 = CARTESIAN_POINT ( 'NONE',  ( 0.8000000000000001554, 3.249999999999998224, 7.249999999999999112 ) ) ;
#1220 = EDGE_CURVE ( 'NONE', #1474, #5493, #2375, .T. ) ;
#1221 = AXIS2_PLACEMENT_3D ( 'NONE', #4811, #7481, #8767 ) ;
#1222 = ORIENTED_EDGE ( 'NONE', *, *, #4432, .T. ) ;
#1223 = ORIENTED_EDGE ( 'NONE', *, *, #3796, .T. ) ;
#1224 = CARTESIAN_POINT ( 'NONE',  ( -5.799999999999998934, 5.650000000000001243, 5.250000000000000000 ) ) ;
#1225 = VECTOR ( 'NONE', #9300, 1000.000000000000114 ) ;
#1226 = ORIENTED_EDGE ( 'NONE', *, *, #8573, .T. ) ;
#1227 = CARTESIAN_POINT ( 'NONE',  ( -4.549999999999997158, 2.400000000000000355, 5.850000000000000533 ) ) ;
#1228 = FACE_OUTER_BOUND ( 'NONE', #5889, .T. ) ;
#1229 = CYLINDRICAL_SURFACE ( 'NONE', #8406, 0.04999999999999969746 ) ;
#1230 = ORIENTED_EDGE ( 'NONE', *, *, #5828, .F. ) ;
#1231 = AXIS2_PLACEMENT_3D ( 'NONE', #3165, #6428, #6176 ) ;
#1232 = EDGE_CURVE ( 'NONE', #636, #3136, #2396, .T. ) ;
#1233 = DIRECTION ( 'NONE',  ( 0.000000000000000000, 0.000000000000000000, -1.000000000000000000 ) ) ;
#1234 = CARTESIAN_POINT ( 'NONE',  ( 5.049999999999997158, 1.000000000000000000, 5.350000000000001421 ) ) ;
#1235 = FACE_OUTER_BOUND ( 'NONE', #2459, .T. ) ;
#1236 = DIRECTION ( 'NONE',  ( 0.000000000000000000, -4.430117370400858162E-17, 1.000000000000000000 ) ) ;
#1237 = ORIENTED_EDGE ( 'NONE', *, *, #2423, .T. ) ;
#1238 = AXIS2_PLACEMENT_3D ( 'NONE', #3897, #4591, #7911 ) ;
#1239 = DIRECTION ( 'NONE',  ( -1.000000000000000000, 0.000000000000000000, 0.000000000000000000 ) ) ;
#1240 = VERTEX_POINT ( 'NONE', #3853 ) ;
#1241 = CARTESIAN_POINT ( 'NONE',  ( -2.100000000000000089, 0.3544119062935203179, -6.200000000000001954 ) ) ;
#1242 = CARTESIAN_POINT ( 'NONE',  ( 2.900000000000000355, -3.099999999999996980, -7.050000000000002487 ) ) ;
#1243 = UNCERTAINTY_MEASURE_WITH_UNIT (LENGTH_MEASURE( 1.000000000000000082E-05 ), #6202, 'distance_accuracy_value', 'NONE');
#1244 = DIRECTION ( 'NONE',  ( 0.000000000000000000, -0.000000000000000000, -1.000000000000000000 ) ) ;
#1245 = EDGE_CURVE ( 'NONE', #9324, #8773, #9262, .T. ) ;
#1246 = VECTOR ( 'NONE', #5543, 1000.000000000000000 ) ;
#1247 = ADVANCED_FACE ( 'NONE', ( #2211 ), #2249, .T. ) ;
#1248 = CARTESIAN_POINT ( 'NONE',  ( 2.449999999999999734, -2.299999999999998046, -7.200000000000001066 ) ) ;
#1249 = MANIFOLD_SOLID_BREP ( 'LPattern1[1]', #409 ) ;
#1250 = FACE_OUTER_BOUND ( 'NONE', #2434, .T. ) ;
#1251 = DIRECTION ( 'NONE',  ( 0.9396926207859082059, 0.3420201433256695456, 0.000000000000000000 ) ) ;
#1252 = CARTESIAN_POINT ( 'NONE',  ( 5.799999999999996270, 0.1000000000000001721, 3.000000000000000000 ) ) ;
#1253 = VECTOR ( 'NONE', #1347, 1000.000000000000000 ) ;
#1254 = ORIENTED_EDGE ( 'NONE', *, *, #7114, .F. ) ;
#1255 = CARTESIAN_POINT ( 'NONE',  ( 6.200000000000000178, 3.100000000000000089, 1.599999999999999867 ) ) ;
#1256 = ORIENTED_EDGE ( 'NONE', *, *, #1873, .F. ) ;
#1257 = EDGE_LOOP ( 'NONE', ( #137, #6319, #2703, #6647 ) ) ;
#1258 = ORIENTED_EDGE ( 'NONE', *, *, #9080, .F. ) ;
#1259 = DIRECTION ( 'NONE',  ( -0.000000000000000000, 4.430117370400858162E-17, -1.000000000000000000 ) ) ;
#1260 = EDGE_CURVE ( 'NONE', #5778, #1646, #2594, .T. ) ;
#1261 = AXIS2_PLACEMENT_3D ( 'NONE', #9469, #10384, #531 ) ;
#1262 = AXIS2_PLACEMENT_3D ( 'NONE', #5618, #4872, #3526 ) ;
#1263 = DIRECTION ( 'NONE',  ( 0.000000000000000000, -4.430117370400858162E-17, 1.000000000000000000 ) ) ;
#1264 = CARTESIAN_POINT ( 'NONE',  ( 3.850000000000000089, 1.000000000000000000, -6.700000000000000178 ) ) ;
#1265 = CIRCLE ( 'NONE', #5667, 0.2000000000000007327 ) ;
#1266 = DIRECTION ( 'NONE',  ( -1.000000000000000000, -1.327027319204863784E-16, 0.000000000000000000 ) ) ;
#1267 = EDGE_CURVE ( 'NONE', #9477, #7259, #9701, .T. ) ;
#1268 = ADVANCED_FACE ( 'NONE', ( #9492 ), #5006, .T. ) ;
#1269 = VECTOR ( 'NONE', #771, 1000.000000000000000 ) ;
#1270 = DIRECTION ( 'NONE',  ( -2.478176394252553728E-15, 0.000000000000000000, -1.000000000000000000 ) ) ;
#1271 = PRESENTATION_LAYER_ASSIGNMENT (  '', '', ( #4615 ) ) ;
#1272 = VECTOR ( 'NONE', #4372, 1000.000000000000000 ) ;
#1273 = DIRECTION ( 'NONE',  ( 0.000000000000000000, 0.000000000000000000, 1.000000000000000000 ) ) ;
#1274 = ORIENTED_EDGE ( 'NONE', *, *, #7690, .T. ) ;
#1275 = CARTESIAN_POINT ( 'NONE',  ( 0.000000000000000000, 0.000000000000000000, 1.000000000000000000 ) ) ;
#1276 = ORIENTED_EDGE ( 'NONE', *, *, #6874, .T. ) ;
#1277 = LINE ( 'NONE', #988, #4980 ) ;
#1278 = ORIENTED_EDGE ( 'NONE', *, *, #3323, .T. ) ;
#1279 = FACE_OUTER_BOUND ( 'NONE', #10220, .T. ) ;
#1280 = AXIS2_PLACEMENT_3D ( 'NONE', #414, #6077, #491 ) ;
#1281 = AXIS2_PLACEMENT_3D ( 'NONE', #9654, #7385, #2600 ) ;
#1282 = CARTESIAN_POINT ( 'NONE',  ( -5.799999999999996270, 2.400000000000000355, -4.999999999999997335 ) ) ;
#1283 = CARTESIAN_POINT ( 'NONE',  ( 5.828491013390330266, -2.434932337075561115, -1.000000000000000000 ) ) ;
#1284 = LINE ( 'NONE', #9680, #4514 ) ;
#1285 = DIRECTION ( 'NONE',  ( -1.000000000000000000, 0.000000000000000000, 0.000000000000000000 ) ) ;
#1286 = EDGE_CURVE ( 'NONE', #3457, #1474, #2470, .T. ) ;
#1287 = CARTESIAN_POINT ( 'NONE',  ( 2.500000000000000000, -3.099999999999998312, -6.200000000000001954 ) ) ;
#1288 = DIRECTION ( 'NONE',  ( -0.000000000000000000, -0.000000000000000000, -1.000000000000000000 ) ) ;
#1289 = DIRECTION ( 'NONE',  ( 0.000000000000000000, 0.000000000000000000, 1.000000000000000000 ) ) ;
#1290 = FACE_OUTER_BOUND ( 'NONE', #6167, .T. ) ;
#1291 = ADVANCED_FACE ( 'NONE', ( #2195 ), #1693, .T. ) ;
#1292 = ORIENTED_EDGE ( 'NONE', *, *, #9902, .T. ) ;
#1293 = AXIS2_PLACEMENT_3D ( 'NONE', #9466, #10380, #6048 ) ;
#1294 = ORIENTED_EDGE ( 'NONE', *, *, #6421, .T. ) ;
#1295 = VERTEX_POINT ( 'NONE', #9676 ) ;
#1296 = CARTESIAN_POINT ( 'NONE',  ( 5.450000000000000178, 5.700000000000000178, 6.400000000000000355 ) ) ;
#1297 = CARTESIAN_POINT ( 'NONE',  ( 5.699999999999998401, 0.09999999999999993616, -4.500000000000001776 ) ) ;
#1298 = CARTESIAN_POINT ( 'NONE',  ( -5.049999999999997158, 2.400000000000000355, 3.000000000000000000 ) ) ;
#1299 = VECTOR ( 'NONE', #5353, 1000.000000000000000 ) ;
#1300 = DIRECTION ( 'NONE',  ( 0.000000000000000000, 0.000000000000000000, -1.000000000000000000 ) ) ;
#1301 = EDGE_CURVE ( 'NONE', #10283, #10191, #2340, .T. ) ;
#1302 = CYLINDRICAL_SURFACE ( 'NONE', #1586, 0.2000000000000005107 ) ;
#1303 = DIRECTION ( 'NONE',  ( 0.000000000000000000, -2.460132057943349518E-16, 1.000000000000000000 ) ) ;
#1304 = EDGE_CURVE ( 'NONE', #8924, #9213, #5819, .T. ) ;
#1305 = LINE ( 'NONE', #7689, #4948 ) ;
#1306 = DIRECTION ( 'NONE',  ( -1.000000000000000000, -0.000000000000000000, 0.000000000000000000 ) ) ;
#1307 = ORIENTED_EDGE ( 'NONE', *, *, #6629, .F. ) ;
#1308 = CARTESIAN_POINT ( 'NONE',  ( 5.049999999999998046, 1.000000000000000000, -5.350000000000001421 ) ) ;
#1309 = ORIENTED_EDGE ( 'NONE', *, *, #6556, .T. ) ;
#1310 = AXIS2_PLACEMENT_3D ( 'NONE', #1, #4297, #7461 ) ;
#1311 = CARTESIAN_POINT ( 'NONE',  ( 5.799999999999996270, 0.5000000000000004441, 3.000000000000000000 ) ) ;
#1312 = EDGE_LOOP ( 'NONE', ( #2153, #7358, #1853, #5803 ) ) ;
#1313 = DIRECTION ( 'NONE',  ( 0.000000000000000000, -4.430117370400858162E-17, 1.000000000000000000 ) ) ;
#1314 = CARTESIAN_POINT ( 'NONE',  ( -0.7999999999999999334, 2.949999999999998845, 7.249999999999999112 ) ) ;
#1315 = LINE ( 'NONE', #954, #8666 ) ;
#1316 = DIRECTION ( 'NONE',  ( 1.000000000000000000, 0.000000000000000000, 0.000000000000000000 ) ) ;
#1317 = EDGE_CURVE ( 'NONE', #1116, #7002, #5954, .T. ) ;
#1318 = CIRCLE ( 'NONE', #9203, 0.5749999999999982903 ) ;
#1319 = ORIENTED_EDGE ( 'NONE', *, *, #8461, .T. ) ;
#1320 = DIRECTION ( 'NONE',  ( 0.000000000000000000, -0.000000000000000000, -1.000000000000000000 ) ) ;
#1321 = EDGE_CURVE ( 'NONE', #608, #885, #9297, .T. ) ;
#1322 = EDGE_LOOP ( 'NONE', ( #170, #3404, #3672, #3511 ) ) ;
#1323 = MANIFOLD_SOLID_BREP ( 'Combine5', #1040 ) ;
#1324 = CARTESIAN_POINT ( 'NONE',  ( -6.200000000000000178, 2.100000000000000089, 1.599999999999999867 ) ) ;
#1325 = LINE ( 'NONE', #550, #1597 ) ;
#1326 = AXIS2_PLACEMENT_3D ( 'NONE', #3483, #7354, #9126 ) ;
#1327 = VERTEX_POINT ( 'NONE', #4611 ) ;
#1328 = ADVANCED_FACE ( 'NONE', ( #2576 ), #10388, .F. ) ;
#1329 = CARTESIAN_POINT ( 'NONE',  ( 0.000000000000000000, 15.00000000000000000, 0.000000000000000000 ) ) ;
#1330 = DIRECTION ( 'NONE',  ( 1.807003620809174139E-16, -1.000000000000000000, -2.017120320903263702E-16 ) ) ;
#1331 = VECTOR ( 'NONE', #7782, 1000.000000000000000 ) ;
#1332 = CARTESIAN_POINT ( 'NONE',  ( -5.049999999999997158, 1.000000000000000000, 4.500000000000000888 ) ) ;
#1333 = VECTOR ( 'NONE', #1887, 1000.000000000000000 ) ;
#1334 = CARTESIAN_POINT ( 'NONE',  ( 6.744145861810626030, -2.526248663070268741, 1.000000000000000000 ) ) ;
#1335 = LINE ( 'NONE', #4866, #8446 ) ;
#1336 = PRODUCT_DEFINITION_CONTEXT ( 'detailed design', #790, 'design' ) ;
#1337 = CARTESIAN_POINT ( 'NONE',  ( 4.549999999999997158, 1.000000000000000000, -5.850000000000000533 ) ) ;
#1338 = DIRECTION ( 'NONE',  ( 0.000000000000000000, 2.460132057943349518E-16, -1.000000000000000000 ) ) ;
#1339 = VERTEX_POINT ( 'NONE', #9474 ) ;
#1340 = EDGE_LOOP ( 'NONE', ( #8642, #2180, #6578, #8656 ) ) ;
#1341 = EDGE_CURVE ( 'NONE', #3047, #8238, #2270, .T. ) ;
#1342 = VECTOR ( 'NONE', #8931, 1000.000000000000000 ) ;
#1343 = CARTESIAN_POINT ( 'NONE',  ( -2.449999999999998845, 0.6999999999999994005, 7.699999999999997513 ) ) ;
#1344 = AXIS2_PLACEMENT_3D ( 'NONE', #4125, #2355, #6626 ) ;
#1345 = VECTOR ( 'NONE', #10293, 1000.000000000000000 ) ;
#1346 = ADVANCED_FACE ( 'NONE', ( #9543 ), #3934, .T. ) ;
#1347 = DIRECTION ( 'NONE',  ( 1.327027319204863784E-16, -1.000000000000000000, -0.000000000000000000 ) ) ;
#1348 = CARTESIAN_POINT ( 'NONE',  ( 2.700000000000000178, -2.299999999999998046, -7.050000000000002487 ) ) ;
#1349 = CIRCLE ( 'NONE', #3272, 0.4000000000000001887 ) ;
#1350 = DIRECTION ( 'NONE',  ( 0.000000000000000000, 0.000000000000000000, 1.000000000000000000 ) ) ;
#1351 = DIRECTION ( 'NONE',  ( -0.000000000000000000, 4.430117370400858162E-17, -1.000000000000000000 ) ) ;
#1352 = VECTOR ( 'NONE', #1631, 1000.000000000000000 ) ;
#1353 = ORIENTED_EDGE ( 'NONE', *, *, #8069, .F. ) ;
#1354 = DIRECTION ( 'NONE',  ( 9.383500162295610576E-17, 0.7071067811865451302, -0.7071067811865500152 ) ) ;
#1355 = PLANE ( 'NONE',  #3806 ) ;
#1356 = DIRECTION ( 'NONE',  ( 0.000000000000000000, -4.430117370400858162E-17, 1.000000000000000000 ) ) ;
#1357 = TOROIDAL_SURFACE ( 'NONE', #5633, 0.4249999999999999334, 0.1499999999999999944 ) ;
#1358 = CARTESIAN_POINT ( 'NONE',  ( 0.000000000000000000, 2.100000000000000089, -1.599999999999999867 ) ) ;
#1359 = EDGE_CURVE ( 'NONE', #10571, #5031, #6030, .T. ) ;
#1360 = FACE_OUTER_BOUND ( 'NONE', #6804, .T. ) ;
#1361 = STYLED_ITEM ( 'NONE', ( #9356 ), #1249 ) ;
#1362 = LINE ( 'NONE', #7359, #8708 ) ;
#1363 = EDGE_CURVE ( 'NONE', #8515, #3708, #5970, .T. ) ;
#1364 = DIRECTION ( 'NONE',  ( 0.000000000000000000, -1.445602896647339163E-16, 1.000000000000000000 ) ) ;
#1365 = ADVANCED_FACE ( 'NONE', ( #9620 ), #485, .T. ) ;
#1366 = PLANE ( 'NONE',  #6876 ) ;
#1367 = CARTESIAN_POINT ( 'NONE',  ( 0.000000000000000000, 0.09999999999999971412, -3.000000000000000444 ) ) ;
#1368 = EDGE_CURVE ( 'NONE', #3373, #5384, #9278, .T. ) ;
#1369 = ORIENTED_EDGE ( 'NONE', *, *, #3796, .F. ) ;
#1370 = CARTESIAN_POINT ( 'NONE',  ( 5.699999999999998401, 0.09999999999999993616, 3.000000000000000444 ) ) ;
#1371 = LINE ( 'NONE', #10102, #4964 ) ;
#1372 = EDGE_LOOP ( 'NONE', ( #6201, #3162, #5137, #2729, #8698, #10543, #6227, #9363 ) ) ;
#1373 = LINE ( 'NONE', #116, #4938 ) ;
#1374 = EDGE_CURVE ( 'NONE', #7165, #6573, #9360, .T. ) ;
#1375 = CARTESIAN_POINT ( 'NONE',  ( 5.799999999999996270, 2.400000000000000355, 5.000000000000000888 ) ) ;
#1376 = ADVANCED_FACE ( 'NONE', ( #5878 ), #5654, .T. ) ;
#1377 = DIRECTION ( 'NONE',  ( -0.5735764363510463815, -0.8191520442889915765, 0.000000000000000000 ) ) ;
#1378 = AXIS2_PLACEMENT_3D ( 'NONE', #7527, #10011, #5835 ) ;
#1379 = VERTEX_POINT ( 'NONE', #7859 ) ;
#1380 = AXIS2_PLACEMENT_3D ( 'NONE', #10541, #4199, #91 ) ;
#1381 = DIRECTION ( 'NONE',  ( 0.000000000000000000, 1.000000000000000000, 2.460132057943349518E-16 ) ) ;
#1382 = ORIENTED_EDGE ( 'NONE', *, *, #3300, .T. ) ;
#1383 = CARTESIAN_POINT ( 'NONE',  ( 0.000000000000000000, 8.099999999999999645, 0.000000000000000000 ) ) ;
#1384 = EDGE_CURVE ( 'NONE', #5547, #6242, #5704, .T. ) ;
#1385 = ORIENTED_EDGE ( 'NONE', *, *, #8015, .T. ) ;
#1386 = CARTESIAN_POINT ( 'NONE',  ( 0.000000000000000000, 3.100000000000000089, 1.599999999999999867 ) ) ;
#1387 = MECHANICAL_DESIGN_GEOMETRIC_PRESENTATION_REPRESENTATION (  '', ( #10215 ), #2299 ) ;
#1388 = CARTESIAN_POINT ( 'NONE',  ( -5.450000000000000178, 5.700000000000000178, -6.400000000000000355 ) ) ;
#1389 = LINE ( 'NONE', #2586, #1551 ) ;
#1390 = CARTESIAN_POINT ( 'NONE',  ( 6.200000000000000178, 2.100000000000000089, -1.599999999999999867 ) ) ;
#1391 = DIRECTION ( 'NONE',  ( -1.327027319204863784E-16, -1.000000000000000000, -0.000000000000000000 ) ) ;
#1392 = DIRECTION ( 'NONE',  ( -0.000000000000000000, -1.000000000000000000, -0.000000000000000000 ) ) ;
#1393 = ORIENTED_EDGE ( 'NONE', *, *, #825, .F. ) ;
#1394 = DIRECTION ( 'NONE',  ( 0.000000000000000000, 0.000000000000000000, 1.000000000000000000 ) ) ;
#1395 = CARTESIAN_POINT ( 'NONE',  ( -3.299999999999999822, 3.249999999999998668, 6.349999999999997868 ) ) ;
#1396 = VERTEX_POINT ( 'NONE', #5535 ) ;
#1397 = EDGE_CURVE ( 'NONE', #6554, #10410, #9017, .T. ) ;
#1398 = CARTESIAN_POINT ( 'NONE',  ( -5.828491013390330266, -2.434932337075561115, 0.000000000000000000 ) ) ;
#1399 = EDGE_CURVE ( 'NONE', #1528, #8088, #5782, .T. ) ;
#1400 = VERTEX_POINT ( 'NONE', #655 ) ;
#1401 = ADVANCED_FACE ( 'NONE', ( #9210 ), #9244, .T. ) ;
#1402 = PLANE ( 'NONE',  #7835 ) ;
#1403 = AXIS2_PLACEMENT_3D ( 'NONE', #4252, #8377, #5003 ) ;
#1404 = DIRECTION ( 'NONE',  ( -1.000000000000000000, -0.000000000000000000, 0.000000000000000000 ) ) ;
#1405 = PLANE ( 'NONE',  #5506 ) ;
#1406 = LINE ( 'NONE', #7407, #8744 ) ;
#1407 = CARTESIAN_POINT ( 'NONE',  ( 6.200000000000000178, 3.100000000000000089, 1.599999999999999867 ) ) ;
#1408 = VECTOR ( 'NONE', #6793, 1000.000000000000000 ) ;
#1410 = ORIENTED_EDGE ( 'NONE', *, *, #5148, .T. ) ;
#1409 = ORIENTED_EDGE ( 'NONE', *, *, #7136, .F. ) ;
#1411 = ORIENTED_EDGE ( 'NONE', *, *, #10275, .T. ) ;
#1412 = CARTESIAN_POINT ( 'NONE',  ( -2.499999999999999556, 0.1500000000000024647, -7.200000000000000178 ) ) ;
#1413 = DIRECTION ( 'NONE',  ( -0.000000000000000000, -0.000000000000000000, -1.000000000000000000 ) ) ;
#1414 = CARTESIAN_POINT ( 'NONE',  ( -2.500000000000000000, -2.299999999999999822, 7.549999999999998046 ) ) ;
#1415 = EDGE_CURVE ( 'NONE', #625, #4353, #5740, .T. ) ;
#1416 = CIRCLE ( 'NONE', #4166, 0.2999999999999999334 ) ;
#1417 = DIRECTION ( 'NONE',  ( -0.000000000000000000, 1.000000000000000000, -0.000000000000000000 ) ) ;
#1418 = ORIENTED_EDGE ( 'NONE', *, *, #5414, .T. ) ;
#1419 = EDGE_CURVE ( 'NONE', #7967, #1619, #9127, .T. ) ;
#1420 = ADVANCED_FACE ( 'NONE', ( #9087 ), #8760, .T. ) ;
#1421 = FACE_OUTER_BOUND ( 'NONE', #6624, .T. ) ;
#1422 = AXIS2_PLACEMENT_3D ( 'NONE', #671, #3262, #2096 ) ;
#1423 = PLANE ( 'NONE',  #10178 ) ;
#1424 = FACE_OUTER_BOUND ( 'NONE', #6937, .T. ) ;
#1425 = DIRECTION ( 'NONE',  ( 1.000000000000000000, 0.000000000000000000, -0.000000000000000000 ) ) ;
#1426 = ORIENTED_EDGE ( 'NONE', *, *, #7452, .F. ) ;
#1427 = DIRECTION ( 'NONE',  ( 0.000000000000000000, -0.000000000000000000, -1.000000000000000000 ) ) ;
#1428 = EDGE_LOOP ( 'NONE', ( #6074, #1409, #9535, #4776 ) ) ;
#1429 = DIRECTION ( 'NONE',  ( 1.000000000000000000, 0.000000000000000000, 0.000000000000000000 ) ) ;
#1430 = DIRECTION ( 'NONE',  ( 0.000000000000000000, 0.000000000000000000, -1.000000000000000000 ) ) ;
#1431 = EDGE_CURVE ( 'NONE', #3142, #3121, #2151, .T. ) ;
#1432 = VERTEX_POINT ( 'NONE', #7318 ) ;
#1433 = DIRECTION ( 'NONE',  ( 1.000000000000000000, 0.000000000000000000, 0.000000000000000000 ) ) ;
#1434 = CARTESIAN_POINT ( 'NONE',  ( 5.049999999999997158, 0.1000000000000001721, 2.000000000000000000 ) ) ;
#1435 = LINE ( 'NONE', #2913, #4839 ) ;
#1436 = EDGE_CURVE ( 'NONE', #6960, #9477, #1886, .T. ) ;
#1437 = DIRECTION ( 'NONE',  ( -1.000000000000000000, 0.000000000000000000, 0.000000000000000000 ) ) ;
#1438 = CARTESIAN_POINT ( 'NONE',  ( -4.250000000000000000, 6.550000000000000711, -5.099999999999999645 ) ) ;
#1439 = AXIS2_PLACEMENT_3D ( 'NONE', #887, #1861, #10214 ) ;
#1440 = VECTOR ( 'NONE', #1839, 1000.000000000000000 ) ;
#1441 = ADVANCED_FACE ( 'NONE', ( #2133 ), #9141, .T. ) ;
#1443 = ORIENTED_EDGE ( 'NONE', *, *, #3057, .F. ) ;
#1442 = ORIENTED_EDGE ( 'NONE', *, *, #5613, .T. ) ;
#1444 = ORIENTED_EDGE ( 'NONE', *, *, #10548, .F. ) ;
#1445 = CARTESIAN_POINT ( 'NONE',  ( -5.049999999999997158, 2.400000000000000355, 5.000000000000000888 ) ) ;
#1446 = VECTOR ( 'NONE', #3963, 1000.000000000000000 ) ;
#1447 = DIRECTION ( 'NONE',  ( -1.000000000000000000, 0.000000000000000000, 0.000000000000000000 ) ) ;
#1448 = CARTESIAN_POINT ( 'NONE',  ( -5.750000000000000000, 5.650000000000001243, 5.250000000000000000 ) ) ;
#1449 = VECTOR ( 'NONE', #3613, 1000.000000000000000 ) ;
#1450 = DIRECTION ( 'NONE',  ( 0.000000000000000000, 0.000000000000000000, -1.000000000000000000 ) ) ;
#1451 = ADVANCED_FACE ( 'NONE', ( #2044 ), #2098, .T. ) ;
#1452 = EDGE_CURVE ( 'NONE', #968, #1327, #9298, .T. ) ;
#1453 = CARTESIAN_POINT ( 'NONE',  ( 5.750000000000000000, 6.099999999999999645, 5.250000000000000000 ) ) ;
#1454 = DIRECTION ( 'NONE',  ( 0.000000000000000000, 0.000000000000000000, 1.000000000000000000 ) ) ;
#1455 = PLANE ( 'NONE',  #10260 ) ;
#1457 = ORIENTED_EDGE ( 'NONE', *, *, #1483, .T. ) ;
#1456 = ORIENTED_EDGE ( 'NONE', *, *, #7343, .T. ) ;
#1458 = DIRECTION ( 'NONE',  ( 0.000000000000000000, -1.000000000000000000, 0.000000000000000000 ) ) ;
#1459 = DIRECTION ( 'NONE',  ( 1.000000000000000000, 0.000000000000000000, -0.000000000000000000 ) ) ;
#1460 = AXIS2_PLACEMENT_3D ( 'NONE', #1512, #3224, #7185 ) ;
#1461 = ORIENTED_EDGE ( 'NONE', *, *, #2136, .T. ) ;
#1462 = VECTOR ( 'NONE', #1019, 1000.000000000000000 ) ;
#1463 = VECTOR ( 'NONE', #3177, 1000.000000000000000 ) ;
#1464 = VERTEX_POINT ( 'NONE', #6058 ) ;
#1465 = VECTOR ( 'NONE', #241, 999.9999999999998863 ) ;
#1466 = DIRECTION ( 'NONE',  ( 0.000000000000000000, 0.000000000000000000, -1.000000000000000000 ) ) ;
#1467 = DIRECTION ( 'NONE',  ( -0.000000000000000000, -0.000000000000000000, -1.000000000000000000 ) ) ;
#1468 = COLOUR_RGB ( '',0.2509803921568627416, 0.2509803921568627416, 0.2509803921568627416 ) ;
#1469 = DIRECTION ( 'NONE',  ( 0.000000000000000000, 1.000000000000000000, 0.000000000000000000 ) ) ;
#1470 = CARTESIAN_POINT ( 'NONE',  ( -2.542012759203106320, 0.1000000000000001721, -3.000000000000000000 ) ) ;
#1471 = CARTESIAN_POINT ( 'NONE',  ( -5.499999999999996447, 0.000000000000000000, -6.700000000000000178 ) ) ;
#1472 = EDGE_CURVE ( 'NONE', #918, #3121, #5418, .T. ) ;
#1473 = CARTESIAN_POINT ( 'NONE',  ( -5.049999999999996270, 2.400000000000000355, 5.350000000000002309 ) ) ;
#1475 = ORIENTED_EDGE ( 'NONE', *, *, #9845, .F. ) ;
#1474 = VERTEX_POINT ( 'NONE', #10329 ) ;
#1476 = ORIENTED_EDGE ( 'NONE', *, *, #5372, .T. ) ;
#1477 = DIRECTION ( 'NONE',  ( 1.000000000000000000, -0.000000000000000000, -0.000000000000000000 ) ) ;
#1478 = AXIS2_PLACEMENT_3D ( 'NONE', #8556, #5988, #1963 ) ;
#1479 = CARTESIAN_POINT ( 'NONE',  ( 4.286263797015736595E-16, 8.099999999999999645, 3.500000000000000000 ) ) ;
#1480 = FACE_OUTER_BOUND ( 'NONE', #5706, .T. ) ;
#1481 = ORIENTED_EDGE ( 'NONE', *, *, #4799, .F. ) ;
#1482 = ADVANCED_FACE ( 'NONE', ( #5437 ), #9396, .T. ) ;
#1483 = EDGE_CURVE ( 'NONE', #8143, #2273, #2316, .T. ) ;
#1484 = ORIENTED_EDGE ( 'NONE', *, *, #5569, .T. ) ;
#1485 = ORIENTED_EDGE ( 'NONE', *, *, #8401, .F. ) ;
#1486 = VECTOR ( 'NONE', #1789, 1000.000000000000000 ) ;
#1487 = EDGE_CURVE ( 'NONE', #731, #4211, #9340, .T. ) ;
#1488 = DIRECTION ( 'NONE',  ( 0.000000000000000000, 1.000000000000000000, 0.000000000000000000 ) ) ;
#1490 = ORIENTED_EDGE ( 'NONE', *, *, #2477, .T. ) ;
#1489 = ORIENTED_EDGE ( 'NONE', *, *, #1054, .F. ) ;
#1491 = CARTESIAN_POINT ( 'NONE',  ( 2.500000000000000000, -2.349999999999998312, -7.200000000000001066 ) ) ;
#1492 = ORIENTED_EDGE ( 'NONE', *, *, #5350, .F. ) ;
#1493 = CARTESIAN_POINT ( 'NONE',  ( 5.799999999999998934, 5.650000000000001243, 3.000000000000000000 ) ) ;
#1494 = DIRECTION ( 'NONE',  ( -1.807003620809174139E-16, 1.000000000000000000, 3.614007241618348278E-16 ) ) ;
#1495 = LINE ( 'NONE', #9409, #8644 ) ;
#1496 = CLOSED_SHELL ( 'NONE', ( #5446, #684, #489, #8147, #6114, #9702, #9507, #3122, #2946 ) ) ;
#1497 = DIRECTION ( 'NONE',  ( 3.614007241618348278E-16, 1.000000000000000000, 2.017120320903263702E-16 ) ) ;
#1498 = ORIENTED_EDGE ( 'NONE', *, *, #4429, .T. ) ;
#1499 = PLANE ( 'NONE',  #8265 ) ;
#1500 = FACE_OUTER_BOUND ( 'NONE', #9269, .T. ) ;
#1501 = AXIS2_PLACEMENT_3D ( 'NONE', #4326, #9949, #344 ) ;
#1502 = AXIS2_PLACEMENT_3D ( 'NONE', #9303, #444, #5324 ) ;
#1503 = ADVANCED_FACE ( 'NONE', ( #2272 ), #4311, .F. ) ;
#1504 = DIRECTION ( 'NONE',  ( -1.327027319204863784E-16, -1.000000000000000000, -0.000000000000000000 ) ) ;
#1505 = EDGE_CURVE ( 'NONE', #8898, #2485, #5842, .T. ) ;
#1506 = CARTESIAN_POINT ( 'NONE',  ( -6.514715287270208322, -2.198587845354674108, 1.000000000000000000 ) ) ;
#1508 = ORIENTED_EDGE ( 'NONE', *, *, #3217, .T. ) ;
#1507 = ORIENTED_EDGE ( 'NONE', *, *, #7343, .F. ) ;
#1509 = AXIS2_PLACEMENT_3D ( 'NONE', #8062, #1430, #2268 ) ;
#1510 = ORIENTED_EDGE ( 'NONE', *, *, #3901, .T. ) ;
#1511 = LINE ( 'NONE', #7402, #8587 ) ;
#1512 = CARTESIAN_POINT ( 'NONE',  ( -5.049999999999998046, 1.000000000000000000, -4.500000000000000888 ) ) ;
#1513 = ORIENTED_EDGE ( 'NONE', *, *, #10619, .F. ) ;
#1514 = CARTESIAN_POINT ( 'NONE',  ( -5.799999999999998934, 5.650000000000001243, -4.500000000000000000 ) ) ;
#1515 = ORIENTED_EDGE ( 'NONE', *, *, #7376, .T. ) ;
#1516 = CARTESIAN_POINT ( 'NONE',  ( 3.880824640740575759, 0.4999999999999998890, -3.000000000000000000 ) ) ;
#1517 = DIRECTION ( 'NONE',  ( 0.000000000000000000, 0.000000000000000000, 1.000000000000000000 ) ) ;
#1518 = EDGE_CURVE ( 'NONE', #3675, #1700, #5447, .T. ) ;
#1519 = CARTESIAN_POINT ( 'NONE',  ( 5.049999999999997158, 0.5000000000000002220, 3.000000000000000000 ) ) ;
#1520 = CARTESIAN_POINT ( 'NONE',  ( -2.550000000000000711, 0.09999999999999974187, 7.699999999999997513 ) ) ;
#1521 = EDGE_CURVE ( 'NONE', #1525, #4092, #1981, .T. ) ;
#1522 = DIRECTION ( 'NONE',  ( 1.000000000000000000, 0.000000000000000000, 0.000000000000000000 ) ) ;
#1523 = CARTESIAN_POINT ( 'NONE',  ( 0.05000000000000012768, -2.299999999999999822, 7.699999999999997513 ) ) ;
#1524 = ORIENTED_EDGE ( 'NONE', *, *, #6191, .T. ) ;
#1525 = VERTEX_POINT ( 'NONE', #7041 ) ;
#1526 = AXIS2_PLACEMENT_3D ( 'NONE', #5498, #7225, #2191 ) ;
#1527 = LINE ( 'NONE', #6985, #8409 ) ;
#1528 = VERTEX_POINT ( 'NONE', #9325 ) ;
#1529 = CARTESIAN_POINT ( 'NONE',  ( -5.049999999999998046, 1.000000000000000000, -4.500000000000000888 ) ) ;
#1530 = ORIENTED_EDGE ( 'NONE', *, *, #5208, .F. ) ;
#1531 = FACE_OUTER_BOUND ( 'NONE', #1312, .T. ) ;
#1532 = CARTESIAN_POINT ( 'NONE',  ( 3.299999999999999822, 2.949999999999998401, 7.549999999999999822 ) ) ;
#1533 = CARTESIAN_POINT ( 'NONE',  ( 2.500000000000000000, -2.299999999999999822, 7.549999999999998046 ) ) ;
#1534 = LINE ( 'NONE', #530, #8524 ) ;
#1535 = ADVANCED_FACE ( 'NONE', ( #9049 ), #1896, .T. ) ;
#1536 = DIRECTION ( 'NONE',  ( -1.000000000000000000, 0.000000000000000000, 0.000000000000000000 ) ) ;
#1537 = EDGE_CURVE ( 'NONE', #9420, #8087, #5375, .T. ) ;
#1538 = DIRECTION ( 'NONE',  ( 0.000000000000000000, -0.000000000000000000, -1.000000000000000000 ) ) ;
#1540 = VERTEX_POINT ( 'NONE', #6839 ) ;
#1539 = EDGE_LOOP ( 'NONE', ( #2608, #10253, #9368, #1573 ) ) ;
#1541 = EDGE_CURVE ( 'NONE', #4353, #9373, #5466, .T. ) ;
#1542 = VERTEX_POINT ( 'NONE', #7809 ) ;
#1543 = DIRECTION ( 'NONE',  ( -0.7660444431189813441, 0.6427876096865353661, -5.575293782951149186E-15 ) ) ;
#1544 = DIRECTION ( 'NONE',  ( 1.000000000000000000, 0.000000000000000000, 0.000000000000000000 ) ) ;
#1545 = CARTESIAN_POINT ( 'NONE',  ( -1.699999999999999956, 2.949999999999998845, 7.299999999999999822 ) ) ;
#1546 = DIRECTION ( 'NONE',  ( 0.000000000000000000, 2.017120320903263702E-16, -1.000000000000000000 ) ) ;
#1547 = CARTESIAN_POINT ( 'NONE',  ( -2.100000000000000089, 0.3544119062935187636, 6.700000000000000178 ) ) ;
#1548 = AXIS2_PLACEMENT_3D ( 'NONE', #9033, #1733, #117 ) ;
#1549 = CARTESIAN_POINT ( 'NONE',  ( -5.049999999999997158, 2.128355624055937206E-16, 5.350000000000001421 ) ) ;
#1550 = EDGE_LOOP ( 'NONE', ( #1187, #9550, #4580, #8156 ) ) ;
#1551 = VECTOR ( 'NONE', #5176, 1000.000000000000000 ) ;
#1552 = LINE ( 'NONE', #6203, #8669 ) ;
#1553 = DIRECTION ( 'NONE',  ( 0.000000000000000000, 0.000000000000000000, 1.000000000000000000 ) ) ;
#1554 = EDGE_CURVE ( 'NONE', #1396, #10123, #5342, .T. ) ;
#1556 = EDGE_LOOP ( 'NONE', ( #156, #3583, #211, #7268 ) ) ;
#1555 = ORIENTED_EDGE ( 'NONE', *, *, #6464, .T. ) ;
#1557 = SURFACE_SIDE_STYLE ('',( #9335 ) ) ;
#1558 = CARTESIAN_POINT ( 'NONE',  ( -0.4000000000000001887, 2.504411906293519507, 7.299999999999998934 ) ) ;
#1559 = VERTEX_POINT ( 'NONE', #4373 ) ;
#1560 = DIRECTION ( 'NONE',  ( -1.000000000000000000, -0.000000000000000000, -0.000000000000000000 ) ) ;
#1561 = DIRECTION ( 'NONE',  ( 0.000000000000000000, 0.000000000000000000, -1.000000000000000000 ) ) ;
#1562 = DIRECTION ( 'NONE',  ( -0.000000000000000000, -1.000000000000000000, -0.000000000000000000 ) ) ;
#1563 = CARTESIAN_POINT ( 'NONE',  ( -4.250000000000000000, 6.700000000000000178, 5.099999999999999645 ) ) ;
#1564 = LINE ( 'NONE', #5574, #5142 ) ;
#1565 = ORIENTED_EDGE ( 'NONE', *, *, #9490, .F. ) ;
#1566 = ADVANCED_FACE ( 'NONE', ( #1823 ), #1929, .T. ) ;
#1567 = EDGE_CURVE ( 'NONE', #2485, #10296, #1846, .T. ) ;
#1568 = ORIENTED_EDGE ( 'NONE', *, *, #647, .F. ) ;
#1569 = CARTESIAN_POINT ( 'NONE',  ( -5.499999999999996447, 5.500000000000000888, -6.500000000000000888 ) ) ;
#1570 = FACE_OUTER_BOUND ( 'NONE', #9938, .T. ) ;
#1571 = CARTESIAN_POINT ( 'NONE',  ( -5.799999999999998046, 0.5000000000000004441, 3.000000000000000888 ) ) ;
#1572 = CARTESIAN_POINT ( 'NONE',  ( -5.750000000000000000, 5.700000000000000178, -5.250000000000000000 ) ) ;
#1574 = ORIENTED_EDGE ( 'NONE', *, *, #7775, .F. ) ;
#1573 = ORIENTED_EDGE ( 'NONE', *, *, #4583, .F. ) ;
#1575 = ORIENTED_EDGE ( 'NONE', *, *, #7394, .T. ) ;
#1576 = LINE ( 'NONE', #9152, #1462 ) ;
#1577 = CARTESIAN_POINT ( 'NONE',  ( 5.799999999999996270, 3.100000000000000089, -4.500000000000000888 ) ) ;
#1578 = LINE ( 'NONE', #4759, #8464 ) ;
#1579 = EDGE_CURVE ( 'NONE', #4142, #8804, #8886, .T. ) ;
#1580 = ORIENTED_EDGE ( 'NONE', *, *, #6608, .F. ) ;
#1581 = CARTESIAN_POINT ( 'NONE',  ( 2.900000000000000355, -3.099999999999998312, -6.200000000000001954 ) ) ;
#1582 = VERTEX_POINT ( 'NONE', #1042 ) ;
#1583 = DIRECTION ( 'NONE',  ( 1.000000000000000000, 1.341711765540131426E-16, 0.000000000000000000 ) ) ;
#1584 = FACE_OUTER_BOUND ( 'NONE', #6388, .T. ) ;
#1585 = CARTESIAN_POINT ( 'NONE',  ( -6.172636875200958606, -2.926423563648953063, 1.000000000000000000 ) ) ;
#1586 = AXIS2_PLACEMENT_3D ( 'NONE', #5367, #490, #8746 ) ;
#1587 = ADVANCED_FACE ( 'NONE', ( #1915 ), #8909, .T. ) ;
#1588 = FACE_OUTER_BOUND ( 'NONE', #9176, .T. ) ;
#1589 = DIRECTION ( 'NONE',  ( 0.000000000000000000, -2.460132057943349518E-16, 1.000000000000000000 ) ) ;
#1590 = DIRECTION ( 'NONE',  ( -1.000000000000000000, -0.000000000000000000, -0.000000000000000000 ) ) ;
#1592 = ORIENTED_EDGE ( 'NONE', *, *, #1267, .T. ) ;
#1591 = ORIENTED_EDGE ( 'NONE', *, *, #2442, .F. ) ;
#1593 = CARTESIAN_POINT ( 'NONE',  ( -5.049999999999997158, 2.128355624055937206E-16, -6.700000000000000178 ) ) ;
#1594 = FILL_AREA_STYLE_COLOUR ( '', #3769 ) ;
#1595 = ORIENTED_EDGE ( 'NONE', *, *, #9905, .T. ) ;
#1596 = ORIENTED_EDGE ( 'NONE', *, *, #4796, .F. ) ;
#1597 = VECTOR ( 'NONE', #7881, 1000.000000000000000 ) ;
#1598 = ORIENTED_EDGE ( 'NONE', *, *, #9070, .T. ) ;
#1599 = VERTEX_POINT ( 'NONE', #3521 ) ;
#1600 = EDGE_LOOP ( 'NONE', ( #2910, #6700, #3182, #6156 ) ) ;
#1601 = VECTOR ( 'NONE', #2755, 1000.000000000000000 ) ;
#1602 = CARTESIAN_POINT ( 'NONE',  ( 2.500000000000000000, -3.099999999999999201, 7.299999999999998934 ) ) ;
#1603 = DIRECTION ( 'NONE',  ( -0.000000000000000000, -1.000000000000000000, -0.000000000000000000 ) ) ;
#1604 = EDGE_CURVE ( 'NONE', #4216, #2887, #1786, .T. ) ;
#1605 = DIRECTION ( 'NONE',  ( -1.000000000000000000, -0.000000000000000000, -0.000000000000000000 ) ) ;
#1606 = DIRECTION ( 'NONE',  ( 0.000000000000000000, 1.000000000000000000, 0.000000000000000000 ) ) ;
#1607 = DIRECTION ( 'NONE',  ( 0.000000000000000000, 1.000000000000000000, 0.000000000000000000 ) ) ;
#1608 = EDGE_CURVE ( 'NONE', #3061, #6431, #1803, .T. ) ;
#1609 = ORIENTED_EDGE ( 'NONE', *, *, #4762, .F. ) ;
#1610 = AXIS2_PLACEMENT_3D ( 'NONE', #3891, #7843, #1338 ) ;
#1611 = VERTEX_POINT ( 'NONE', #3856 ) ;
#1612 = ORIENTED_EDGE ( 'NONE', *, *, #5387, .F. ) ;
#1613 = EDGE_CURVE ( 'NONE', #5043, #10134, #9031, .T. ) ;
#1614 = DIRECTION ( 'NONE',  ( 1.000000000000000000, 0.000000000000000000, 0.000000000000000000 ) ) ;
#1615 = DIRECTION ( 'NONE',  ( -1.000000000000000000, 0.000000000000000000, 0.000000000000000000 ) ) ;
#1616 = CIRCLE ( 'NONE', #10595, 0.2999999999999999334 ) ;
#1617 = ORIENTED_EDGE ( 'NONE', *, *, #10021, .F. ) ;
#1618 = CARTESIAN_POINT ( 'NONE',  ( 5.799999999999996270, 4.986986664055304885, -4.999999999999997335 ) ) ;
#1619 = VERTEX_POINT ( 'NONE', #7997 ) ;
#1620 = AXIS2_PLACEMENT_3D ( 'NONE', #8410, #2850, #2010 ) ;
#1621 = ORIENTED_EDGE ( 'NONE', *, *, #4599, .T. ) ;
#1622 = VECTOR ( 'NONE', #10569, 1000.000000000000000 ) ;
#1623 = ADVANCED_FACE ( 'NONE', ( #8942 ), #4683, .T. ) ;
#1624 = CARTESIAN_POINT ( 'NONE',  ( 3.299999999999999822, 0.8000000000000001554, -6.800000000000001599 ) ) ;
#1625 = DIRECTION ( 'NONE',  ( -1.000000000000000000, -0.000000000000000000, -0.000000000000000000 ) ) ;
#1627 = ORIENTED_EDGE ( 'NONE', *, *, #9588, .F. ) ;
#1626 = ORIENTED_EDGE ( 'NONE', *, *, #8032, .T. ) ;
#1628 = CARTESIAN_POINT ( 'NONE',  ( 2.900000000000000355, 2.504411906293520396, -6.200000000000001954 ) ) ;
#1629 = EDGE_LOOP ( 'NONE', ( #1258, #5786 ) ) ;
#1630 = LINE ( 'NONE', #5468, #5225 ) ;
#1631 = DIRECTION ( 'NONE',  ( -1.000000000000000000, 1.327027319204863784E-16, 0.000000000000000000 ) ) ;
#1632 = EDGE_CURVE ( 'NONE', #585, #4072, #5412, .T. ) ;
#1633 = AXIS2_PLACEMENT_3D ( 'NONE', #1104, #3714, #4559 ) ;
#1634 = CARTESIAN_POINT ( 'NONE',  ( 3.299999999999999822, 0.8000000000000001554, -6.750000000000001776 ) ) ;
#1635 = CARTESIAN_POINT ( 'NONE',  ( 5.799999999999996270, 0.5000000000000002220, 4.500000000000000888 ) ) ;
#1636 = VECTOR ( 'NONE', #2196, 1000.000000000000000 ) ;
#1637 = EDGE_CURVE ( 'NONE', #1878, #3507, #1860, .T. ) ;
#1638 = CLOSED_SHELL ( 'NONE', ( #6090, #1535, #7759, #10626, #3215, #534, #4860, #5840, #4401, #7270, #10065, #580, #2379, #8533, #2224, #6067, #353, #9644, #10196, #1020, #1041, #2472, #3830, #3455, #10504, #8471, #4343, #8359, #7246, #3656, #6314, #7361, #871, #7895, #6158, #2105, #1623, #5112, #5537, #9812, #5382, #8067 ) ) ;
#1639 = ORIENTED_EDGE ( 'NONE', *, *, #995, .F. ) ;
#1640 = CARTESIAN_POINT ( 'NONE',  ( 0.5164174130422014564, 2.170863245782921780, 7.549999999999999822 ) ) ;
#1641 = PRESENTATION_STYLE_ASSIGNMENT (( #3844 ) ) ;
#1642 = AXIS2_PLACEMENT_3D ( 'NONE', #2746, #881, #32 ) ;
#1643 = FACE_OUTER_BOUND ( 'NONE', #3692, .T. ) ;
#1644 = DIRECTION ( 'NONE',  ( -0.000000000000000000, -0.000000000000000000, 1.000000000000000000 ) ) ;
#1645 = VERTEX_POINT ( 'NONE', #6215 ) ;
#1646 = VERTEX_POINT ( 'NONE', #4755 ) ;
#1647 = FACE_OUTER_BOUND ( 'NONE', #504, .T. ) ;
#1648 = EDGE_CURVE ( 'NONE', #6971, #392, #5429, .T. ) ;
#1649 = FACE_OUTER_BOUND ( 'NONE', #902, .T. ) ;
#1650 = ORIENTED_EDGE ( 'NONE', *, *, #7283, .T. ) ;
#1651 = ADVANCED_FACE ( 'NONE', ( #10163 ), #1366, .T. ) ;
#1652 = CARTESIAN_POINT ( 'NONE',  ( -2.550000000000000266, -2.299999999999998046, -7.200000000000001066 ) ) ;
#1653 = CARTESIAN_POINT ( 'NONE',  ( 2.100000000000000089, 0.8000000000000001554, -7.050000000000001599 ) ) ;
#1654 = EDGE_CURVE ( 'NONE', #3047, #6638, #6905, .T. ) ;
#1655 = ORIENTED_EDGE ( 'NONE', *, *, #5454, .F. ) ;
#1656 = CARTESIAN_POINT ( 'NONE',  ( -5.799999999999996270, 0.5000000000000002220, -3.000000000000000000 ) ) ;
#1657 = LINE ( 'NONE', #8963, #5301 ) ;
#1658 = CARTESIAN_POINT ( 'NONE',  ( -4.250000000000000000, 6.700000000000000178, 4.675000000000001599 ) ) ;
#1659 = LINE ( 'NONE', #7823, #8969 ) ;
#1660 = MECHANICAL_DESIGN_GEOMETRIC_PRESENTATION_REPRESENTATION (  '', ( #2194 ), #8004 ) ;
#1661 = DIRECTION ( 'NONE',  ( -0.000000000000000000, 1.000000000000000000, 2.460132057943349518E-16 ) ) ;
#1662 = VECTOR ( 'NONE', #4790, 1000.000000000000000 ) ;
#1663 = CARTESIAN_POINT ( 'NONE',  ( -5.049999999999997158, 2.400000000000000355, 5.350000000000001421 ) ) ;
#1664 = DIRECTION ( 'NONE',  ( -1.000000000000000000, 1.224646799147353207E-16, 5.425329057508500610E-33 ) ) ;
#1665 = ORIENTED_EDGE ( 'NONE', *, *, #2619, .F. ) ;
#1666 = VERTEX_POINT ( 'NONE', #7170 ) ;
#1667 = ORIENTED_EDGE ( 'NONE', *, *, #620, .T. ) ;
#1668 = EDGE_CURVE ( 'NONE', #5493, #4864, #10280, .T. ) ;
#1669 = CLOSED_SHELL ( 'NONE', ( #7331, #2768, #1862, #5415, #5910, #5631, #3855, #10488, #9916, #9442, #10290, #7441, #4777, #5810, #4947, #7932, #1945, #7221, #1180, #2584, #147, #6334, #7734, #1159, #7014, #768, #2181, #9531, #4062, #5356, #2872, #8601, #7154, #279, #9744, #2662, #3577, #4381, #4473, #645, #888, #5937, #5270, #733, #3996, #9572, #5405, #6867, #4017, #4085, #3948, #3810, #70, #7038, #6128, #3635, #6425, #2441 ) ) ;
#1670 = PLANE ( 'NONE',  #5904 ) ;
#1671 = ORIENTED_EDGE ( 'NONE', *, *, #4189, .T. ) ;
#1672 = CIRCLE ( 'NONE', #4328, 3.000000000000000000 ) ;
#1673 = DIRECTION ( 'NONE',  ( 0.000000000000000000, -4.430117370400858162E-17, 1.000000000000000000 ) ) ;
#1674 = PLANE ( 'NONE',  #4508 ) ;
#1675 = EDGE_CURVE ( 'NONE', #3555, #8266, #3160, .T. ) ;
#1676 = ADVANCED_FACE ( 'NONE', ( #3020 ), #6758, .F. ) ;
#1677 = DIRECTION ( 'NONE',  ( 0.000000000000000000, 0.000000000000000000, 1.000000000000000000 ) ) ;
#1678 = MANIFOLD_SOLID_BREP ( 'Mirror1[2]', #6327 ) ;
#1679 = LINE ( 'NONE', #6694, #5525 ) ;
#1680 = CARTESIAN_POINT ( 'NONE',  ( 3.880824640740575759, 0.4999999999999998890, 3.000000000000000000 ) ) ;
#1681 = CARTESIAN_POINT ( 'NONE',  ( 6.200000000000000178, 3.100000000000000089, -3.000000000000000000 ) ) ;
#1682 = DIRECTION ( 'NONE',  ( 0.000000000000000000, -2.460132057943349518E-16, 1.000000000000000000 ) ) ;
#1683 =( GEOMETRIC_REPRESENTATION_CONTEXT ( 3 ) GLOBAL_UNCERTAINTY_ASSIGNED_CONTEXT ( ( #10251 ) ) GLOBAL_UNIT_ASSIGNED_CONTEXT ( ( #5854, #2560, #3418 ) ) REPRESENTATION_CONTEXT ( 'NONE', 'WORKASPACE' ) );
#1684 = CARTESIAN_POINT ( 'NONE',  ( 5.799999999999998934, 5.650000000000001243, 4.500000000000000888 ) ) ;
#1685 = VERTEX_POINT ( 'NONE', #7716 ) ;
#1686 = EDGE_LOOP ( 'NONE', ( #5478, #4234, #3, #6782 ) ) ;
#1687 = LINE ( 'NONE', #7971, #5175 ) ;
#1688 = PLANE ( 'NONE',  #847 ) ;
#1689 = DIRECTION ( 'NONE',  ( 0.000000000000000000, 1.000000000000000000, 0.000000000000000000 ) ) ;
#1690 = DIRECTION ( 'NONE',  ( 0.000000000000000000, -1.000000000000000000, 0.000000000000000000 ) ) ;
#1691 = CIRCLE ( 'NONE', #9927, 0.4250000000000000444 ) ;
#1692 = CARTESIAN_POINT ( 'NONE',  ( -4.549999999999997158, 4.986986664055304885, -5.850000000000000533 ) ) ;
#1693 = PLANE ( 'NONE',  #9899 ) ;
#1694 = CARTESIAN_POINT ( 'NONE',  ( 5.499999999999996447, 0.000000000000000000, -6.400000000000000355 ) ) ;
#1695 = ORIENTED_EDGE ( 'NONE', *, *, #10450, .T. ) ;
#1696 = EDGE_LOOP ( 'NONE', ( #2751, #3717, #10311, #6369 ) ) ;
#1697 = EDGE_CURVE ( 'NONE', #1339, #10424, #2931, .T. ) ;
#1698 = CARTESIAN_POINT ( 'NONE',  ( -2.399251774994277220, 14.83508237661052398, 1.164917623389475354 ) ) ;
#1699 = CYLINDRICAL_SURFACE ( 'NONE', #1501, 0.5000000000000004441 ) ;
#1701 = VERTEX_POINT ( 'NONE', #252 ) ;
#1700 = VERTEX_POINT ( 'NONE', #1798 ) ;
#1702 = EDGE_CURVE ( 'NONE', #294, #10008, #6496, .T. ) ;
#1703 = AXIS2_PLACEMENT_3D ( 'NONE', #4117, #10591, #744 ) ;
#1704 = VERTEX_POINT ( 'NONE', #9223 ) ;
#1705 = DIRECTION ( 'NONE',  ( -0.3420201433256695456, 0.9396926207859082059, 1.895473080790100108E-16 ) ) ;
#1706 = DIRECTION ( 'NONE',  ( 0.000000000000000000, 4.869470219022243768E-16, -1.000000000000000000 ) ) ;
#1707 = FACE_OUTER_BOUND ( 'NONE', #1856, .T. ) ;
#1708 = ORIENTED_EDGE ( 'NONE', *, *, #7610, .T. ) ;
#1709 = ORIENTED_EDGE ( 'NONE', *, *, #4429, .F. ) ;
#1710 = LINE ( 'NONE', #3239, #5539 ) ;
#1711 = CARTESIAN_POINT ( 'NONE',  ( 5.799999999999996270, 0.5000000000000002220, 3.000000000000000000 ) ) ;
#1712 = DIRECTION ( 'NONE',  ( 0.000000000000000000, -2.460132057943349518E-16, 1.000000000000000000 ) ) ;
#1714 = EDGE_LOOP ( 'NONE', ( #6637, #5899, #4816, #2457 ) ) ;
#1713 = ORIENTED_EDGE ( 'NONE', *, *, #4667, .T. ) ;
#1715 = EDGE_LOOP ( 'NONE', ( #7576, #4951, #9623, #3347 ) ) ;
#1716 = DIRECTION ( 'NONE',  ( -1.000000000000000000, 0.000000000000000000, 0.000000000000000000 ) ) ;
#1717 = AXIS2_PLACEMENT_3D ( 'NONE', #728, #4025, #4797 ) ;
#1718 = FACE_OUTER_BOUND ( 'NONE', #10076, .T. ) ;
#1719 =( LENGTH_UNIT ( ) NAMED_UNIT ( * ) SI_UNIT ( .MILLI., .METRE. ) );
#1720 = EDGE_CURVE ( 'NONE', #3042, #4095, #10040, .T. ) ;
#1721 = ORIENTED_EDGE ( 'NONE', *, *, #6210, .F. ) ;
#1722 = CARTESIAN_POINT ( 'NONE',  ( 5.599999999999996092, 5.500000000000000888, 6.700000000000000178 ) ) ;
#1723 = DIRECTION ( 'NONE',  ( 0.8191520442889909104, 0.5735764363510472696, 0.000000000000000000 ) ) ;
#1724 = ORIENTED_EDGE ( 'NONE', *, *, #1973, .T. ) ;
#1725 = VECTOR ( 'NONE', #188, 1000.000000000000000 ) ;
#1726 = DIRECTION ( 'NONE',  ( -0.7071067811865493491, 0.000000000000000000, -0.7071067811865456854 ) ) ;
#1727 = EDGE_CURVE ( 'NONE', #3892, #6573, #9797, .T. ) ;
#1728 = VECTOR ( 'NONE', #2175, 1000.000000000000000 ) ;
#1729 = CARTESIAN_POINT ( 'NONE',  ( -3.880824640740575759, 0.4999999999999998890, -3.000000000000000000 ) ) ;
#1730 = DIRECTION ( 'NONE',  ( 1.000000000000000000, 0.000000000000000000, 0.000000000000000000 ) ) ;
#1731 = SURFACE_STYLE_FILL_AREA ( #7327 ) ;
#1732 = DIRECTION ( 'NONE',  ( -1.327027319204863784E-16, 1.000000000000000000, 0.000000000000000000 ) ) ;
#1733 = DIRECTION ( 'NONE',  ( 0.000000000000000000, -1.000000000000000000, -0.000000000000000000 ) ) ;
#1734 = ORIENTED_EDGE ( 'NONE', *, *, #7145, .T. ) ;
#1735 = CARTESIAN_POINT ( 'NONE',  ( -0.4000000000000001887, 2.504411906293519507, 7.549999999999999822 ) ) ;
#1736 = VERTEX_POINT ( 'NONE', #1142 ) ;
#1737 = VECTOR ( 'NONE', #4581, 1000.000000000000000 ) ;
#1738 = EDGE_CURVE ( 'NONE', #1666, #1540, #2734, .T. ) ;
#1739 = VERTEX_POINT ( 'NONE', #7078 ) ;
#1740 = ADVANCED_FACE ( 'NONE', ( #9096 ), #8604, .T. ) ;
#1741 = ORIENTED_EDGE ( 'NONE', *, *, #10502, .T. ) ;
#1742 = CARTESIAN_POINT ( 'NONE',  ( 3.299999999999999822, 0.7999999999999982681, 7.549999999999999822 ) ) ;
#1743 = ORIENTED_EDGE ( 'NONE', *, *, #7512, .F. ) ;
#1744 = VECTOR ( 'NONE', #3771, 999.9999999999998863 ) ;
#1745 = AXIS2_PLACEMENT_3D ( 'NONE', #270, #857, #1038 ) ;
#1746 = DIRECTION ( 'NONE',  ( 0.000000000000000000, 1.000000000000000000, 4.430117370400858162E-17 ) ) ;
#1747 = AXIS2_PLACEMENT_3D ( 'NONE', #9493, #3932, #8135 ) ;
#1748 = CARTESIAN_POINT ( 'NONE',  ( 5.450000000000000178, 5.700000000000000178, -6.400000000000000355 ) ) ;
#1749 = VECTOR ( 'NONE', #7421, 1000.000000000000000 ) ;
#1750 = CARTESIAN_POINT ( 'NONE',  ( -3.880824640740575759, 0.09999999999999990841, 2.599999999999997424 ) ) ;
#1751 = EDGE_CURVE ( 'NONE', #10480, #6092, #2031, .T. ) ;
#1752 = DIRECTION ( 'NONE',  ( 1.000000000000000000, 0.000000000000000000, 0.000000000000000000 ) ) ;
#1753 = CARTESIAN_POINT ( 'NONE',  ( 5.799999999999998934, 5.650000000000001243, 1.599999999999999867 ) ) ;
#1755 = ORIENTED_EDGE ( 'NONE', *, *, #9789, .F. ) ;
#1754 = EDGE_LOOP ( 'NONE', ( #2691, #2378, #6182, #10182 ) ) ;
#1756 = AXIS2_PLACEMENT_3D ( 'NONE', #9829, #4778, #8020 ) ;
#1757 = EDGE_LOOP ( 'NONE', ( #5282, #4053, #2562, #4593 ) ) ;
#1758 = LINE ( 'NONE', #4286, #9045 ) ;
#1759 = CARTESIAN_POINT ( 'NONE',  ( 5.750000000000000000, 5.650000000000001243, 5.250000000000000000 ) ) ;
#1760 = CARTESIAN_POINT ( 'NONE',  ( -5.799999999999996270, 2.100000000000000089, -1.599999999999999867 ) ) ;
#1761 = DIRECTION ( 'NONE',  ( 0.000000000000000000, -0.000000000000000000, -1.000000000000000000 ) ) ;
#1762 = FACE_OUTER_BOUND ( 'NONE', #3341, .T. ) ;
#1763 = CARTESIAN_POINT ( 'NONE',  ( -5.799999999999996270, 2.400000000000000355, 6.700000000000000178 ) ) ;
#1764 = ORIENTED_EDGE ( 'NONE', *, *, #9871, .F. ) ;
#1765 = DIRECTION ( 'NONE',  ( 0.000000000000000000, -0.000000000000000000, -1.000000000000000000 ) ) ;
#1766 = ORIENTED_EDGE ( 'NONE', *, *, #8870, .F. ) ;
#1767 = CARTESIAN_POINT ( 'NONE',  ( 3.850000000000000089, 2.400000000000000355, 5.850000000000000533 ) ) ;
#1768 = VERTEX_POINT ( 'NONE', #3500 ) ;
#1769 = VECTOR ( 'NONE', #8299, 1000.000000000000000 ) ;
#1770 = VECTOR ( 'NONE', #1951, 1000.000000000000114 ) ;
#1771 = ADVANCED_FACE ( 'NONE', ( #1959 ), #5101, .T. ) ;
#1772 = EDGE_CURVE ( 'NONE', #7388, #1379, #5309, .T. ) ;
#1773 = VECTOR ( 'NONE', #5552, 1000.000000000000000 ) ;
#1774 = CARTESIAN_POINT ( 'NONE',  ( -1.699999999999999956, 0.8000000000000001554, -6.750000000000001776 ) ) ;
#1775 = EDGE_CURVE ( 'NONE', #7314, #7165, #1758, .T. ) ;
#1776 = COLOUR_RGB ( '',0.1176470588235294101, 0.3921568627450980338, 0.2745098039215686514 ) ;
#1777 = ORIENTED_EDGE ( 'NONE', *, *, #9249, .T. ) ;
#1778 = CARTESIAN_POINT ( 'NONE',  ( 5.750000000000000000, 5.700000000000000178, 6.700000000000000178 ) ) ;
#1779 = ORIENTED_EDGE ( 'NONE', *, *, #4599, .F. ) ;
#1780 = DIRECTION ( 'NONE',  ( 1.000000000000000000, 1.535153518563546084E-16, -0.000000000000000000 ) ) ;
#1781 = AXIS2_PLACEMENT_3D ( 'NONE', #688, #4821, #8256 ) ;
#1782 = DIRECTION ( 'NONE',  ( 1.000000000000000000, 0.000000000000000000, 0.000000000000000000 ) ) ;
#1783 = ORIENTED_EDGE ( 'NONE', *, *, #10574, .F. ) ;
#1784 = ORIENTED_EDGE ( 'NONE', *, *, #3863, .F. ) ;
#1785 = ORIENTED_EDGE ( 'NONE', *, *, #3885, .F. ) ;
#1786 = LINE ( 'NONE', #7607, #5357 ) ;
#1787 = DIRECTION ( 'NONE',  ( 0.000000000000000000, 0.000000000000000000, 1.000000000000000000 ) ) ;
#1788 = VECTOR ( 'NONE', #6590, 1000.000000000000000 ) ;
#1789 = DIRECTION ( 'NONE',  ( -0.000000000000000000, 1.000000000000000000, 2.017120320903263702E-16 ) ) ;
#1790 = VECTOR ( 'NONE', #2885, 1000.000000000000000 ) ;
#1791 = CARTESIAN_POINT ( 'NONE',  ( 4.250000000000000000, 6.700000000000000178, -5.524999999999999467 ) ) ;
#1792 = EDGE_CURVE ( 'NONE', #9061, #1599, #8657, .T. ) ;
#1793 = ORIENTED_EDGE ( 'NONE', *, *, #9154, .F. ) ;
#1794 = EDGE_CURVE ( 'NONE', #5043, #7543, #1576, .T. ) ;
#1795 = EDGE_LOOP ( 'NONE', ( #3079, #1055 ) ) ;
#1796 = DIRECTION ( 'NONE',  ( 0.000000000000000000, -1.000000000000000000, 0.000000000000000000 ) ) ;
#1797 = CIRCLE ( 'NONE', #8954, 0.4249999999999982681 ) ;
#1798 = CARTESIAN_POINT ( 'NONE',  ( -5.799999999999998934, 5.650000000000001243, 5.250000000000000000 ) ) ;
#1799 = AXIS2_PLACEMENT_3D ( 'NONE', #9215, #3440, #3209 ) ;
#1800 = CARTESIAN_POINT ( 'NONE',  ( -5.799999999999996270, 2.400000000000000355, 6.700000000000000178 ) ) ;
#1801 = PLANE ( 'NONE',  #805 ) ;
#1802 = ORIENTED_EDGE ( 'NONE', *, *, #8278, .T. ) ;
#1803 = LINE ( 'NONE', #1826, #5485 ) ;
#1804 = FACE_OUTER_BOUND ( 'NONE', #3184, .T. ) ;
#1805 = DIRECTION ( 'NONE',  ( 0.5735764363510492680, 0.8191520442889894671, -0.000000000000000000 ) ) ;
#1806 = LINE ( 'NONE', #9388, #5469 ) ;
#1807 = DIRECTION ( 'NONE',  ( 0.000000000000000000, 0.000000000000000000, 1.000000000000000000 ) ) ;
#1808 = VECTOR ( 'NONE', #5058, 1000.000000000000000 ) ;
#1809 = LINE ( 'NONE', #1763, #1440 ) ;
#1810 = CARTESIAN_POINT ( 'NONE',  ( 2.500000000000000000, -3.099999999999997424, -7.050000000000002487 ) ) ;
#1811 = DIRECTION ( 'NONE',  ( -0.000000000000000000, -0.000000000000000000, -1.000000000000000000 ) ) ;
#1812 = EDGE_CURVE ( 'NONE', #1700, #3409, #8566, .T. ) ;
#1814 = ORIENTED_EDGE ( 'NONE', *, *, #2704, .T. ) ;
#1813 = ORIENTED_EDGE ( 'NONE', *, *, #10026, .T. ) ;
#1815 = DIRECTION ( 'NONE',  ( 0.000000000000000000, -4.869470219022244754E-16, 1.000000000000000000 ) ) ;
#1816 = FILL_AREA_STYLE ('',( #1594 ) ) ;
#1817 = ORIENTED_EDGE ( 'NONE', *, *, #3100, .F. ) ;
#1818 = ADVANCED_FACE ( 'NONE', ( #1647 ), #8408, .F. ) ;
#1819 = FACE_OUTER_BOUND ( 'NONE', #2176, .T. ) ;
#1820 = EDGE_LOOP ( 'NONE', ( #8564, #4022, #571, #4561 ) ) ;
#1821 = AXIS2_PLACEMENT_3D ( 'NONE', #5155, #7057, #8499 ) ;
#1822 = ORIENTED_EDGE ( 'NONE', *, *, #9177, .F. ) ;
#1823 = FACE_OUTER_BOUND ( 'NONE', #1935, .T. ) ;
#1824 = COLOUR_RGB ( '',0.7921568627450980005, 0.8196078431372548767, 0.9333333333333333481 ) ;
#1825 = CARTESIAN_POINT ( 'NONE',  ( 5.049999999999997158, 2.400000000000000355, -2.000000000000000000 ) ) ;
#1826 = CARTESIAN_POINT ( 'NONE',  ( -5.799999999999996270, 0.000000000000000000, 6.400000000000000355 ) ) ;
#1827 = LINE ( 'NONE', #6895, #8816 ) ;
#1828 = CARTESIAN_POINT ( 'NONE',  ( 5.943206300660539121, -2.598762745933357543, 0.000000000000000000 ) ) ;
#1829 = PLANE ( 'NONE',  #2439 ) ;
#1830 = DIRECTION ( 'NONE',  ( 1.341711765540131426E-16, 1.000000000000000000, -0.000000000000000000 ) ) ;
#1831 = VECTOR ( 'NONE', #1458, 1000.000000000000000 ) ;
#1832 = DIRECTION ( 'NONE',  ( 0.000000000000000000, -1.445602896647339163E-16, -1.000000000000000000 ) ) ;
#1834 = ORIENTED_EDGE ( 'NONE', *, *, #2183, .T. ) ;
#1833 = ORIENTED_EDGE ( 'NONE', *, *, #1973, .F. ) ;
#1835 = ORIENTED_EDGE ( 'NONE', *, *, #5276, .T. ) ;
#1836 = CARTESIAN_POINT ( 'NONE',  ( 4.250000000000000000, 6.700000000000000178, -5.099999999999999645 ) ) ;
#1837 = PLANE ( 'NONE',  #4571 ) ;
#1838 = CIRCLE ( 'NONE', #9479, 0.2000000000000000944 ) ;
#1839 = DIRECTION ( 'NONE',  ( 0.000000000000000000, 0.000000000000000000, -1.000000000000000000 ) ) ;
#1840 = ORIENTED_EDGE ( 'NONE', *, *, #6142, .F. ) ;
#1841 = DIRECTION ( 'NONE',  ( 0.000000000000000000, 0.000000000000000000, 1.000000000000000000 ) ) ;
#1842 = EDGE_CURVE ( 'NONE', #7660, #5384, #1511, .T. ) ;
#1843 = ADVANCED_FACE ( 'NONE', ( #8699 ), #3960, .T. ) ;
#1844 = CARTESIAN_POINT ( 'NONE',  ( -5.049999999999997158, 4.986986664055304885, 5.350000000000001421 ) ) ;
#1845 = VERTEX_POINT ( 'NONE', #8096 ) ;
#1846 = CIRCLE ( 'NONE', #9181, 0.05000000000000073830 ) ;
#1847 = VECTOR ( 'NONE', #10456, 1000.000000000000000 ) ;
#1848 = ORIENTED_EDGE ( 'NONE', *, *, #1431, .T. ) ;
#1849 = VECTOR ( 'NONE', #5079, 999.9999999999998863 ) ;
#1850 = CARTESIAN_POINT ( 'NONE',  ( 6.744145861810626918, -2.526248663070270073, 1.000000000000000000 ) ) ;
#1851 = CIRCLE ( 'NONE', #8053, 0.04999999999999969746 ) ;
#1853 = ORIENTED_EDGE ( 'NONE', *, *, #3444, .T. ) ;
#1852 = EDGE_LOOP ( 'NONE', ( #7301, #5723, #7284, #10028 ) ) ;
#1854 = VERTEX_POINT ( 'NONE', #8751 ) ;
#1855 = PLANE ( 'NONE',  #1642 ) ;
#1856 = EDGE_LOOP ( 'NONE', ( #5465, #6917, #8612, #8594, #8272, #8907 ) ) ;
#1857 = AXIS2_PLACEMENT_3D ( 'NONE', #3003, #4587, #7143 ) ;
#1858 = EDGE_CURVE ( 'NONE', #625, #1611, #1687, .T. ) ;
#1859 = ORIENTED_EDGE ( 'NONE', *, *, #4070, .F. ) ;
#1860 = LINE ( 'NONE', #5497, #5538 ) ;
#1861 = DIRECTION ( 'NONE',  ( 1.000000000000000000, 0.000000000000000000, -0.000000000000000000 ) ) ;
#1862 = ADVANCED_FACE ( 'NONE', ( #8732 ), #2158, .F. ) ;
#1863 = DIRECTION ( 'NONE',  ( 0.000000000000000000, 0.000000000000000000, -1.000000000000000000 ) ) ;
#1864 = VECTOR ( 'NONE', #809, 1000.000000000000000 ) ;
#1865 = DIRECTION ( 'NONE',  ( 1.000000000000000000, -1.341711765540131426E-16, 0.000000000000000000 ) ) ;
#1866 = AXIS2_PLACEMENT_3D ( 'NONE', #6131, #2037, #3641 ) ;
#1867 = PRESENTATION_STYLE_ASSIGNMENT (( #9178 ) ) ;
#1868 = VECTOR ( 'NONE', #9401, 1000.000000000000000 ) ;
#1870 = EDGE_LOOP ( 'NONE', ( #4006, #1152, #1011, #2233 ) ) ;
#1869 = ORIENTED_EDGE ( 'NONE', *, *, #5491, .F. ) ;
#1871 = ORIENTED_EDGE ( 'NONE', *, *, #9412, .F. ) ;
#1872 = CARTESIAN_POINT ( 'NONE',  ( -5.750000000000000000, 6.099999999999999645, -5.250000000000000000 ) ) ;
#1873 = EDGE_CURVE ( 'NONE', #5881, #3874, #1630, .T. ) ;
#1874 = CARTESIAN_POINT ( 'NONE',  ( 6.199999999999999289, 5.650000000000001243, 5.250000000000000000 ) ) ;
#1875 = ORIENTED_EDGE ( 'NONE', *, *, #6710, .F. ) ;
#1876 = CARTESIAN_POINT ( 'NONE',  ( -2.500000000000000000, -3.100000000000000089, 6.699999999999999289 ) ) ;
#1877 = DIRECTION ( 'NONE',  ( 0.000000000000000000, 0.000000000000000000, -1.000000000000000000 ) ) ;
#1878 = VERTEX_POINT ( 'NONE', #8161 ) ;
#1879 = CARTESIAN_POINT ( 'NONE',  ( 4.250000000000000000, 6.100000000000000533, 5.674999999999998046 ) ) ;
#1880 = VECTOR ( 'NONE', #3127, 1000.000000000000000 ) ;
#1881 = CIRCLE ( 'NONE', #1310, 0.2999999999999999334 ) ;
#1882 = DIRECTION ( 'NONE',  ( -0.000000000000000000, 0.7071067811865451302, 0.7071067811865500152 ) ) ;
#1883 = DIRECTION ( 'NONE',  ( 1.000000000000000000, 0.000000000000000000, 0.000000000000000000 ) ) ;
#1884 = LINE ( 'NONE', #6367, #1864 ) ;
#1885 = DIRECTION ( 'NONE',  ( 0.000000000000000000, -1.000000000000000000, 0.000000000000000000 ) ) ;
#1886 = LINE ( 'NONE', #6418, #1986 ) ;
#1887 = DIRECTION ( 'NONE',  ( -1.000000000000000000, -0.000000000000000000, -0.000000000000000000 ) ) ;
#1889 = ORIENTED_EDGE ( 'NONE', *, *, #6941, .F. ) ;
#1888 = ORIENTED_EDGE ( 'NONE', *, *, #7761, .T. ) ;
#1890 = ORIENTED_EDGE ( 'NONE', *, *, #807, .F. ) ;
#1891 = AXIS2_PLACEMENT_3D ( 'NONE', #7750, #4314, #6914 ) ;
#1892 = AXIS2_PLACEMENT_3D ( 'NONE', #1844, #2732, #9267 ) ;
#1893 = LINE ( 'NONE', #5945, #8791 ) ;
#1894 = EDGE_CURVE ( 'NONE', #2475, #7469, #5261, .T. ) ;
#1895 = EDGE_LOOP ( 'NONE', ( #6671, #2238, #2541, #7725 ) ) ;
#1896 = TOROIDAL_SURFACE ( 'NONE', #5597, 0.09999999999999996392, 0.2000000000000000111 ) ;
#1897 = LINE ( 'NONE', #8289, #1725 ) ;
#1898 =( NAMED_UNIT ( * ) PLANE_ANGLE_UNIT ( ) SI_UNIT ( $, .RADIAN. ) );
#1899 = AXIS2_PLACEMENT_3D ( 'NONE', #8368, #10099, #9183 ) ;
#1900 = VECTOR ( 'NONE', #10341, 1000.000000000000000 ) ;
#1901 = CARTESIAN_POINT ( 'NONE',  ( -6.199999999999999289, 5.650000000000001243, 5.250000000000000000 ) ) ;
#1902 = DIRECTION ( 'NONE',  ( -0.000000000000000000, 4.430117370400858162E-17, -1.000000000000000000 ) ) ;
#1903 = CARTESIAN_POINT ( 'NONE',  ( 6.199999999999999289, 5.650000000000001243, -5.250000000000000000 ) ) ;
#1904 = FACE_OUTER_BOUND ( 'NONE', #6331, .T. ) ;
#1905 = CARTESIAN_POINT ( 'NONE',  ( -2.500000000000000000, -2.299999999999998046, -7.050000000000000711 ) ) ;
#1907 = VERTEX_POINT ( 'NONE', #10368 ) ;
#1906 = ORIENTED_EDGE ( 'NONE', *, *, #464, .F. ) ;
#1908 = VERTEX_POINT ( 'NONE', #6350 ) ;
#1909 = ADVANCED_FACE ( 'NONE', ( #2721 ), #1402, .T. ) ;
#1910 = CARTESIAN_POINT ( 'NONE',  ( 6.649821042359578429E-17, 0.4999999999999993339, 0.000000000000000000 ) ) ;
#1911 = DIRECTION ( 'NONE',  ( -0.8191520442889909104, 0.5735764363510473807, 0.000000000000000000 ) ) ;
#1912 = DIRECTION ( 'NONE',  ( 0.000000000000000000, 1.000000000000000000, 0.000000000000000000 ) ) ;
#1913 = CARTESIAN_POINT ( 'NONE',  ( 0.05000000000000100198, 0.6999999999999994005, 7.699999999999997513 ) ) ;
#1914 = ORIENTED_EDGE ( 'NONE', *, *, #1321, .T. ) ;
#1915 = FACE_OUTER_BOUND ( 'NONE', #7603, .T. ) ;
#1916 = LINE ( 'NONE', #1026, #9167 ) ;
#1917 = ORIENTED_EDGE ( 'NONE', *, *, #4432, .F. ) ;
#1918 = LINE ( 'NONE', #2557, #1773 ) ;
#1919 = AXIS2_PLACEMENT_3D ( 'NONE', #10160, #3632, #325 ) ;
#1920 = CARTESIAN_POINT ( 'NONE',  ( 2.500000000000000000, -2.350000000000000089, 7.549999999999998046 ) ) ;
#1921 = CIRCLE ( 'NONE', #1261, 3.500000000000000000 ) ;
#1922 = ORIENTED_EDGE ( 'NONE', *, *, #8131, .T. ) ;
#1923 = ORIENTED_EDGE ( 'NONE', *, *, #10049, .F. ) ;
#1924 = CARTESIAN_POINT ( 'NONE',  ( 5.049999999999997158, 2.128355624055937206E-16, -5.350000000000001421 ) ) ;
#1925 = LINE ( 'NONE', #4955, #8810 ) ;
#1926 = ADVANCED_FACE ( 'NONE', ( #9852 ), #3828, .F. ) ;
#1927 = EDGE_CURVE ( 'NONE', #4064, #2545, #9973, .T. ) ;
#1928 = EDGE_LOOP ( 'NONE', ( #2008, #9247, #103, #3598, #5389, #9511 ) ) ;
#1929 = CYLINDRICAL_SURFACE ( 'NONE', #9731, 0.1499999999999999667 ) ;
#1930 = DIRECTION ( 'NONE',  ( -0.9396926207859082059, 0.3420201433256695456, 1.515189377974040262E-17 ) ) ;
#1931 = DIRECTION ( 'NONE',  ( -0.000000000000000000, -1.000000000000000000, -0.000000000000000000 ) ) ;
#1932 = AXIS2_PLACEMENT_3D ( 'NONE', #1910, #4877, #3340 ) ;
#1933 = FACE_OUTER_BOUND ( 'NONE', #2365, .T. ) ;
#1935 = EDGE_LOOP ( 'NONE', ( #9557, #7010, #5407, #5700 ) ) ;
#1934 = ORIENTED_EDGE ( 'NONE', *, *, #676, .F. ) ;
#1936 = ORIENTED_EDGE ( 'NONE', *, *, #3745, .T. ) ;
#1937 = CIRCLE ( 'NONE', #4282, 0.2000000000000005107 ) ;
#1938 = DIRECTION ( 'NONE',  ( 0.000000000000000000, -4.430117370400858162E-17, 1.000000000000000000 ) ) ;
#1939 = DIRECTION ( 'NONE',  ( 0.000000000000000000, 1.000000000000000000, 0.000000000000000000 ) ) ;
#1940 = DIRECTION ( 'NONE',  ( 0.000000000000000000, 1.000000000000000000, 0.000000000000000000 ) ) ;
#1941 = ORIENTED_EDGE ( 'NONE', *, *, #1363, .F. ) ;
#1942 = CARTESIAN_POINT ( 'NONE',  ( -6.200000000000000178, 3.100000000000000089, -3.000000000000000000 ) ) ;
#1943 = EDGE_CURVE ( 'NONE', #1739, #4468, #6448, .T. ) ;
#1944 = PLANE ( 'NONE',  #708 ) ;
#1945 = ADVANCED_FACE ( 'NONE', ( #9832 ), #6521, .F. ) ;
#1946 = VERTEX_POINT ( 'NONE', #3401 ) ;
#1947 = CYLINDRICAL_SURFACE ( 'NONE', #1221, 0.1499999999999999667 ) ;
#1948 = EDGE_CURVE ( 'NONE', #7037, #5364, #6293, .T. ) ;
#1949 = CARTESIAN_POINT ( 'NONE',  ( -1.603581858547019623, 2.685093333532154070, 7.549999999999999822 ) ) ;
#1950 = COLOUR_RGB ( '',0.2509803921568627416, 0.2509803921568627416, 0.2509803921568627416 ) ;
#1951 = DIRECTION ( 'NONE',  ( 0.8191520442889909104, -0.5735764363510473807, 0.000000000000000000 ) ) ;
#1952 = DIRECTION ( 'NONE',  ( 0.000000000000000000, -2.460132057943349518E-16, 1.000000000000000000 ) ) ;
#1954 = ORIENTED_EDGE ( 'NONE', *, *, #1842, .F. ) ;
#1953 = ORIENTED_EDGE ( 'NONE', *, *, #5229, .F. ) ;
#1955 = DIRECTION ( 'NONE',  ( -0.000000000000000000, -0.000000000000000000, -1.000000000000000000 ) ) ;
#1956 = CARTESIAN_POINT ( 'NONE',  ( -2.900000000000000355, -3.099999999999998312, -6.200000000000001954 ) ) ;
#1957 = EDGE_LOOP ( 'NONE', ( #2333, #6513, #6383, #10156 ) ) ;
#1958 = FACE_OUTER_BOUND ( 'NONE', #7189, .T. ) ;
#1959 = FACE_OUTER_BOUND ( 'NONE', #10477, .T. ) ;
#1960 = ORIENTED_EDGE ( 'NONE', *, *, #4312, .T. ) ;
#1961 = LINE ( 'NONE', #6828, #1788 ) ;
#1962 = DIRECTION ( 'NONE',  ( -1.000000000000000000, 0.000000000000000000, 0.000000000000000000 ) ) ;
#1963 = DIRECTION ( 'NONE',  ( -0.000000000000000000, 0.000000000000000000, -1.000000000000000000 ) ) ;
#1964 = FACE_OUTER_BOUND ( 'NONE', #7403, .T. ) ;
#1965 = DIRECTION ( 'NONE',  ( 0.000000000000000000, 1.000000000000000000, 0.000000000000000000 ) ) ;
#1966 = DIRECTION ( 'NONE',  ( 0.000000000000000000, 0.000000000000000000, -1.000000000000000000 ) ) ;
#1967 = EDGE_CURVE ( 'NONE', #3447, #5026, #2633, .T. ) ;
#1968 = CARTESIAN_POINT ( 'NONE',  ( -4.250000000000000000, 6.100000000000000533, -5.099999999999999645 ) ) ;
#1969 = VECTOR ( 'NONE', #8817, 1000.000000000000000 ) ;
#1971 = ORIENTED_EDGE ( 'NONE', *, *, #6603, .F. ) ;
#1970 = VERTEX_POINT ( 'NONE', #920 ) ;
#1972 = ORIENTED_EDGE ( 'NONE', *, *, #2997, .T. ) ;
#1973 = EDGE_CURVE ( 'NONE', #5547, #9729, #6196, .T. ) ;
#1974 = AXIS2_PLACEMENT_3D ( 'NONE', #5783, #3278, #9959 ) ;
#1975 = DIRECTION ( 'NONE',  ( -0.000000000000000000, -1.000000000000000000, 0.000000000000000000 ) ) ;
#1976 = CYLINDRICAL_SURFACE ( 'NONE', #814, 0.5749999999999999556 ) ;
#1977 = DIRECTION ( 'NONE',  ( 0.000000000000000000, 0.000000000000000000, 1.000000000000000000 ) ) ;
#1978 = CARTESIAN_POINT ( 'NONE',  ( -1.699999999999999956, 2.999999999999998224, 6.349999999999997868 ) ) ;
#1979 = CARTESIAN_POINT ( 'NONE',  ( -5.799999999999998934, 3.100000000000000533, 5.250000000000000000 ) ) ;
#1980 = EDGE_LOOP ( 'NONE', ( #2649, #9650, #5602, #5909 ) ) ;
#1981 = LINE ( 'NONE', #4554, #8925 ) ;
#1982 = VECTOR ( 'NONE', #4984, 1000.000000000000000 ) ;
#1983 = ORIENTED_EDGE ( 'NONE', *, *, #1472, .T. ) ;
#1984 = CARTESIAN_POINT ( 'NONE',  ( -5.799999999999996270, 4.986986664055304885, -4.999999999999997335 ) ) ;
#1985 = LINE ( 'NONE', #2310, #8990 ) ;
#1986 = VECTOR ( 'NONE', #7254, 1000.000000000000000 ) ;
#1988 = ORIENTED_EDGE ( 'NONE', *, *, #5578, .F. ) ;
#1987 = ORIENTED_EDGE ( 'NONE', *, *, #9529, .T. ) ;
#1989 = ORIENTED_EDGE ( 'NONE', *, *, #9245, .F. ) ;
#1990 = EDGE_CURVE ( 'NONE', #9722, #644, #9954, .T. ) ;
#1991 = ADVANCED_FACE ( 'NONE', ( #2656 ), #9739, .T. ) ;
#1992 = DIRECTION ( 'NONE',  ( 0.000000000000000000, 0.000000000000000000, 1.000000000000000000 ) ) ;
#1993 = CARTESIAN_POINT ( 'NONE',  ( 6.199999999999999289, 5.650000000000001243, 5.250000000000000000 ) ) ;
#1994 = CARTESIAN_POINT ( 'NONE',  ( -2.100000000000000089, 0.3544119062935187636, 6.700000000000000178 ) ) ;
#1995 = VECTOR ( 'NONE', #8332, 1000.000000000000000 ) ;
#1996 = DIRECTION ( 'NONE',  ( 0.000000000000000000, 0.000000000000000000, 1.000000000000000000 ) ) ;
#1997 = STYLED_ITEM ( 'NONE', ( #10319 ), #1678 ) ;
#1998 = EDGE_LOOP ( 'NONE', ( #2810, #4718, #8946, #5087 ) ) ;
#1999 = CARTESIAN_POINT ( 'NONE',  ( -6.199999999999999289, 5.650000000000001243, -5.250000000000000000 ) ) ;
#2000 = CYLINDRICAL_SURFACE ( 'NONE', #6663, 0.1999999999999996503 ) ;
#2001 = EDGE_CURVE ( 'NONE', #6678, #3522, #6216, .T. ) ;
#2002 = CARTESIAN_POINT ( 'NONE',  ( -1.699999999999999956, 0.7999999999999983791, 7.299999999999998934 ) ) ;
#2003 = VECTOR ( 'NONE', #9695, 1000.000000000000000 ) ;
#2004 = CARTESIAN_POINT ( 'NONE',  ( 6.563830408857795895, -1.920042149226665718, -1.000000000000000000 ) ) ;
#2005 = VECTOR ( 'NONE', #6276, 1000.000000000000000 ) ;
#2007 = ORIENTED_EDGE ( 'NONE', *, *, #7264, .T. ) ;
#2006 = VERTEX_POINT ( 'NONE', #7468 ) ;
#2008 = ORIENTED_EDGE ( 'NONE', *, *, #9059, .F. ) ;
#2009 = FILL_AREA_STYLE ('',( #8463 ) ) ;
#2010 = DIRECTION ( 'NONE',  ( 0.000000000000000000, 1.000000000000000000, 2.017120320903263702E-16 ) ) ;
#2011 = DIRECTION ( 'NONE',  ( -0.9396926207859082059, 0.3420201433256695456, 0.000000000000000000 ) ) ;
#2012 = VERTEX_POINT ( 'NONE', #4993 ) ;
#2013 = CARTESIAN_POINT ( 'NONE',  ( -5.049999999999997158, 1.000000000000000000, -4.999999999999997335 ) ) ;
#2014 = FACE_OUTER_BOUND ( 'NONE', #6456, .T. ) ;
#2015 = CARTESIAN_POINT ( 'NONE',  ( 5.750000000000000000, 5.700000000000000178, 6.400000000000000355 ) ) ;
#2016 = CARTESIAN_POINT ( 'NONE',  ( -2.500000000000000000, -2.299999999999999822, 7.549999999999998046 ) ) ;
#2017 = AXIS2_PLACEMENT_3D ( 'NONE', #8291, #8223, #7260 ) ;
#2018 = AXIS2_PLACEMENT_3D ( 'NONE', #6605, #3333, #6842 ) ;
#2019 = VECTOR ( 'NONE', #1110, 1000.000000000000000 ) ;
#2020 = DIRECTION ( 'NONE',  ( 1.000000000000000000, -0.000000000000000000, -0.000000000000000000 ) ) ;
#2021 = EDGE_CURVE ( 'NONE', #4389, #3691, #2677, .T. ) ;
#2022 = CARTESIAN_POINT ( 'NONE',  ( -2.598076211353316900, 9.999999999999998224, 1.499999999999999112 ) ) ;
#2023 = CARTESIAN_POINT ( 'NONE',  ( -5.750000000000000000, 6.100000000000000533, 6.700000000000000178 ) ) ;
#2025 = VERTEX_POINT ( 'NONE', #6056 ) ;
#2024 = ORIENTED_EDGE ( 'NONE', *, *, #3269, .F. ) ;
#2026 = CARTESIAN_POINT ( 'NONE',  ( 1.734723475976807094E-15, 0.000000000000000000, 6.700000000000000178 ) ) ;
#2027 = CARTESIAN_POINT ( 'NONE',  ( -3.299999999999999822, 0.8000000000000001554, -6.800000000000001599 ) ) ;
#2028 =( NAMED_UNIT ( * ) SI_UNIT ( $, .STERADIAN. ) SOLID_ANGLE_UNIT ( ) );
#2029 = AXIS2_PLACEMENT_3D ( 'NONE', #525, #1289, #1883 ) ;
#2030 = FACE_OUTER_BOUND ( 'NONE', #1696, .T. ) ;
#2031 = LINE ( 'NONE', #368, #5609 ) ;
#2032 = ORIENTED_EDGE ( 'NONE', *, *, #2595, .F. ) ;
#2033 = VECTOR ( 'NONE', #39, 1000.000000000000114 ) ;
#2034 = CARTESIAN_POINT ( 'NONE',  ( -6.891491226573391415, -1.690611574686247565, 1.000000000000000000 ) ) ;
#2035 = ORIENTED_EDGE ( 'NONE', *, *, #2464, .T. ) ;
#2036 = ADVANCED_FACE ( 'NONE', ( #9786 ), #6339, .T. ) ;
#2037 = DIRECTION ( 'NONE',  ( -0.000000000000000000, -0.000000000000000000, -1.000000000000000000 ) ) ;
#2038 = LINE ( 'NONE', #6803, #9489 ) ;
#2039 = PLANE ( 'NONE',  #4303 ) ;
#2040 = EDGE_CURVE ( 'NONE', #3373, #7905, #9892, .T. ) ;
#2041 = CARTESIAN_POINT ( 'NONE',  ( -5.799999999999996270, 3.100000000000000089, -5.250000000000000000 ) ) ;
#2042 = VECTOR ( 'NONE', #7444, 1000.000000000000000 ) ;
#2043 = CARTESIAN_POINT ( 'NONE',  ( 6.399999999999998579, -2.034757436496875016, -1.000000000000000000 ) ) ;
#2044 = FACE_OUTER_BOUND ( 'NONE', #1957, .T. ) ;
#2045 = VERTEX_POINT ( 'NONE', #5986 ) ;
#2046 = EDGE_CURVE ( 'NONE', #2870, #10246, #5361, .T. ) ;
#2047 = ORIENTED_EDGE ( 'NONE', *, *, #6710, .T. ) ;
#2048 = PLANE ( 'NONE',  #961 ) ;
#2049 = DIRECTION ( 'NONE',  ( -1.000000000000000000, 0.000000000000000000, 0.000000000000000000 ) ) ;
#2050 = VECTOR ( 'NONE', #4645, 1000.000000000000000 ) ;
#2051 = PLANE ( 'NONE',  #864 ) ;
#2052 = AXIS2_PLACEMENT_3D ( 'NONE', #3542, #2905, #8589 ) ;
#2053 = CARTESIAN_POINT ( 'NONE',  ( -3.299999999999999822, 0.5000000000000026645, -6.800000000000001599 ) ) ;
#2054 = PLANE ( 'NONE',  #68 ) ;
#2055 = ORIENTED_EDGE ( 'NONE', *, *, #5390, .F. ) ;
#2056 = VECTOR ( 'NONE', #8793, 1000.000000000000000 ) ;
#2057 = VECTOR ( 'NONE', #6071, 1000.000000000000000 ) ;
#2058 = FACE_OUTER_BOUND ( 'NONE', #9961, .T. ) ;
#2059 = PLANE ( 'NONE',  #4469 ) ;
#2060 = EDGE_CURVE ( 'NONE', #3627, #5726, #1851, .T. ) ;
#2061 = ORIENTED_EDGE ( 'NONE', *, *, #3474, .T. ) ;
#2062 = ORIENTED_EDGE ( 'NONE', *, *, #3363, .T. ) ;
#2063 = CARTESIAN_POINT ( 'NONE',  ( -4.549999999999997158, 2.400000000000000355, 5.850000000000000533 ) ) ;
#2064 = EDGE_CURVE ( 'NONE', #7352, #6866, #8915, .T. ) ;
#2065 = PLANE ( 'NONE',  #10469 ) ;
#2066 = MANIFOLD_SOLID_BREP ( 'Combine7', #1638 ) ;
#2067 = VECTOR ( 'NONE', #3304, 1000.000000000000000 ) ;
#2068 = CARTESIAN_POINT ( 'NONE',  ( 2.500000000000000000, -2.299999999999999822, 7.699999999999997513 ) ) ;
#2069 = AXIS2_PLACEMENT_3D ( 'NONE', #8840, #1417, #2101 ) ;
#2070 = ORIENTED_EDGE ( 'NONE', *, *, #10408, .F. ) ;
#2071 = CARTESIAN_POINT ( 'NONE',  ( 1.700000000000000178, 0.8499999999999999778, -6.750000000000001776 ) ) ;
#2072 = LINE ( 'NONE', #665, #2088 ) ;
#2073 = DIRECTION ( 'NONE',  ( 0.000000000000000000, 2.017120320903263702E-16, -1.000000000000000000 ) ) ;
#2074 = CARTESIAN_POINT ( 'NONE',  ( -4.549999999999997158, 0.000000000000000000, -5.850000000000000533 ) ) ;
#2076 = VERTEX_POINT ( 'NONE', #6975 ) ;
#2075 = ORIENTED_EDGE ( 'NONE', *, *, #2737, .T. ) ;
#2077 = ORIENTED_EDGE ( 'NONE', *, *, #6650, .T. ) ;
#2078 = ADVANCED_FACE ( 'NONE', ( #2787 ), #856, .F. ) ;
#2079 = EDGE_CURVE ( 'NONE', #2273, #3112, #9893, .T. ) ;
#2080 = VECTOR ( 'NONE', #8658, 1000.000000000000000 ) ;
#2081 = DIRECTION ( 'NONE',  ( 0.000000000000000000, -1.000000000000000000, 0.000000000000000000 ) ) ;
#2082 = EDGE_CURVE ( 'NONE', #9398, #6960, #2678, .T. ) ;
#2083 = CARTESIAN_POINT ( 'NONE',  ( 6.399999999999998579, -2.034757436496875016, 1.000000000000000000 ) ) ;
#2084 = DIRECTION ( 'NONE',  ( 0.000000000000000000, -0.000000000000000000, 1.000000000000000000 ) ) ;
#2085 = CARTESIAN_POINT ( 'NONE',  ( -2.449999999999999734, -2.299999999999998046, -7.200000000000001066 ) ) ;
#2086 = ORIENTED_EDGE ( 'NONE', *, *, #198, .F. ) ;
#2087 = DIRECTION ( 'NONE',  ( 0.000000000000000000, 1.000000000000000000, -0.000000000000000000 ) ) ;
#2088 = VECTOR ( 'NONE', #6443, 1000.000000000000000 ) ;
#2089 = CARTESIAN_POINT ( 'NONE',  ( 2.500000000000000444, 0.1000000000000016848, -7.050000000000001599 ) ) ;
#2090 = CARTESIAN_POINT ( 'NONE',  ( 2.598076211353316900, 9.999999999999998224, 1.499999999999999112 ) ) ;
#2091 = EDGE_CURVE ( 'NONE', #5957, #4267, #6238, .T. ) ;
#2092 = EDGE_LOOP ( 'NONE', ( #6386, #10439, #9856, #6365 ) ) ;
#2093 = AXIS2_PLACEMENT_3D ( 'NONE', #4253, #8178, #1615 ) ;
#2094 = LINE ( 'NONE', #10483, #2110 ) ;
#2095 = VECTOR ( 'NONE', #10326, 1000.000000000000000 ) ;
#2096 = DIRECTION ( 'NONE',  ( -0.8191520442889909104, 0.5735764363510473807, 0.000000000000000000 ) ) ;
#2097 = DIRECTION ( 'NONE',  ( -0.000000000000000000, -0.000000000000000000, -1.000000000000000000 ) ) ;
#2098 = TOROIDAL_SURFACE ( 'NONE', #8660, 0.05000000000000075218, 0.1499999999999999944 ) ;
#2100 = EDGE_LOOP ( 'NONE', ( #41, #6136, #7070, #9197 ) ) ;
#2099 = VERTEX_POINT ( 'NONE', #10327 ) ;
#2101 = DIRECTION ( 'NONE',  ( 0.000000000000000000, 0.000000000000000000, -1.000000000000000000 ) ) ;
#2102 = ORIENTED_EDGE ( 'NONE', *, *, #6756, .F. ) ;
#2103 =( NAMED_UNIT ( * ) PLANE_ANGLE_UNIT ( ) SI_UNIT ( $, .RADIAN. ) );
#2104 = LINE ( 'NONE', #2602, #9346 ) ;
#2105 = ADVANCED_FACE ( 'NONE', ( #6257 ), #5419, .T. ) ;
#2106 = ORIENTED_EDGE ( 'NONE', *, *, #5996, .T. ) ;
#2107 = LINE ( 'NONE', #3533, #2407 ) ;
#2108 = CARTESIAN_POINT ( 'NONE',  ( 4.250000000000000000, 6.100000000000000533, 5.099999999999999645 ) ) ;
#2109 = CARTESIAN_POINT ( 'NONE',  ( 5.049999999999997158, 4.986986664055304885, 5.000000000000000888 ) ) ;
#2110 = VECTOR ( 'NONE', #8066, 1000.000000000000000 ) ;
#2111 = AXIS2_PLACEMENT_3D ( 'NONE', #10037, #2651, #3424 ) ;
#2112 = CARTESIAN_POINT ( 'NONE',  ( -4.250000000000000000, 6.550000000000000711, -5.524999999999999467 ) ) ;
#2113 = CARTESIAN_POINT ( 'NONE',  ( -5.049999999999997158, 2.400000000000000355, 2.000000000000000000 ) ) ;
#2114 = CARTESIAN_POINT ( 'NONE',  ( -5.943206300660537345, -2.598762745933355767, 0.000000000000000000 ) ) ;
#2115 = CARTESIAN_POINT ( 'NONE',  ( 4.549999999999997158, 4.986986664055304885, 5.850000000000000533 ) ) ;
#2117 = ORIENTED_EDGE ( 'NONE', *, *, #7512, .T. ) ;
#2116 = VERTEX_POINT ( 'NONE', #9622 ) ;
#2118 = DIRECTION ( 'NONE',  ( -1.000000000000000000, -1.341711765540131426E-16, 0.000000000000000000 ) ) ;
#2119 = CARTESIAN_POINT ( 'NONE',  ( -5.049999999999998046, 2.400000000000000355, -5.350000000000001421 ) ) ;
#2120 = LINE ( 'NONE', #6415, #5657 ) ;
#2121 = PLANE ( 'NONE',  #921 ) ;
#2123 = VERTEX_POINT ( 'NONE', #1234 ) ;
#2122 = DIRECTION ( 'NONE',  ( 0.000000000000000000, -2.460132057943349518E-16, 1.000000000000000000 ) ) ;
#2124 = VECTOR ( 'NONE', #2174, 1000.000000000000000 ) ;
#2125 = ORIENTED_EDGE ( 'NONE', *, *, #10570, .F. ) ;
#2126 = ADVANCED_FACE ( 'NONE', ( #2764 ), #2186, .T. ) ;
#2127 = CIRCLE ( 'NONE', #3968, 0.1999999999999996503 ) ;
#2128 = DIRECTION ( 'NONE',  ( 0.000000000000000000, 0.000000000000000000, -1.000000000000000000 ) ) ;
#2129 = VECTOR ( 'NONE', #772, 1000.000000000000000 ) ;
#2130 = CARTESIAN_POINT ( 'NONE',  ( -2.500000000000000000, -3.099999999999998312, -6.200000000000001954 ) ) ;
#2131 = EDGE_CURVE ( 'NONE', #9791, #8059, #9761, .T. ) ;
#2132 = CYLINDRICAL_SURFACE ( 'NONE', #2866, 3.500000000000000000 ) ;
#2133 = FACE_OUTER_BOUND ( 'NONE', #8324, .T. ) ;
#2135 = ORIENTED_EDGE ( 'NONE', *, *, #3529, .T. ) ;
#2134 = ORIENTED_EDGE ( 'NONE', *, *, #774, .F. ) ;
#2136 = EDGE_CURVE ( 'NONE', #7388, #2672, #680, .T. ) ;
#2137 = AXIS2_PLACEMENT_3D ( 'NONE', #7612, #4107, #7412 ) ;
#2138 = DIRECTION ( 'NONE',  ( 0.000000000000000000, -1.000000000000000000, 0.000000000000000000 ) ) ;
#2139 = CARTESIAN_POINT ( 'NONE',  ( 3.563393125268146111, 2.399999999999999023, -4.499999999999997335 ) ) ;
#2140 = FACE_OUTER_BOUND ( 'NONE', #2530, .T. ) ;
#2141 = DIRECTION ( 'NONE',  ( 0.000000000000000000, 0.000000000000000000, -1.000000000000000000 ) ) ;
#2142 = EDGE_CURVE ( 'NONE', #9510, #8771, #642, .T. ) ;
#2143 = ADVANCED_FACE ( 'NONE', ( #7724 ), #545, .T. ) ;
#2144 = ORIENTED_EDGE ( 'NONE', *, *, #8706, .F. ) ;
#2145 = DIRECTION ( 'NONE',  ( -1.327027319204863784E-16, -1.000000000000000000, -0.000000000000000000 ) ) ;
#2146 = LINE ( 'NONE', #4324, #2425 ) ;
#2147 = AXIS2_PLACEMENT_3D ( 'NONE', #3230, #1330, #7313 ) ;
#2148 = CARTESIAN_POINT ( 'NONE',  ( 3.299999999999999822, 0.8499999999999999778, -6.750000000000001776 ) ) ;
#2149 = LINE ( 'NONE', #3930, #9392 ) ;
#2150 = DIRECTION ( 'NONE',  ( 0.000000000000000000, -1.000000000000000000, 0.000000000000000000 ) ) ;
#2151 = LINE ( 'NONE', #5526, #5722 ) ;
#2153 = ORIENTED_EDGE ( 'NONE', *, *, #8807, .T. ) ;
#2152 = ORIENTED_EDGE ( 'NONE', *, *, #8522, .F. ) ;
#2154 = CARTESIAN_POINT ( 'NONE',  ( 1.700000000000000178, 3.249999999999998668, 6.349999999999997868 ) ) ;
#2155 = VERTEX_POINT ( 'NONE', #2954 ) ;
#2156 = EDGE_CURVE ( 'NONE', #9029, #644, #4023, .T. ) ;
#2157 = CIRCLE ( 'NONE', #7139, 0.5749999999999999556 ) ;
#2158 = PLANE ( 'NONE',  #1238 ) ;
#2159 = AXIS2_PLACEMENT_3D ( 'NONE', #8280, #5520, #9736 ) ;
#2160 = CARTESIAN_POINT ( 'NONE',  ( 3.016417413042201456, 0.02086324578292339874, -6.800000000000001599 ) ) ;
#2161 = CARTESIAN_POINT ( 'NONE',  ( 3.999999999999998224, -3.551475717527321367E-16, -6.700000000000000178 ) ) ;
#2162 = DIRECTION ( 'NONE',  ( 0.000000000000000000, -2.460132057943349518E-16, 1.000000000000000000 ) ) ;
#2163 = DIRECTION ( 'NONE',  ( 0.000000000000000000, 0.000000000000000000, -1.000000000000000000 ) ) ;
#2164 = EDGE_CURVE ( 'NONE', #917, #5031, #574, .T. ) ;
#2165 = EDGE_LOOP ( 'NONE', ( #4424, #712, #10209, #4195 ) ) ;
#2166 = FACE_OUTER_BOUND ( 'NONE', #1183, .T. ) ;
#2167 = PLANE ( 'NONE',  #3438 ) ;
#2168 = CARTESIAN_POINT ( 'NONE',  ( 3.016417413042201456, 2.170863245782921780, 7.549999999999999822 ) ) ;
#2169 = CARTESIAN_POINT ( 'NONE',  ( 0.000000000000000000, 2.100000000000000089, -1.599999999999999867 ) ) ;
#2170 = LINE ( 'NONE', #1434, #5987 ) ;
#2171 = AXIS2_PLACEMENT_3D ( 'NONE', #5018, #6795, #3667 ) ;
#2172 = VECTOR ( 'NONE', #5755, 1000.000000000000000 ) ;
#2173 = FILL_AREA_STYLE ('',( #7923 ) ) ;
#2174 = DIRECTION ( 'NONE',  ( -2.478176394252553728E-15, 0.000000000000000000, 1.000000000000000000 ) ) ;
#2175 = DIRECTION ( 'NONE',  ( -0.000000000000000000, 2.017120320903263702E-16, -1.000000000000000000 ) ) ;
#2176 = EDGE_LOOP ( 'NONE', ( #10281, #682, #4200, #9979 ) ) ;
#2177 = DIRECTION ( 'NONE',  ( -0.7660444431189813441, -0.6427876096865353661, 0.000000000000000000 ) ) ;
#2178 = ORIENTED_EDGE ( 'NONE', *, *, #7007, .T. ) ;
#2179 = CARTESIAN_POINT ( 'NONE',  ( -6.172636875200958606, -2.926423563648953063, 0.000000000000000000 ) ) ;
#2180 = ORIENTED_EDGE ( 'NONE', *, *, #10522, .T. ) ;
#2181 = ADVANCED_FACE ( 'NONE', ( #405 ), #10468, .F. ) ;
#2182 = VECTOR ( 'NONE', #7898, 1000.000000000000000 ) ;
#2183 = EDGE_CURVE ( 'NONE', #3274, #9729, #7572, .T. ) ;
#2184 = ORIENTED_EDGE ( 'NONE', *, *, #7452, .T. ) ;
#2185 = FACE_OUTER_BOUND ( 'NONE', #3295, .T. ) ;
#2186 = PLANE ( 'NONE',  #47 ) ;
#2187 = ORIENTED_EDGE ( 'NONE', *, *, #5204, .T. ) ;
#2188 = EDGE_CURVE ( 'NONE', #951, #1432, #4183, .T. ) ;
#2189 = DIRECTION ( 'NONE',  ( 0.000000000000000000, -0.000000000000000000, -1.000000000000000000 ) ) ;
#2190 = VECTOR ( 'NONE', #479, 1000.000000000000000 ) ;
#2191 = DIRECTION ( 'NONE',  ( 0.000000000000000000, 0.000000000000000000, 1.000000000000000000 ) ) ;
#2192 = VECTOR ( 'NONE', #6195, 1000.000000000000000 ) ;
#2193 = DIRECTION ( 'NONE',  ( 0.000000000000000000, 0.000000000000000000, 1.000000000000000000 ) ) ;
#2194 = STYLED_ITEM ( 'NONE', ( #1641 ), #6020 ) ;
#2195 = FACE_OUTER_BOUND ( 'NONE', #10516, .T. ) ;
#2196 = DIRECTION ( 'NONE',  ( -0.000000000000000000, -0.000000000000000000, -1.000000000000000000 ) ) ;
#2198 = EDGE_LOOP ( 'NONE', ( #9128, #6787, #7904, #7706 ) ) ;
#2197 = ORIENTED_EDGE ( 'NONE', *, *, #3680, .F. ) ;
#2199 = EDGE_LOOP ( 'NONE', ( #10402, #6618, #7535, #1783 ) ) ;
#2200 = ORIENTED_EDGE ( 'NONE', *, *, #1317, .T. ) ;
#2201 = DIRECTION ( 'NONE',  ( 0.000000000000000000, 1.000000000000000000, 0.000000000000000000 ) ) ;
#2202 = CARTESIAN_POINT ( 'NONE',  ( 0.000000000000000000, 6.100000000000000533, -3.500000000000000000 ) ) ;
#2203 = ADVANCED_FACE ( 'NONE', ( #4265 ), #1423, .T. ) ;
#2204 = ORIENTED_EDGE ( 'NONE', *, *, #8867, .F. ) ;
#2205 = ORIENTED_EDGE ( 'NONE', *, *, #4091, .T. ) ;
#2206 = VECTOR ( 'NONE', #10029, 1000.000000000000000 ) ;
#2207 = EDGE_CURVE ( 'NONE', #2006, #2778, #763, .T. ) ;
#2208 = ORIENTED_EDGE ( 'NONE', *, *, #2761, .F. ) ;
#2209 = LINE ( 'NONE', #9720, #9433 ) ;
#2210 = DIRECTION ( 'NONE',  ( 0.000000000000000000, 0.000000000000000000, 1.000000000000000000 ) ) ;
#2211 = FACE_OUTER_BOUND ( 'NONE', #10555, .T. ) ;
#2212 = LINE ( 'NONE', #6108, #5818 ) ;
#2213 = ORIENTED_EDGE ( 'NONE', *, *, #10032, .T. ) ;
#2214 = AXIS2_PLACEMENT_3D ( 'NONE', #7322, #8812, #2389 ) ;
#2215 = ORIENTED_EDGE ( 'NONE', *, *, #9271, .T. ) ;
#2216 = ORIENTED_EDGE ( 'NONE', *, *, #10522, .F. ) ;
#2217 = CARTESIAN_POINT ( 'NONE',  ( -2.500000000000000000, -2.349999999999998312, -7.050000000000000711 ) ) ;
#2218 = DIRECTION ( 'NONE',  ( 0.000000000000000000, 2.017120320903263702E-16, -1.000000000000000000 ) ) ;
#2219 = DIRECTION ( 'NONE',  ( 0.000000000000000000, -1.000000000000000000, -0.000000000000000000 ) ) ;
#2220 = ORIENTED_EDGE ( 'NONE', *, *, #8530, .T. ) ;
#2221 = CARTESIAN_POINT ( 'NONE',  ( -3.850000000000000089, 2.400000000000000355, 5.850000000000000533 ) ) ;
#2222 = VECTOR ( 'NONE', #9779, 1000.000000000000000 ) ;
#2223 = CARTESIAN_POINT ( 'NONE',  ( 2.500000000000000000, -3.100000000000000089, 6.699999999999999289 ) ) ;
#2224 = ADVANCED_FACE ( 'NONE', ( #3630 ), #877, .T. ) ;
#2225 = PLANE ( 'NONE',  #3824 ) ;
#2226 = CIRCLE ( 'NONE', #5979, 0.1499999999999999667 ) ;
#2227 = CARTESIAN_POINT ( 'NONE',  ( 5.799999999999996270, 2.100000000000000089, 1.000000000000000000 ) ) ;
#2228 = COLOUR_RGB ( '',0.7921568627450980005, 0.8196078431372548767, 0.9333333333333333481 ) ;
#2229 = DIRECTION ( 'NONE',  ( -0.5735764363510492680, -0.8191520442889895781, 0.000000000000000000 ) ) ;
#2230 = EDGE_CURVE ( 'NONE', #7370, #10155, #3842, .T. ) ;
#2231 = ORIENTED_EDGE ( 'NONE', *, *, #9849, .F. ) ;
#2232 = CARTESIAN_POINT ( 'NONE',  ( -5.699999999999996625, 0.09999999999999971412, -4.500000000000000888 ) ) ;
#2233 = ORIENTED_EDGE ( 'NONE', *, *, #259, .F. ) ;
#2234 = ORIENTED_EDGE ( 'NONE', *, *, #7703, .F. ) ;
#2235 = EDGE_CURVE ( 'NONE', #1542, #9509, #466, .T. ) ;
#2236 = AXIS2_PLACEMENT_3D ( 'NONE', #10358, #503, #649 ) ;
#2237 = CARTESIAN_POINT ( 'NONE',  ( 3.299999999999999822, 0.7999999999999983791, 7.299999999999998934 ) ) ;
#2238 = ORIENTED_EDGE ( 'NONE', *, *, #6809, .T. ) ;
#2239 = DIRECTION ( 'NONE',  ( 0.000000000000000000, -1.000000000000000000, -2.460132057943349518E-16 ) ) ;
#2240 = CARTESIAN_POINT ( 'NONE',  ( 5.599999999999996092, 5.500000000000000888, -6.400000000000000355 ) ) ;
#2241 = ADVANCED_FACE ( 'NONE', ( #4044 ), #5257, .F. ) ;
#2242 = CARTESIAN_POINT ( 'NONE',  ( 5.799999999999996270, 0.5000000000000002220, -4.499999999999997335 ) ) ;
#2243 = ORIENTED_EDGE ( 'NONE', *, *, #143, .F. ) ;
#2244 = LINE ( 'NONE', #7687, #5591 ) ;
#2245 = CARTESIAN_POINT ( 'NONE',  ( -2.499999999999999556, 0.7500000000000005551, 7.699999999999997513 ) ) ;
#2246 = DIRECTION ( 'NONE',  ( -0.000000000000000000, -0.000000000000000000, -1.000000000000000000 ) ) ;
#2247 = PRODUCT_RELATED_PRODUCT_CATEGORY ( 'part', '', ( #6773 ) ) ;
#2248 = LINE ( 'NONE', #6309, #9275 ) ;
#2249 = CYLINDRICAL_SURFACE ( 'NONE', #4491, 0.9999999999999996669 ) ;
#2250 = DIRECTION ( 'NONE',  ( 0.000000000000000000, 0.000000000000000000, 1.000000000000000000 ) ) ;
#2251 = FACE_OUTER_BOUND ( 'NONE', #6180, .T. ) ;
#2252 = VECTOR ( 'NONE', #9111, 1000.000000000000000 ) ;
#2253 = DIRECTION ( 'NONE',  ( -0.000000000000000000, 0.000000000000000000, -1.000000000000000000 ) ) ;
#2254 = ORIENTED_EDGE ( 'NONE', *, *, #8500, .T. ) ;
#2255 = EDGE_LOOP ( 'NONE', ( #1817, #3090, #9159, #9129 ) ) ;
#2256 = CARTESIAN_POINT ( 'NONE',  ( -0.7999999999999999334, 0.7999999999999982681, 7.549999999999999822 ) ) ;
#2257 = ORIENTED_EDGE ( 'NONE', *, *, #4670, .T. ) ;
#2258 = EDGE_CURVE ( 'NONE', #6014, #3624, #4931, .T. ) ;
#2259 = AXIS2_PLACEMENT_3D ( 'NONE', #3197, #6378, #7105 ) ;
#2260 = ORIENTED_EDGE ( 'NONE', *, *, #7007, .F. ) ;
#2261 = VERTEX_POINT ( 'NONE', #1001 ) ;
#2262 = VECTOR ( 'NONE', #5975, 1000.000000000000000 ) ;
#2263 = DIRECTION ( 'NONE',  ( 0.000000000000000000, 0.000000000000000000, -1.000000000000000000 ) ) ;
#2264 = CIRCLE ( 'NONE', #1439, 0.04999999999999969746 ) ;
#2265 = CARTESIAN_POINT ( 'NONE',  ( 5.049999999999997158, 0.5000000000000001110, 3.000000000000000000 ) ) ;
#2266 = EDGE_CURVE ( 'NONE', #9282, #9518, #8380, .T. ) ;
#2267 = CARTESIAN_POINT ( 'NONE',  ( 2.299999999999999378, -2.299999999999998046, -7.050000000000002487 ) ) ;
#2268 = DIRECTION ( 'NONE',  ( -1.000000000000000000, 0.000000000000000000, -0.000000000000000000 ) ) ;
#2269 = VECTOR ( 'NONE', #1882, 1000.000000000000114 ) ;
#2270 = LINE ( 'NONE', #3036, #2415 ) ;
#2271 = CARTESIAN_POINT ( 'NONE',  ( -5.750000000000000000, 5.650000000000001243, -5.250000000000000000 ) ) ;
#2272 = FACE_OUTER_BOUND ( 'NONE', #1629, .T. ) ;
#2273 = VERTEX_POINT ( 'NONE', #9063 ) ;
#2274 = ORIENTED_EDGE ( 'NONE', *, *, #73, .F. ) ;
#2275 = VERTEX_POINT ( 'NONE', #5940 ) ;
#2276 = ADVANCED_FACE ( 'NONE', ( #6616 ), #528, .T. ) ;
#2277 = CARTESIAN_POINT ( 'NONE',  ( 2.100000000000000089, 0.3544119062935214837, -6.800000000000001599 ) ) ;
#2278 = EDGE_CURVE ( 'NONE', #8088, #8801, #813, .T. ) ;
#2279 = DIRECTION ( 'NONE',  ( 1.000000000000000000, 0.000000000000000000, 0.000000000000000000 ) ) ;
#2280 = VECTOR ( 'NONE', #499, 1000.000000000000000 ) ;
#2281 = FILL_AREA_STYLE_COLOUR ( '', #5896 ) ;
#2282 = ORIENTED_EDGE ( 'NONE', *, *, #7155, .T. ) ;
#2283 = EDGE_CURVE ( 'NONE', #4337, #8143, #7930, .T. ) ;
#2284 = CARTESIAN_POINT ( 'NONE',  ( -5.799999999999998046, 0.5000000000000004441, -4.500000000000000000 ) ) ;
#2285 = EDGE_LOOP ( 'NONE', ( #8933, #3374, #3298, #8042 ) ) ;
#2286 = DIRECTION ( 'NONE',  ( 0.000000000000000000, -1.000000000000000000, 0.000000000000000000 ) ) ;
#2287 = FACE_OUTER_BOUND ( 'NONE', #7777, .T. ) ;
#2288 = ORIENTED_EDGE ( 'NONE', *, *, #6166, .T. ) ;
#2289 = AXIS2_PLACEMENT_3D ( 'NONE', #4033, #4804, #738 ) ;
#2290 = AXIS2_PLACEMENT_3D ( 'NONE', #802, #4376, #1966 ) ;
#2291 = CIRCLE ( 'NONE', #6711, 0.5749999999999999556 ) ;
#2292 = DIRECTION ( 'NONE',  ( 0.000000000000000000, 1.000000000000000000, 2.460132057943349518E-16 ) ) ;
#2293 = EDGE_CURVE ( 'NONE', #6611, #10348, #4068, .T. ) ;
#2294 = LINE ( 'NONE', #7719, #2315 ) ;
#2295 = VECTOR ( 'NONE', #4634, 1000.000000000000000 ) ;
#2296 = ORIENTED_EDGE ( 'NONE', *, *, #4051, .F. ) ;
#2297 = ORIENTED_EDGE ( 'NONE', *, *, #8309, .T. ) ;
#2298 = ORIENTED_EDGE ( 'NONE', *, *, #1267, .F. ) ;
#2299 =( GEOMETRIC_REPRESENTATION_CONTEXT ( 3 ) GLOBAL_UNCERTAINTY_ASSIGNED_CONTEXT ( ( #3174 ) ) GLOBAL_UNIT_ASSIGNED_CONTEXT ( ( #9713, #8002, #5426 ) ) REPRESENTATION_CONTEXT ( 'NONE', 'WORKASPACE' ) );
#2300 = DIRECTION ( 'NONE',  ( -1.000000000000000000, 0.000000000000000000, 0.000000000000000000 ) ) ;
#2301 = DIRECTION ( 'NONE',  ( 0.000000000000000000, -1.000000000000000000, 0.000000000000000000 ) ) ;
#2302 = ADVANCED_FACE ( 'NONE', ( #7944 ), #7888, .T. ) ;
#2303 = EDGE_LOOP ( 'NONE', ( #8653, #5293, #9019, #3456 ) ) ;
#2304 = DIRECTION ( 'NONE',  ( -1.327027319204863784E-16, -1.000000000000000000, 0.000000000000000000 ) ) ;
#2305 = ORIENTED_EDGE ( 'NONE', *, *, #10450, .F. ) ;
#2306 = LINE ( 'NONE', #4042, #2222 ) ;
#2307 = DIRECTION ( 'NONE',  ( 0.000000000000000000, -0.000000000000000000, -1.000000000000000000 ) ) ;
#2308 = VERTEX_POINT ( 'NONE', #939 ) ;
#2309 = DIRECTION ( 'NONE',  ( -1.000000000000000000, 0.000000000000000000, 0.000000000000000000 ) ) ;
#2310 = CARTESIAN_POINT ( 'NONE',  ( -2.550000000000000711, 0.1000000000000015876, -7.200000000000000178 ) ) ;
#2311 = LINE ( 'NONE', #2809, #2357 ) ;
#2312 = DIRECTION ( 'NONE',  ( 0.8191520442889909104, 0.5735764363510473807, 0.000000000000000000 ) ) ;
#2313 = FACE_OUTER_BOUND ( 'NONE', #238, .T. ) ;
#2314 = DIRECTION ( 'NONE',  ( -1.327027319204863784E-16, -1.000000000000000000, -0.000000000000000000 ) ) ;
#2315 = VECTOR ( 'NONE', #10309, 1000.000000000000114 ) ;
#2316 = LINE ( 'NONE', #10252, #5879 ) ;
#2318 = ORIENTED_EDGE ( 'NONE', *, *, #3532, .F. ) ;
#2317 = ORIENTED_EDGE ( 'NONE', *, *, #6674, .F. ) ;
#2319 = ORIENTED_EDGE ( 'NONE', *, *, #3199, .T. ) ;
#2320 = EDGE_CURVE ( 'NONE', #10046, #4468, #8753, .T. ) ;
#2321 = ORIENTED_EDGE ( 'NONE', *, *, #7703, .T. ) ;
#2322 = VECTOR ( 'NONE', #9505, 999.9999999999998863 ) ;
#2323 = DIRECTION ( 'NONE',  ( 0.000000000000000000, -2.460132057943349518E-16, 1.000000000000000000 ) ) ;
#2324 = EDGE_LOOP ( 'NONE', ( #246, #10259, #679, #9823 ) ) ;
#2325 = AXIS2_PLACEMENT_3D ( 'NONE', #6849, #9263, #1109 ) ;
#2326 = DIRECTION ( 'NONE',  ( 0.000000000000000000, -2.460132057943349518E-16, 1.000000000000000000 ) ) ;
#2327 = ORIENTED_EDGE ( 'NONE', *, *, #7690, .F. ) ;
#2328 = PLANE ( 'NONE',  #4058 ) ;
#2329 = VERTEX_POINT ( 'NONE', #4192 ) ;
#2330 = FACE_OUTER_BOUND ( 'NONE', #2100, .T. ) ;
#2331 = PLANE ( 'NONE',  #2289 ) ;
#2332 = CARTESIAN_POINT ( 'NONE',  ( 3.299999999999999822, 0.8000000000000001554, -7.050000000000001599 ) ) ;
#2333 = ORIENTED_EDGE ( 'NONE', *, *, #2235, .F. ) ;
#2334 = CARTESIAN_POINT ( 'NONE',  ( 5.750000000000000000, 5.650000000000001243, 5.250000000000000000 ) ) ;
#2335 = ADVANCED_FACE ( 'NONE', ( #949 ), #87, .T. ) ;
#2336 = LINE ( 'NONE', #1175, #5913 ) ;
#2337 = VECTOR ( 'NONE', #7089, 1000.000000000000000 ) ;
#2338 = DIRECTION ( 'NONE',  ( 0.000000000000000000, 0.000000000000000000, 1.000000000000000000 ) ) ;
#2339 = LINE ( 'NONE', #3975, #9619 ) ;
#2340 = CIRCLE ( 'NONE', #1717, 0.2000000000000000944 ) ;
#2341 = DIRECTION ( 'NONE',  ( -1.000000000000000000, -0.000000000000000000, -0.000000000000000000 ) ) ;
#2342 = CARTESIAN_POINT ( 'NONE',  ( -5.799999999999998934, 3.100000000000000089, 5.250000000000000000 ) ) ;
#2343 = EDGE_CURVE ( 'NONE', #7055, #2823, #793, .T. ) ;
#2345 = ORIENTED_EDGE ( 'NONE', *, *, #404, .F. ) ;
#2344 = ORIENTED_EDGE ( 'NONE', *, *, #5951, .T. ) ;
#2346 = CARTESIAN_POINT ( 'NONE',  ( 5.799999999999996270, 5.500000000000000888, 6.400000000000000355 ) ) ;
#2347 = ORIENTED_EDGE ( 'NONE', *, *, #10075, .F. ) ;
#2348 = CARTESIAN_POINT ( 'NONE',  ( -2.500000000000000000, -2.350000000000000089, 7.699999999999997513 ) ) ;
#2349 = EDGE_CURVE ( 'NONE', #10147, #8045, #695, .T. ) ;
#2350 = LINE ( 'NONE', #4974, #2067 ) ;
#2351 = ADVANCED_FACE ( 'NONE', ( #4453 ), #7871, .T. ) ;
#2352 = AXIS2_PLACEMENT_3D ( 'NONE', #505, #581, #1273 ) ;
#2353 = ORIENTED_EDGE ( 'NONE', *, *, #1654, .T. ) ;
#2354 = LINE ( 'NONE', #7238, #2056 ) ;
#2355 = DIRECTION ( 'NONE',  ( -1.000000000000000000, -0.000000000000000000, -0.000000000000000000 ) ) ;
#2356 = ORIENTED_EDGE ( 'NONE', *, *, #3901, .F. ) ;
#2357 = VECTOR ( 'NONE', #2049, 1000.000000000000000 ) ;
#2358 = LINE ( 'NONE', #9399, #2095 ) ;
#2359 = DIRECTION ( 'NONE',  ( -0.5735764363510492680, -0.8191520442889895781, 0.000000000000000000 ) ) ;
#2360 = FACE_OUTER_BOUND ( 'NONE', #10314, .T. ) ;
#2361 = VECTOR ( 'NONE', #141, 999.9999999999998863 ) ;
#2362 = FILL_AREA_STYLE_COLOUR ( '', #5160 ) ;
#2363 = ORIENTED_EDGE ( 'NONE', *, *, #492, .F. ) ;
#2364 = ORIENTED_EDGE ( 'NONE', *, *, #926, .F. ) ;
#2365 = EDGE_LOOP ( 'NONE', ( #4751, #6063, #8393, #10165, #10066, #5277, #9454, #1276 ) ) ;
#2366 = EDGE_CURVE ( 'NONE', #9714, #6572, #8011, .T. ) ;
#2367 = PLANE ( 'NONE',  #1799 ) ;
#2368 = CARTESIAN_POINT ( 'NONE',  ( -2.299999999999999378, 0.1000000000000016709, -7.050000000000001599 ) ) ;
#2369 = LINE ( 'NONE', #4846, #5924 ) ;
#2370 = CARTESIAN_POINT ( 'NONE',  ( 5.049999999999997158, 1.000000000000000000, -4.999999999999997335 ) ) ;
#2371 = ORIENTED_EDGE ( 'NONE', *, *, #10032, .F. ) ;
#2372 = LINE ( 'NONE', #4878, #9289 ) ;
#2373 = PRESENTATION_LAYER_ASSIGNMENT (  '', '', ( #6836 ) ) ;
#2374 = VECTOR ( 'NONE', #1787, 1000.000000000000000 ) ;
#2375 = LINE ( 'NONE', #10467, #9207 ) ;
#2376 = DIRECTION ( 'NONE',  ( 0.8191520442889909104, -0.5735764363510473807, 0.000000000000000000 ) ) ;
#2377 = ORIENTED_EDGE ( 'NONE', *, *, #8828, .T. ) ;
#2378 = ORIENTED_EDGE ( 'NONE', *, *, #6756, .T. ) ;
#2379 = ADVANCED_FACE ( 'NONE', ( #840 ), #5443, .T. ) ;
#2380 = DIRECTION ( 'NONE',  ( 0.000000000000000000, -4.430117370400858162E-17, 1.000000000000000000 ) ) ;
#2381 = DIRECTION ( 'NONE',  ( 0.000000000000000000, 0.000000000000000000, 1.000000000000000000 ) ) ;
#2382 = LINE ( 'NONE', #8733, #9198 ) ;
#2383 = CARTESIAN_POINT ( 'NONE',  ( -2.542012759203106320, 2.400000000000000355, -2.000000000000000000 ) ) ;
#2384 = VERTEX_POINT ( 'NONE', #291 ) ;
#2385 = EDGE_CURVE ( 'NONE', #6691, #1739, #4347, .T. ) ;
#2386 = EDGE_LOOP ( 'NONE', ( #8696, #1204, #8254, #10227 ) ) ;
#2387 = CARTESIAN_POINT ( 'NONE',  ( -3.850000000000000089, 1.000000000000000000, -6.700000000000000178 ) ) ;
#2388 = VECTOR ( 'NONE', #1413, 1000.000000000000000 ) ;
#2389 = DIRECTION ( 'NONE',  ( 1.000000000000000000, 0.000000000000000000, 0.000000000000000000 ) ) ;
#2390 = ORIENTED_EDGE ( 'NONE', *, *, #999, .F. ) ;
#2391 = DIRECTION ( 'NONE',  ( 0.000000000000000000, 0.000000000000000000, -1.000000000000000000 ) ) ;
#2392 = CARTESIAN_POINT ( 'NONE',  ( -6.236169591142200375, -0.7547152872702095339, -1.000000000000000000 ) ) ;
#2393 = PLANE ( 'NONE',  #192 ) ;
#2394 = VECTOR ( 'NONE', #8267, 1000.000000000000000 ) ;
#2395 = AXIS2_PLACEMENT_3D ( 'NONE', #517, #9220, #9985 ) ;
#2396 = LINE ( 'NONE', #2952, #5719 ) ;
#2397 = VERTEX_POINT ( 'NONE', #10121 ) ;
#2398 = ORIENTED_EDGE ( 'NONE', *, *, #6368, .T. ) ;
#2399 = DIRECTION ( 'NONE',  ( -1.327027319204863784E-16, -1.000000000000000000, -0.000000000000000000 ) ) ;
#2400 = LINE ( 'NONE', #9160, #5750 ) ;
#2401 = DIRECTION ( 'NONE',  ( -0.000000000000000000, 1.445602896647339163E-16, -1.000000000000000000 ) ) ;
#2402 = VERTEX_POINT ( 'NONE', #6013 ) ;
#2403 = ADVANCED_FACE ( 'NONE', ( #7994 ), #5228, .F. ) ;
#2404 = CARTESIAN_POINT ( 'NONE',  ( 5.049999999999997158, 2.128355624055937206E-16, -6.700000000000000178 ) ) ;
#2405 = CARTESIAN_POINT ( 'NONE',  ( 6.236169591142200375, -0.7547152872702095339, 1.000000000000000000 ) ) ;
#2406 = ORIENTED_EDGE ( 'NONE', *, *, #5082, .T. ) ;
#2407 = VECTOR ( 'NONE', #138, 1000.000000000000000 ) ;
#2408 = DIRECTION ( 'NONE',  ( -0.8191520442889909104, -0.5735764363510472696, 0.000000000000000000 ) ) ;
#2409 = ORIENTED_EDGE ( 'NONE', *, *, #9313, .T. ) ;
#2410 = EDGE_CURVE ( 'NONE', #9793, #7828, #7827, .T. ) ;
#2411 = DIRECTION ( 'NONE',  ( 1.000000000000000000, 0.000000000000000000, 0.000000000000000000 ) ) ;
#2412 = CIRCLE ( 'NONE', #7559, 0.1499999999999999944 ) ;
#2413 = CARTESIAN_POINT ( 'NONE',  ( -2.500000000000000000, -2.500000000000000000, 7.549999999999999822 ) ) ;
#2414 = STYLED_ITEM ( 'NONE', ( #1867 ), #2066 ) ;
#2415 = VECTOR ( 'NONE', #458, 1000.000000000000000 ) ;
#2416 = CARTESIAN_POINT ( 'NONE',  ( 0.8000000000000001554, 2.949999999999998845, 7.249999999999999112 ) ) ;
#2417 = CARTESIAN_POINT ( 'NONE',  ( 5.799999999999996270, 1.000000000000000000, 5.000000000000000888 ) ) ;
#2418 = ORIENTED_EDGE ( 'NONE', *, *, #7477, .T. ) ;
#2419 = SURFACE_STYLE_USAGE ( .BOTH. , #6370 ) ;
#2420 = ORIENTED_EDGE ( 'NONE', *, *, #8844, .F. ) ;
#2421 = EDGE_CURVE ( 'NONE', #10191, #2424, #4500, .T. ) ;
#2422 = CIRCLE ( 'NONE', #5623, 0.1499999999999999667 ) ;
#2423 = EDGE_CURVE ( 'NONE', #4235, #7828, #916, .T. ) ;
#2424 = VERTEX_POINT ( 'NONE', #4452 ) ;
#2425 = VECTOR ( 'NONE', #9123, 1000.000000000000000 ) ;
#2426 = CARTESIAN_POINT ( 'NONE',  ( 0.000000000000000000, 3.100000000000000089, -1.599999999999999867 ) ) ;
#2427 = VERTEX_POINT ( 'NONE', #1324 ) ;
#2428 = SURFACE_STYLE_USAGE ( .BOTH. , #1557 ) ;
#2429 = FACE_OUTER_BOUND ( 'NONE', #76, .T. ) ;
#2430 = CARTESIAN_POINT ( 'NONE',  ( 1.734723475976807094E-15, 2.400000000000000355, -6.700000000000000178 ) ) ;
#2431 = CARTESIAN_POINT ( 'NONE',  ( 3.880824640740575759, 0.09999999999999990841, -4.499999999999997335 ) ) ;
#2432 = DIRECTION ( 'NONE',  ( -1.000000000000000000, -1.327027319204863784E-16, 0.000000000000000000 ) ) ;
#2433 = DIRECTION ( 'NONE',  ( 1.000000000000000000, 1.341711765540131426E-16, 0.000000000000000000 ) ) ;
#2434 = EDGE_LOOP ( 'NONE', ( #1953, #8905, #10101, #2075 ) ) ;
#2435 = ORIENTED_EDGE ( 'NONE', *, *, #1301, .T. ) ;
#2436 = DIRECTION ( 'NONE',  ( 0.000000000000000000, 0.000000000000000000, 1.000000000000000000 ) ) ;
#2437 = AXIS2_PLACEMENT_3D ( 'NONE', #8245, #8438, #6990 ) ;
#2438 = CIRCLE ( 'NONE', #4028, 0.1499999999999999667 ) ;
#2439 = AXIS2_PLACEMENT_3D ( 'NONE', #8707, #6134, #9551 ) ;
#2440 = CARTESIAN_POINT ( 'NONE',  ( -5.799999999999996270, 0.5000000000000004441, -4.499999999999997335 ) ) ;
#2441 = ADVANCED_FACE ( 'NONE', ( #884 ), #2059, .F. ) ;
#2442 = EDGE_CURVE ( 'NONE', #196, #9874, #711, .T. ) ;
#2443 = ORIENTED_EDGE ( 'NONE', *, *, #2758, .T. ) ;
#2444 = CARTESIAN_POINT ( 'NONE',  ( -2.500000000000000000, -2.299999999999999822, 7.549999999999999822 ) ) ;
#2445 = VECTOR ( 'NONE', #2625, 1000.000000000000000 ) ;
#2446 = ORIENTED_EDGE ( 'NONE', *, *, #5872, .F. ) ;
#2447 = VECTOR ( 'NONE', #4715, 1000.000000000000000 ) ;
#2448 = DIRECTION ( 'NONE',  ( 0.000000000000000000, 0.000000000000000000, 1.000000000000000000 ) ) ;
#2449 = LINE ( 'NONE', #7212, #2514 ) ;
#2450 = ORIENTED_EDGE ( 'NONE', *, *, #2497, .F. ) ;
#2451 = ORIENTED_EDGE ( 'NONE', *, *, #1632, .F. ) ;
#2452 = DIRECTION ( 'NONE',  ( 1.000000000000000000, -0.000000000000000000, -1.224646799147353207E-16 ) ) ;
#2453 = EDGE_LOOP ( 'NONE', ( #3022, #2894, #9882, #4784, #2835, #10145, #3334, #2178, #6462, #10187, #7648, #3046, #2204, #6478, #462, #2490, #6835, #3294, #9580, #590, #9983, #7611, #6814, #6308 ) ) ;
#2454 = SURFACE_SIDE_STYLE ('',( #9251 ) ) ;
#2455 = LINE ( 'NONE', #7086, #6372 ) ;
#2456 = CARTESIAN_POINT ( 'NONE',  ( -5.499999999999996447, 5.500000000000000888, -6.400000000000000355 ) ) ;
#2457 = ORIENTED_EDGE ( 'NONE', *, *, #7297, .T. ) ;
#2458 = EDGE_CURVE ( 'NONE', #2705, #9608, #4014, .T. ) ;
#2459 = EDGE_LOOP ( 'NONE', ( #5173, #3422, #9590, #8670 ) ) ;
#2460 = DIRECTION ( 'NONE',  ( 0.000000000000000000, 1.000000000000000000, 2.017120320903263702E-16 ) ) ;
#2461 = CIRCLE ( 'NONE', #1526, 0.1000000000000002554 ) ;
#2462 = CARTESIAN_POINT ( 'NONE',  ( 3.850000000000000089, 2.400000000000000355, -6.700000000000000178 ) ) ;
#2463 = ORIENTED_EDGE ( 'NONE', *, *, #2841, .F. ) ;
#2464 = EDGE_CURVE ( 'NONE', #4126, #8895, #7621, .T. ) ;
#2465 = PLANE ( 'NONE',  #4785 ) ;
#2466 = DIRECTION ( 'NONE',  ( 1.000000000000000000, 0.000000000000000000, -0.000000000000000000 ) ) ;
#2467 = FACE_OUTER_BOUND ( 'NONE', #2324, .T. ) ;
#2468 = AXIS2_PLACEMENT_3D ( 'NONE', #7514, #1517, #9993 ) ;
#2469 = VECTOR ( 'NONE', #6535, 1000.000000000000000 ) ;
#2470 = LINE ( 'NONE', #7482, #2361 ) ;
#2471 = VERTEX_POINT ( 'NONE', #2824 ) ;
#2472 = ADVANCED_FACE ( 'NONE', ( #7565 ), #6930, .T. ) ;
#2473 = CARTESIAN_POINT ( 'NONE',  ( 6.563830408857795895, -1.920042149226665718, -1.000000000000000000 ) ) ;
#2474 = ORIENTED_EDGE ( 'NONE', *, *, #9871, .T. ) ;
#2475 = VERTEX_POINT ( 'NONE', #7767 ) ;
#2476 = LINE ( 'NONE', #1680, #9907 ) ;
#2477 = EDGE_CURVE ( 'NONE', #9726, #388, #7903, .T. ) ;
#2478 = DIRECTION ( 'NONE',  ( -1.000000000000000000, 0.000000000000000000, 0.000000000000000000 ) ) ;
#2479 = ORIENTED_EDGE ( 'NONE', *, *, #5272, .T. ) ;
#2480 = DIRECTION ( 'NONE',  ( 0.000000000000000000, 1.000000000000000000, 4.430117370400858162E-17 ) ) ;
#2481 = EDGE_CURVE ( 'NONE', #1701, #9484, #4466, .T. ) ;
#2482 = DIRECTION ( 'NONE',  ( -1.000000000000000000, 0.000000000000000000, 0.000000000000000000 ) ) ;
#2483 = PLANE ( 'NONE',  #4766 ) ;
#2484 = CARTESIAN_POINT ( 'NONE',  ( -1.700000000000000178, 0.5000000000000027756, -7.050000000000001599 ) ) ;
#2485 = VERTEX_POINT ( 'NONE', #1188 ) ;
#2486 = AXIS2_PLACEMENT_3D ( 'NONE', #9635, #10547, #4443 ) ;
#2487 = ORIENTED_EDGE ( 'NONE', *, *, #4708, .F. ) ;
#2488 = CARTESIAN_POINT ( 'NONE',  ( -5.908508773426603966, -0.9841458618106281309, 1.000000000000000000 ) ) ;
#2489 = CIRCLE ( 'NONE', #10585, 0.2999999999999999334 ) ;
#2490 = ORIENTED_EDGE ( 'NONE', *, *, #1220, .F. ) ;
#2491 = ADVANCED_FACE ( 'NONE', ( #827 ), #4423, .T. ) ;
#2492 = ORIENTED_EDGE ( 'NONE', *, *, #8055, .T. ) ;
#2493 = EDGE_LOOP ( 'NONE', ( #10181, #1294, #9925, #6085 ) ) ;
#2494 = VECTOR ( 'NONE', #3331, 1000.000000000000114 ) ;
#2495 = CARTESIAN_POINT ( 'NONE',  ( 5.799999999999996270, 1.000000000000000000, 6.400000000000000355 ) ) ;
#2496 = ORIENTED_EDGE ( 'NONE', *, *, #10361, .F. ) ;
#2497 = EDGE_CURVE ( 'NONE', #2819, #145, #4280, .T. ) ;
#2498 = VECTOR ( 'NONE', #9027, 1000.000000000000114 ) ;
#2499 = DIRECTION ( 'NONE',  ( 1.807003620809174139E-16, -1.000000000000000000, -4.430117370400858162E-17 ) ) ;
#2500 = CARTESIAN_POINT ( 'NONE',  ( 2.542012759203106320, 0.1000000000000001721, -3.000000000000000000 ) ) ;
#2501 = DIRECTION ( 'NONE',  ( -1.535153518563546084E-16, 1.000000000000000000, 0.000000000000000000 ) ) ;
#2502 = FACE_OUTER_BOUND ( 'NONE', #1715, .T. ) ;
#2503 = EDGE_CURVE ( 'NONE', #8045, #8788, #747, .T. ) ;
#2504 = EDGE_LOOP ( 'NONE', ( #2231, #7498, #78, #8875 ) ) ;
#2505 = EDGE_LOOP ( 'NONE', ( #5158, #2321, #3355, #5085, #10129, #19, #6244, #6279 ) ) ;
#2506 = CARTESIAN_POINT ( 'NONE',  ( 6.399999999999998579, -2.034757436496875016, 1.000000000000000000 ) ) ;
#2507 = VECTOR ( 'NONE', #3505, 1000.000000000000000 ) ;
#2508 = DIRECTION ( 'NONE',  ( -1.000000000000000000, -0.000000000000000000, 0.000000000000000000 ) ) ;
#2509 = ORIENTED_EDGE ( 'NONE', *, *, #5167, .T. ) ;
#2510 = VECTOR ( 'NONE', #9252, 1000.000000000000000 ) ;
#2511 = ORIENTED_EDGE ( 'NONE', *, *, #8867, .T. ) ;
#2512 = LINE ( 'NONE', #3158, #2447 ) ;
#2513 = CARTESIAN_POINT ( 'NONE',  ( -0.7999999999999999334, 3.249999999999998224, 7.249999999999999112 ) ) ;
#2514 = VECTOR ( 'NONE', #10593, 1000.000000000000000 ) ;
#2515 = ORIENTED_EDGE ( 'NONE', *, *, #977, .T. ) ;
#2516 = ORIENTED_EDGE ( 'NONE', *, *, #6394, .F. ) ;
#2517 = EDGE_CURVE ( 'NONE', #7180, #9778, #4260, .T. ) ;
#2518 = CARTESIAN_POINT ( 'NONE',  ( 0.000000000000000000, 3.100000000000000089, 1.599999999999999867 ) ) ;
#2519 = ORIENTED_EDGE ( 'NONE', *, *, #6210, .T. ) ;
#2520 = DIRECTION ( 'NONE',  ( 0.000000000000000000, -4.430117370400858162E-17, 1.000000000000000000 ) ) ;
#2521 = CARTESIAN_POINT ( 'NONE',  ( 2.100000000000000089, -3.099999999999996980, -7.050000000000002487 ) ) ;
#2522 = CARTESIAN_POINT ( 'NONE',  ( -2.900000000000000355, -3.099999999999996980, -6.800000000000002487 ) ) ;
#2523 = LINE ( 'NONE', #4686, #9842 ) ;
#2524 = PLANE ( 'NONE',  #5514 ) ;
#2525 = AXIS2_PLACEMENT_3D ( 'NONE', #7096, #7926, #10318 ) ;
#2526 = EDGE_LOOP ( 'NONE', ( #6031, #9898, #9628, #6722, #9844, #2347, #6677, #2813 ) ) ;
#2527 = CARTESIAN_POINT ( 'NONE',  ( 5.799999999999998934, 3.100000000000000089, 5.250000000000000000 ) ) ;
#2528 = FACE_OUTER_BOUND ( 'NONE', #8550, .T. ) ;
#2529 = CARTESIAN_POINT ( 'NONE',  ( 5.049999999999997158, 2.128355624055937206E-16, -6.700000000000000178 ) ) ;
#2530 = EDGE_LOOP ( 'NONE', ( #8123, #7722, #1099, #8966 ) ) ;
#2531 = CARTESIAN_POINT ( 'NONE',  ( 4.549999999999997158, 1.000000000000000000, 5.850000000000000533 ) ) ;
#2532 = PLANE ( 'NONE',  #10136 ) ;
#2533 = LINE ( 'NONE', #1519, #6011 ) ;
#2534 = FACE_OUTER_BOUND ( 'NONE', #8623, .T. ) ;
#2535 = TOROIDAL_SURFACE ( 'NONE', #5622, 0.05000000000000075218, 0.1499999999999999944 ) ;
#2536 = EDGE_LOOP ( 'NONE', ( #6414, #1411 ) ) ;
#2537 = EDGE_LOOP ( 'NONE', ( #8591, #2948, #1848, #10036 ) ) ;
#2538 = EDGE_CURVE ( 'NONE', #2045, #3956, #4393, .T. ) ;
#2539 = DIRECTION ( 'NONE',  ( 0.5735764363510492680, -0.8191520442889895781, 0.000000000000000000 ) ) ;
#2540 = VECTOR ( 'NONE', #4972, 1000.000000000000000 ) ;
#2541 = ORIENTED_EDGE ( 'NONE', *, *, #3564, .F. ) ;
#2542 = DIRECTION ( 'NONE',  ( -9.383500162295610576E-17, -0.7071067811865451302, -0.7071067811865500152 ) ) ;
#2543 = AXIS2_PLACEMENT_3D ( 'NONE', #4614, #5345, #6211 ) ;
#2544 = DIRECTION ( 'NONE',  ( 0.000000000000000000, -0.000000000000000000, 1.000000000000000000 ) ) ;
#2545 = VERTEX_POINT ( 'NONE', #8078 ) ;
#2546 = VECTOR ( 'NONE', #130, 1000.000000000000000 ) ;
#2547 = CARTESIAN_POINT ( 'NONE',  ( -5.750000000000000000, 5.700000000000000178, 6.400000000000000355 ) ) ;
#2548 = CARTESIAN_POINT ( 'NONE',  ( -5.499999999999996447, 5.500000000000000888, 6.400000000000000355 ) ) ;
#2549 = CARTESIAN_POINT ( 'NONE',  ( 5.049999999999998046, 2.400000000000000355, -5.350000000000001421 ) ) ;
#2550 = EDGE_CURVE ( 'NONE', #3000, #8771, #493, .T. ) ;
#2551 = VECTOR ( 'NONE', #8480, 1000.000000000000000 ) ;
#2552 = CARTESIAN_POINT ( 'NONE',  ( 5.499999999999996447, 0.000000000000000000, 6.700000000000000178 ) ) ;
#2553 = EDGE_CURVE ( 'NONE', #2661, #4251, #7980, .T. ) ;
#2554 = FACE_OUTER_BOUND ( 'NONE', #9583, .T. ) ;
#2555 = VECTOR ( 'NONE', #8914, 1000.000000000000000 ) ;
#2556 = PLANE ( 'NONE',  #1403 ) ;
#2557 = CARTESIAN_POINT ( 'NONE',  ( 0.000000000000000000, 0.09999999999999971412, -4.500000000000000888 ) ) ;
#2558 = CARTESIAN_POINT ( 'NONE',  ( 4.250000000000000000, 6.100000000000000533, 5.099999999999999645 ) ) ;
#2559 = ORIENTED_EDGE ( 'NONE', *, *, #4924, .T. ) ;
#2560 =( NAMED_UNIT ( * ) PLANE_ANGLE_UNIT ( ) SI_UNIT ( $, .RADIAN. ) );
#2561 = ADVANCED_FACE ( 'NONE', ( #4049 ), #10491, .T. ) ;
#2562 = ORIENTED_EDGE ( 'NONE', *, *, #3476, .T. ) ;
#2563 = VECTOR ( 'NONE', #4414, 999.9999999999998863 ) ;
#2564 = ORIENTED_EDGE ( 'NONE', *, *, #2550, .F. ) ;
#2565 = ORIENTED_EDGE ( 'NONE', *, *, #5801, .F. ) ;
#2566 = VECTOR ( 'NONE', #3757, 1000.000000000000000 ) ;
#2567 = CARTESIAN_POINT ( 'NONE',  ( -2.291287847477920803, 15.00000000000000000, 0.9999999999999991118 ) ) ;
#2568 = ORIENTED_EDGE ( 'NONE', *, *, #1487, .T. ) ;
#2569 = FACE_OUTER_BOUND ( 'NONE', #10263, .T. ) ;
#2570 = CARTESIAN_POINT ( 'NONE',  ( 1.700000000000000178, 0.8000000000000001554, -6.750000000000001776 ) ) ;
#2571 = VECTOR ( 'NONE', #187, 1000.000000000000000 ) ;
#2572 = DIRECTION ( 'NONE',  ( 1.535153518563546084E-16, -1.000000000000000000, -1.445602896647339163E-16 ) ) ;
#2573 = AXIS2_PLACEMENT_3D ( 'NONE', #4430, #6055, #6973 ) ;
#2574 = AXIS2_PLACEMENT_3D ( 'NONE', #10353, #1263, #2988 ) ;
#2575 = DIRECTION ( 'NONE',  ( 1.535153518563546084E-16, -1.000000000000000000, -0.000000000000000000 ) ) ;
#2576 = FACE_OUTER_BOUND ( 'NONE', #119, .T. ) ;
#2577 = ORIENTED_EDGE ( 'NONE', *, *, #10124, .T. ) ;
#2578 = ORIENTED_EDGE ( 'NONE', *, *, #5276, .F. ) ;
#2579 = EDGE_CURVE ( 'NONE', #1400, #6208, #7599, .T. ) ;
#2580 = ORIENTED_EDGE ( 'NONE', *, *, #3679, .F. ) ;
#2581 = DIRECTION ( 'NONE',  ( 0.000000000000000000, 0.000000000000000000, -1.000000000000000000 ) ) ;
#2582 = VECTOR ( 'NONE', #4534, 1000.000000000000000 ) ;
#2583 = AXIS2_PLACEMENT_3D ( 'NONE', #7613, #8490, #9939 ) ;
#2584 = ADVANCED_FACE ( 'NONE', ( #508 ), #8797, .F. ) ;
#2585 = ORIENTED_EDGE ( 'NONE', *, *, #9229, .T. ) ;
#2586 = CARTESIAN_POINT ( 'NONE',  ( 3.850000000000000089, 1.000000000000000000, 6.700000000000000178 ) ) ;
#2587 = DIRECTION ( 'NONE',  ( 0.000000000000000000, 0.000000000000000000, 1.000000000000000000 ) ) ;
#2588 = VERTEX_POINT ( 'NONE', #8947 ) ;
#2589 = FACE_OUTER_BOUND ( 'NONE', #2493, .T. ) ;
#2590 = ORIENTED_EDGE ( 'NONE', *, *, #1063, .T. ) ;
#2591 = VECTOR ( 'NONE', #2865, 1000.000000000000000 ) ;
#2592 = DIRECTION ( 'NONE',  ( 0.000000000000000000, 0.000000000000000000, 1.000000000000000000 ) ) ;
#2593 = VECTOR ( 'NONE', #3265, 1000.000000000000000 ) ;
#2594 = LINE ( 'NONE', #4943, #6152 ) ;
#2595 = EDGE_CURVE ( 'NONE', #3442, #5495, #7840, .T. ) ;
#2596 = CARTESIAN_POINT ( 'NONE',  ( 0.000000000000000000, -2.299999999999999822, 7.549999999999999822 ) ) ;
#2597 = VERTEX_POINT ( 'NONE', #4705 ) ;
#2598 = ORIENTED_EDGE ( 'NONE', *, *, #3077, .T. ) ;
#2599 = FACE_OUTER_BOUND ( 'NONE', #10449, .T. ) ;
#2600 = DIRECTION ( 'NONE',  ( -0.9396926207859082059, 0.3420201433256695456, 0.000000000000000000 ) ) ;
#2601 = DIRECTION ( 'NONE',  ( 0.000000000000000000, -1.000000000000000000, 0.000000000000000000 ) ) ;
#2602 = CARTESIAN_POINT ( 'NONE',  ( -4.549999999999997158, 1.000000000000000000, 5.850000000000000533 ) ) ;
#2603 = LINE ( 'NONE', #6038, #2753 ) ;
#2604 = ORIENTED_EDGE ( 'NONE', *, *, #6374, .T. ) ;
#2605 = DIRECTION ( 'NONE',  ( -0.000000000000000000, -1.000000000000000000, -0.000000000000000000 ) ) ;
#2606 = ORIENTED_EDGE ( 'NONE', *, *, #8748, .T. ) ;
#2607 = AXIS2_PLACEMENT_3D ( 'NONE', #1759, #4322, #9863 ) ;
#2608 = ORIENTED_EDGE ( 'NONE', *, *, #4613, .F. ) ;
#2609 = DIRECTION ( 'NONE',  ( -1.000000000000000000, 1.327027319204863784E-16, -0.000000000000000000 ) ) ;
#2610 = VECTOR ( 'NONE', #7204, 1000.000000000000000 ) ;
#2611 = DIRECTION ( 'NONE',  ( -0.000000000000000000, -1.445602896647339163E-16, -1.000000000000000000 ) ) ;
#2612 = PLANE ( 'NONE',  #919 ) ;
#2613 = CARTESIAN_POINT ( 'NONE',  ( 6.200000000000000178, 3.100000000000000089, -4.500000000000000888 ) ) ;
#2614 = DIRECTION ( 'NONE',  ( 0.000000000000000000, -1.000000000000000000, 0.000000000000000000 ) ) ;
#2615 = CARTESIAN_POINT ( 'NONE',  ( -4.549999999999997158, 0.000000000000000000, 5.850000000000000533 ) ) ;
#2616 = LINE ( 'NONE', #7392, #6171 ) ;
#2617 = FACE_OUTER_BOUND ( 'NONE', #2199, .T. ) ;
#2618 = ORIENTED_EDGE ( 'NONE', *, *, #2481, .T. ) ;
#2619 = EDGE_CURVE ( 'NONE', #3384, #1704, #7793, .T. ) ;
#2620 = FACE_OUTER_BOUND ( 'NONE', #6264, .T. ) ;
#2621 = CARTESIAN_POINT ( 'NONE',  ( -5.499999999999996447, 5.700000000000000178, -6.500000000000000888 ) ) ;
#2622 = ORIENTED_EDGE ( 'NONE', *, *, #9953, .T. ) ;
#2623 = EDGE_CURVE ( 'NONE', #10571, #7766, #4317, .T. ) ;
#2624 = DIRECTION ( 'NONE',  ( 0.000000000000000000, 0.000000000000000000, 1.000000000000000000 ) ) ;
#2625 = DIRECTION ( 'NONE',  ( -3.614007241618348278E-16, -1.000000000000000000, -4.430117370400858162E-17 ) ) ;
#2626 = EDGE_LOOP ( 'NONE', ( #6859, #9107, #10345, #5283 ) ) ;
#2627 = FACE_OUTER_BOUND ( 'NONE', #9621, .T. ) ;
#2628 = CARTESIAN_POINT ( 'NONE',  ( -0.7999999999999999334, 2.999999999999998224, 7.249999999999999112 ) ) ;
#2629 = ORIENTED_EDGE ( 'NONE', *, *, #5318, .T. ) ;
#2630 = AXIS2_PLACEMENT_3D ( 'NONE', #2223, #9839, #9028 ) ;
#2631 = DIRECTION ( 'NONE',  ( 1.000000000000000000, -0.000000000000000000, 0.000000000000000000 ) ) ;
#2632 = LINE ( 'NONE', #9097, #6194 ) ;
#2633 = LINE ( 'NONE', #4926, #2762 ) ;
#2634 = DIRECTION ( 'NONE',  ( -0.8191520442889909104, 0.5735764363510472696, 0.000000000000000000 ) ) ;
#2635 = CIRCLE ( 'NONE', #1378, 0.1499999999999999667 ) ;
#2636 = DIRECTION ( 'NONE',  ( -1.000000000000000000, 0.000000000000000000, 0.000000000000000000 ) ) ;
#2637 = ORIENTED_EDGE ( 'NONE', *, *, #9849, .T. ) ;
#2638 = ORIENTED_EDGE ( 'NONE', *, *, #8445, .T. ) ;
#2639 = DIRECTION ( 'NONE',  ( 0.000000000000000000, -2.460132057943349518E-16, 1.000000000000000000 ) ) ;
#2640 = ORIENTED_EDGE ( 'NONE', *, *, #4371, .T. ) ;
#2641 = CARTESIAN_POINT ( 'NONE',  ( 6.200000000000000178, 3.100000000000000089, -4.500000000000000888 ) ) ;
#2642 = ORIENTED_EDGE ( 'NONE', *, *, #6926, .F. ) ;
#2643 = CARTESIAN_POINT ( 'NONE',  ( 3.880824640740575315, 2.935823076413500043, -3.000000000000000000 ) ) ;
#2644 = EDGE_CURVE ( 'NONE', #3330, #10277, #777, .T. ) ;
#2645 = LINE ( 'NONE', #9909, #6225 ) ;
#2646 = VERTEX_POINT ( 'NONE', #1577 ) ;
#2647 = VERTEX_POINT ( 'NONE', #4904 ) ;
#2648 = EDGE_CURVE ( 'NONE', #425, #2588, #4812, .T. ) ;
#2649 = ORIENTED_EDGE ( 'NONE', *, *, #4091, .F. ) ;
#2650 = CIRCLE ( 'NONE', #2895, 0.1499999999999999667 ) ;
#2651 = DIRECTION ( 'NONE',  ( 0.000000000000000000, -4.430117370400858162E-17, 1.000000000000000000 ) ) ;
#2652 = VECTOR ( 'NONE', #909, 999.9999999999998863 ) ;
#2653 = EDGE_CURVE ( 'NONE', #3700, #3220, #4723, .T. ) ;
#2654 = AXIS2_PLACEMENT_3D ( 'NONE', #1314, #6479, #7232 ) ;
#2655 = CARTESIAN_POINT ( 'NONE',  ( 4.336808689942017736E-16, 0.7500000000000005551, 7.699999999999997513 ) ) ;
#2656 = FACE_OUTER_BOUND ( 'NONE', #7557, .T. ) ;
#2657 = CARTESIAN_POINT ( 'NONE',  ( 3.880824640740575759, 0.09999999999999990841, -2.599999999999997424 ) ) ;
#2658 = LINE ( 'NONE', #6302, #9834 ) ;
#2659 = CARTESIAN_POINT ( 'NONE',  ( -2.900000000000000355, 2.504411906293520396, -6.200000000000001954 ) ) ;
#2660 = ORIENTED_EDGE ( 'NONE', *, *, #9026, .T. ) ;
#2661 = VERTEX_POINT ( 'NONE', #9825 ) ;
#2662 = ADVANCED_FACE ( 'NONE', ( #8185 ), #8207, .F. ) ;
#2663 = ORIENTED_EDGE ( 'NONE', *, *, #8916, .F. ) ;
#2664 = VERTEX_POINT ( 'NONE', #1445 ) ;
#2665 = CARTESIAN_POINT ( 'NONE',  ( -4.549999999999997158, 4.986986664055304885, 5.850000000000000533 ) ) ;
#2666 = VECTOR ( 'NONE', #6740, 1000.000000000000000 ) ;
#2667 = EDGE_LOOP ( 'NONE', ( #8972, #5512, #7233, #1869, #9385, #8819, #1784, #6310, #2363, #2152, #4333, #7587, #2024, #6395, #4001, #3766, #5522, #5764, #6289, #7624 ) ) ;
#2668 = EDGE_LOOP ( 'NONE', ( #641, #9011, #6991, #9880 ) ) ;
#2669 = ORIENTED_EDGE ( 'NONE', *, *, #8182, .T. ) ;
#2670 = CARTESIAN_POINT ( 'NONE',  ( -1.699999999999999956, 0.8500000000000000888, -5.850000000000000533 ) ) ;
#2671 = DIRECTION ( 'NONE',  ( 0.000000000000000000, 1.000000000000000000, 2.017120320903263702E-16 ) ) ;
#2672 = VERTEX_POINT ( 'NONE', #2513 ) ;
#2673 = LINE ( 'NONE', #615, #2695 ) ;
#2674 = EDGE_CURVE ( 'NONE', #7829, #2025, #4576, .T. ) ;
#2675 = CIRCLE ( 'NONE', #3703, 3.000000000000000444 ) ;
#2676 = FACE_OUTER_BOUND ( 'NONE', #6146, .T. ) ;
#2677 = LINE ( 'NONE', #3579, #6237 ) ;
#2678 = CIRCLE ( 'NONE', #2259, 0.4000000000000001887 ) ;
#2679 = EDGE_CURVE ( 'NONE', #4245, #6433, #4843, .T. ) ;
#2680 = AXIS2_PLACEMENT_3D ( 'NONE', #566, #1259, #1059 ) ;
#2681 = VECTOR ( 'NONE', #7048, 1000.000000000000000 ) ;
#2682 = ORIENTED_EDGE ( 'NONE', *, *, #4225, .F. ) ;
#2683 = SURFACE_SIDE_STYLE ('',( #10126 ) ) ;
#2684 = ORIENTED_EDGE ( 'NONE', *, *, #7508, .F. ) ;
#2685 = ORIENTED_EDGE ( 'NONE', *, *, #5613, .F. ) ;
#2686 = CARTESIAN_POINT ( 'NONE',  ( 3.673940397442060361E-16, 9.999999999999998224, 3.000000000000000000 ) ) ;
#2687 = DIRECTION ( 'NONE',  ( -1.000000000000000000, 0.000000000000000000, 0.000000000000000000 ) ) ;
#2688 = FILL_AREA_STYLE_COLOUR ( '', #5711 ) ;
#2689 = VECTOR ( 'NONE', #1148, 1000.000000000000000 ) ;
#2690 = CARTESIAN_POINT ( 'NONE',  ( 5.499999999999996447, 5.700000000000000178, -6.500000000000000888 ) ) ;
#2691 = ORIENTED_EDGE ( 'NONE', *, *, #7970, .F. ) ;
#2692 = ADVANCED_FACE ( 'NONE', ( #8386 ), #5588, .F. ) ;
#2693 = VERTEX_POINT ( 'NONE', #5517 ) ;
#2694 = ORIENTED_EDGE ( 'NONE', *, *, #2906, .T. ) ;
#2695 = VECTOR ( 'NONE', #3048, 1000.000000000000114 ) ;
#2696 = PLANE ( 'NONE',  #7071 ) ;
#2697 = ORIENTED_EDGE ( 'NONE', *, *, #7283, .F. ) ;
#2698 = DIRECTION ( 'NONE',  ( 1.000000000000000000, -3.614007241618348771E-16, 0.000000000000000000 ) ) ;
#2699 = CARTESIAN_POINT ( 'NONE',  ( -3.999999999999998224, -3.551475717527321367E-16, -6.700000000000000178 ) ) ;
#2700 = FACE_OUTER_BOUND ( 'NONE', #9330, .T. ) ;
#2701 = FACE_OUTER_BOUND ( 'NONE', #317, .T. ) ;
#2702 = CYLINDRICAL_SURFACE ( 'NONE', #6897, 0.5999999999999989786 ) ;
#2703 = ORIENTED_EDGE ( 'NONE', *, *, #7993, .T. ) ;
#2704 = EDGE_CURVE ( 'NONE', #3624, #9029, #8072, .T. ) ;
#2705 = VERTEX_POINT ( 'NONE', #3299 ) ;
#2706 = ORIENTED_EDGE ( 'NONE', *, *, #5530, .F. ) ;
#2707 = AXIS2_PLACEMENT_3D ( 'NONE', #8976, #2401, #5680 ) ;
#2708 = FACE_OUTER_BOUND ( 'NONE', #3857, .T. ) ;
#2709 = AXIS2_PLACEMENT_3D ( 'NONE', #3380, #4357, #5115 ) ;
#2710 = ORIENTED_EDGE ( 'NONE', *, *, #10413, .F. ) ;
#2711 = DIRECTION ( 'NONE',  ( -0.000000000000000000, 1.000000000000000000, 0.000000000000000000 ) ) ;
#2712 = VERTEX_POINT ( 'NONE', #4840 ) ;
#2713 = DIRECTION ( 'NONE',  ( -1.000000000000000000, 0.000000000000000000, 0.000000000000000000 ) ) ;
#2714 = EDGE_CURVE ( 'NONE', #3874, #3896, #8218, .T. ) ;
#2715 = ORIENTED_EDGE ( 'NONE', *, *, #8175, .T. ) ;
#2716 = VECTOR ( 'NONE', #8038, 1000.000000000000000 ) ;
#2717 = CARTESIAN_POINT ( 'NONE',  ( -5.908508773426603966, -0.9841458618106281309, -1.000000000000000000 ) ) ;
#2718 = DIRECTION ( 'NONE',  ( 0.000000000000000000, -1.000000000000000000, 0.000000000000000000 ) ) ;
#2719 = VECTOR ( 'NONE', #237, 1000.000000000000000 ) ;
#2720 = AXIS2_PLACEMENT_3D ( 'NONE', #1448, #10498, #2300 ) ;
#2721 = FACE_OUTER_BOUND ( 'NONE', #7316, .T. ) ;
#2722 = LINE ( 'NONE', #6447, #10014 ) ;
#2723 = FILL_AREA_STYLE_COLOUR ( '', #1468 ) ;
#2724 = DIRECTION ( 'NONE',  ( 0.000000000000000000, 0.000000000000000000, 1.000000000000000000 ) ) ;
#2725 = CARTESIAN_POINT ( 'NONE',  ( -3.299999999999999822, 2.999999999999998224, 7.249999999999999112 ) ) ;
#2726 = DIRECTION ( 'NONE',  ( 0.000000000000000000, 0.000000000000000000, -1.000000000000000000 ) ) ;
#2727 = ORIENTED_EDGE ( 'NONE', *, *, #4138, .T. ) ;
#2728 = DIRECTION ( 'NONE',  ( 0.000000000000000000, 0.000000000000000000, 1.000000000000000000 ) ) ;
#2729 = ORIENTED_EDGE ( 'NONE', *, *, #8094, .T. ) ;
#2730 = CARTESIAN_POINT ( 'NONE',  ( 0.000000000000000000, 0.000000000000000000, 0.000000000000000000 ) ) ;
#2731 = ORIENTED_EDGE ( 'NONE', *, *, #6608, .T. ) ;
#2732 = DIRECTION ( 'NONE',  ( 0.7071067811865462405, 0.000000000000000000, -0.7071067811865489050 ) ) ;
#2733 = CIRCLE ( 'NONE', #302, 0.05000000000000077993 ) ;
#2734 = LINE ( 'NONE', #6184, #6518 ) ;
#2735 = EDGE_LOOP ( 'NONE', ( #7931, #4335, #4589, #7068, #7164, #6898, #1734, #7216, #8917, #7200, #3906, #1713 ) ) ;
#2736 = ORIENTED_EDGE ( 'NONE', *, *, #5318, .F. ) ;
#2737 = EDGE_CURVE ( 'NONE', #2545, #2950, #1181, .T. ) ;
#2738 = AXIS2_PLACEMENT_3D ( 'NONE', #5734, #7453, #1939 ) ;
#2739 = ORIENTED_EDGE ( 'NONE', *, *, #5094, .T. ) ;
#2740 = FACE_BOUND ( 'NONE', #9563, .T. ) ;
#2741 = ORIENTED_EDGE ( 'NONE', *, *, #5162, .F. ) ;
#2742 = EDGE_CURVE ( 'NONE', #9072, #7314, #4544, .T. ) ;
#2743 = FACE_OUTER_BOUND ( 'NONE', #6498, .T. ) ;
#2744 = VECTOR ( 'NONE', #2399, 1000.000000000000000 ) ;
#2745 = ADVANCED_FACE ( 'NONE', ( #4689 ), #6271, .F. ) ;
#2746 = CARTESIAN_POINT ( 'NONE',  ( 5.750000000000000000, 5.650000000000001243, -5.250000000000000000 ) ) ;
#2747 = AXIS2_PLACEMENT_3D ( 'NONE', #9066, #9964, #4262 ) ;
#2748 = DIRECTION ( 'NONE',  ( -0.000000000000000000, -1.000000000000000000, -0.000000000000000000 ) ) ;
#2749 = ORIENTED_EDGE ( 'NONE', *, *, #10525, .F. ) ;
#2750 = ORIENTED_EDGE ( 'NONE', *, *, #7394, .F. ) ;
#2751 = ORIENTED_EDGE ( 'NONE', *, *, #9098, .F. ) ;
#2752 = DIRECTION ( 'NONE',  ( 1.000000000000000000, 0.000000000000000000, 0.000000000000000000 ) ) ;
#2753 = VECTOR ( 'NONE', #1940, 1000.000000000000000 ) ;
#2754 = ORIENTED_EDGE ( 'NONE', *, *, #8220, .T. ) ;
#2755 = DIRECTION ( 'NONE',  ( -0.000000000000000000, -0.000000000000000000, -1.000000000000000000 ) ) ;
#2756 = CARTESIAN_POINT ( 'NONE',  ( -4.250000000000000000, 6.700000000000000178, -5.099999999999999645 ) ) ;
#2757 = ORIENTED_EDGE ( 'NONE', *, *, #8614, .T. ) ;
#2758 = EDGE_CURVE ( 'NONE', #3126, #1396, #4588, .T. ) ;
#2759 = VECTOR ( 'NONE', #6422, 1000.000000000000000 ) ;
#2760 = LINE ( 'NONE', #10313, #6173 ) ;
#2761 = EDGE_CURVE ( 'NONE', #4211, #3662, #8202, .T. ) ;
#2762 = VECTOR ( 'NONE', #5757, 1000.000000000000000 ) ;
#2763 = DIRECTION ( 'NONE',  ( 0.000000000000000000, 0.000000000000000000, -1.000000000000000000 ) ) ;
#2764 = FACE_OUTER_BOUND ( 'NONE', #5254, .T. ) ;
#2765 = ORIENTED_EDGE ( 'NONE', *, *, #10508, .T. ) ;
#2766 = AXIS2_PLACEMENT_3D ( 'NONE', #5196, #9536, #2698 ) ;
#2767 = ORIENTED_EDGE ( 'NONE', *, *, #416, .F. ) ;
#2768 = ADVANCED_FACE ( 'NONE', ( #1114 ), #8404, .F. ) ;
#2769 = LINE ( 'NONE', #5302, #7831 ) ;
#2770 = ORIENTED_EDGE ( 'NONE', *, *, #5089, .T. ) ;
#2771 = CARTESIAN_POINT ( 'NONE',  ( 1.700000000000000178, 2.949999999999998845, 7.249999999999999112 ) ) ;
#2772 = CARTESIAN_POINT ( 'NONE',  ( 5.799999999999998934, 5.650000000000001243, -1.000000000000000000 ) ) ;
#2773 = CARTESIAN_POINT ( 'NONE',  ( 5.049999999999997158, 2.399999999999999023, -4.499999999999997335 ) ) ;
#2774 = DIRECTION ( 'NONE',  ( -1.000000000000000000, 0.000000000000000000, 0.000000000000000000 ) ) ;
#2775 = CIRCLE ( 'NONE', #4610, 0.1499999999999999667 ) ;
#2776 = PLANE ( 'NONE',  #5769 ) ;
#2777 = VERTEX_POINT ( 'NONE', #8605 ) ;
#2778 = VERTEX_POINT ( 'NONE', #7151 ) ;
#2779 = ORIENTED_EDGE ( 'NONE', *, *, #2758, .F. ) ;
#2780 = LINE ( 'NONE', #2242, #9556 ) ;
#2781 = CARTESIAN_POINT ( 'NONE',  ( 0.000000000000000000, 3.100000000000000089, 1.599999999999999867 ) ) ;
#2782 = DIRECTION ( 'NONE',  ( 1.000000000000000000, 0.000000000000000000, 0.000000000000000000 ) ) ;
#2783 = CARTESIAN_POINT ( 'NONE',  ( -1.699999999999999956, 1.100000000000000089, -5.850000000000000533 ) ) ;
#2784 = EDGE_CURVE ( 'NONE', #6885, #10113, #8137, .T. ) ;
#2785 = CARTESIAN_POINT ( 'NONE',  ( 0.8000000000000001554, 3.249999999999998668, 6.349999999999997868 ) ) ;
#2786 = VECTOR ( 'NONE', #1270, 1000.000000000000000 ) ;
#2787 = FACE_OUTER_BOUND ( 'NONE', #2933, .T. ) ;
#2788 = VECTOR ( 'NONE', #8039, 1000.000000000000000 ) ;
#2789 = EDGE_CURVE ( 'NONE', #4837, #4565, #1052, .T. ) ;
#2790 = ORIENTED_EDGE ( 'NONE', *, *, #5832, .T. ) ;
#2791 = ORIENTED_EDGE ( 'NONE', *, *, #4384, .T. ) ;
#2792 = VERTEX_POINT ( 'NONE', #9524 ) ;
#2793 = AXIS2_PLACEMENT_3D ( 'NONE', #8151, #9666, #8217 ) ;
#2794 = FACE_OUTER_BOUND ( 'NONE', #6119, .T. ) ;
#2795 =( NAMED_UNIT ( * ) SI_UNIT ( $, .STERADIAN. ) SOLID_ANGLE_UNIT ( ) );
#2796 = ORIENTED_EDGE ( 'NONE', *, *, #222, .T. ) ;
#2797 = ADVANCED_FACE ( 'NONE', ( #4560 ), #10371, .T. ) ;
#2798 = DIRECTION ( 'NONE',  ( -0.000000000000000000, -1.000000000000000000, -0.000000000000000000 ) ) ;
#2799 = VERTEX_POINT ( 'NONE', #3899 ) ;
#2800 = CARTESIAN_POINT ( 'NONE',  ( -5.599999999999996092, 5.700000000000000178, -6.400000000000000355 ) ) ;
#2801 = ORIENTED_EDGE ( 'NONE', *, *, #8301, .F. ) ;
#2802 = VECTOR ( 'NONE', #4869, 1000.000000000000000 ) ;
#2803 = CARTESIAN_POINT ( 'NONE',  ( 6.999999999999997335, -2.034757436496875016, 1.000000000000000000 ) ) ;
#2804 = CARTESIAN_POINT ( 'NONE',  ( 5.799999999999996270, 1.000000000000000000, 5.000000000000000888 ) ) ;
#2805 = CIRCLE ( 'NONE', #7306, 0.05000000000000012768 ) ;
#2806 = SURFACE_SIDE_STYLE ('',( #4859 ) ) ;
#2807 = VECTOR ( 'NONE', #3171, 1000.000000000000000 ) ;
#2808 = DIRECTION ( 'NONE',  ( 0.000000000000000000, 1.000000000000000000, 0.000000000000000000 ) ) ;
#2809 = CARTESIAN_POINT ( 'NONE',  ( 5.750000000000000000, 6.100000000000000533, -6.700000000000000178 ) ) ;
#2810 = ORIENTED_EDGE ( 'NONE', *, *, #2644, .F. ) ;
#2811 = ORIENTED_EDGE ( 'NONE', *, *, #4961, .F. ) ;
#2812 = CARTESIAN_POINT ( 'NONE',  ( -4.250000000000000000, 6.100000000000000533, 5.099999999999999645 ) ) ;
#2813 = ORIENTED_EDGE ( 'NONE', *, *, #10298, .F. ) ;
#2814 = DIRECTION ( 'NONE',  ( 1.000000000000000000, 1.341711765540131426E-16, 0.000000000000000000 ) ) ;
#2815 = EDGE_CURVE ( 'NONE', #1768, #2402, #1035, .T. ) ;
#2816 = VERTEX_POINT ( 'NONE', #1872 ) ;
#2817 = CARTESIAN_POINT ( 'NONE',  ( 5.799999999999996270, 2.400000000000000355, 6.700000000000000178 ) ) ;
#2818 = VECTOR ( 'NONE', #6192, 1000.000000000000000 ) ;
#2819 = VERTEX_POINT ( 'NONE', #1282 ) ;
#2820 = AXIS2_PLACEMENT_3D ( 'NONE', #10291, #7958, #6254 ) ;
#2821 = EDGE_LOOP ( 'NONE', ( #3089, #2516, #2981, #10127 ) ) ;
#2822 = CARTESIAN_POINT ( 'NONE',  ( -0.7999999999999999334, 2.949999999999998845, 7.249999999999999112 ) ) ;
#2823 = VERTEX_POINT ( 'NONE', #9151 ) ;
#2824 = CARTESIAN_POINT ( 'NONE',  ( 2.900000000000000355, 2.504411906293519507, 7.299999999999998934 ) ) ;
#2825 = VECTOR ( 'NONE', #113, 1000.000000000000000 ) ;
#2826 = PRODUCT_DEFINITION_FORMATION_WITH_SPECIFIED_SOURCE ( 'ANY', '', #6773, .NOT_KNOWN. ) ;
#2827 = CARTESIAN_POINT ( 'NONE',  ( 5.908508773426603966, -0.9841458618106281309, -1.000000000000000000 ) ) ;
#2828 = VECTOR ( 'NONE', #4519, 1000.000000000000000 ) ;
#2829 = CARTESIAN_POINT ( 'NONE',  ( -5.943206300660539121, -2.598762745933357543, -1.000000000000000000 ) ) ;
#2830 = EDGE_LOOP ( 'NONE', ( #3350, #5259, #6652, #4020 ) ) ;
#2831 = EDGE_LOOP ( 'NONE', ( #3275, #4039, #5334, #277 ) ) ;
#2832 = EDGE_CURVE ( 'NONE', #2099, #917, #1022, .T. ) ;
#2833 = LINE ( 'NONE', #3861, #6555 ) ;
#2834 = ORIENTED_EDGE ( 'NONE', *, *, #101, .F. ) ;
#2835 = ORIENTED_EDGE ( 'NONE', *, *, #3940, .T. ) ;
#2836 = PLANE ( 'NONE',  #4438 ) ;
#2837 = DIRECTION ( 'NONE',  ( -0.000000000000000000, -0.000000000000000000, -1.000000000000000000 ) ) ;
#2838 = PRESENTATION_LAYER_ASSIGNMENT (  '', '', ( #1361 ) ) ;
#2839 = VERTEX_POINT ( 'NONE', #5958 ) ;
#2840 = ORIENTED_EDGE ( 'NONE', *, *, #7579, .F. ) ;
#2841 = EDGE_CURVE ( 'NONE', #5222, #4337, #4623, .T. ) ;
#2842 = VECTOR ( 'NONE', #7776, 1000.000000000000000 ) ;
#2843 = ADVANCED_FACE ( 'NONE', ( #8104 ), #171, .F. ) ;
#2844 = VECTOR ( 'NONE', #7266, 1000.000000000000000 ) ;
#2845 = EDGE_CURVE ( 'NONE', #10226, #3231, #4775, .T. ) ;
#2846 = VECTOR ( 'NONE', #8106, 1000.000000000000000 ) ;
#2847 = ORIENTED_EDGE ( 'NONE', *, *, #8171, .F. ) ;
#2848 = CARTESIAN_POINT ( 'NONE',  ( -6.399999999999998579, -0.6400000000000000133, 1.000000000000000000 ) ) ;
#2849 = ORIENTED_EDGE ( 'NONE', *, *, #5480, .T. ) ;
#2850 = DIRECTION ( 'NONE',  ( 0.000000000000000000, 2.017120320903263702E-16, -1.000000000000000000 ) ) ;
#2851 = CARTESIAN_POINT ( 'NONE',  ( 2.100000000000000089, 2.504411906293519507, 7.299999999999998934 ) ) ;
#2852 = LINE ( 'NONE', #480, #10162 ) ;
#2853 = DIRECTION ( 'NONE',  ( 0.000000000000000000, 0.000000000000000000, -1.000000000000000000 ) ) ;
#2854 = ORIENTED_EDGE ( 'NONE', *, *, #10149, .T. ) ;
#2855 = EDGE_CURVE ( 'NONE', #1970, #6610, #979, .T. ) ;
#2856 = EDGE_LOOP ( 'NONE', ( #9724, #3425, #2912, #5308 ) ) ;
#2857 = ORIENTED_EDGE ( 'NONE', *, *, #10502, .F. ) ;
#2858 = CIRCLE ( 'NONE', #8856, 0.1499999999999999667 ) ;
#2859 = DIRECTION ( 'NONE',  ( 0.000000000000000000, -1.000000000000000000, 0.000000000000000000 ) ) ;
#2860 = EDGE_CURVE ( 'NONE', #145, #2006, #1162, .T. ) ;
#2861 = ORIENTED_EDGE ( 'NONE', *, *, #10202, .T. ) ;
#2862 = DIRECTION ( 'NONE',  ( -0.000000000000000000, 4.430117370400858162E-17, -1.000000000000000000 ) ) ;
#2863 =( LENGTH_UNIT ( ) NAMED_UNIT ( * ) SI_UNIT ( .MILLI., .METRE. ) );
#2864 = FACE_OUTER_BOUND ( 'NONE', #80, .T. ) ;
#2865 = DIRECTION ( 'NONE',  ( 0.000000000000000000, -4.430117370400858162E-17, 1.000000000000000000 ) ) ;
#2866 = AXIS2_PLACEMENT_3D ( 'NONE', #2942, #1157, #1300 ) ;
#2867 = VECTOR ( 'NONE', #4238, 1000.000000000000114 ) ;
#2868 = AXIS2_PLACEMENT_3D ( 'NONE', #9768, #9115, #6685 ) ;
#2869 = VECTOR ( 'NONE', #4308, 1000.000000000000000 ) ;
#2870 = VERTEX_POINT ( 'NONE', #3620 ) ;
#2871 = EDGE_CURVE ( 'NONE', #10351, #9859, #1213, .T. ) ;
#2872 = ADVANCED_FACE ( 'NONE', ( #8121 ), #3559, .F. ) ;
#2873 = EDGE_LOOP ( 'NONE', ( #6473, #181, #3250, #5163 ) ) ;
#2874 = ORIENTED_EDGE ( 'NONE', *, *, #5738, .F. ) ;
#2875 = VECTOR ( 'NONE', #7172, 1000.000000000000000 ) ;
#2876 = ORIENTED_EDGE ( 'NONE', *, *, #8970, .T. ) ;
#2877 = AXIS2_PLACEMENT_3D ( 'NONE', #3335, #10582, #8680 ) ;
#2878 = ORIENTED_EDGE ( 'NONE', *, *, #3910, .T. ) ;
#2879 = FACE_OUTER_BOUND ( 'NONE', #982, .T. ) ;
#2880 = DIRECTION ( 'NONE',  ( -0.7071067811865489050, 0.000000000000000000, -0.7071067811865462405 ) ) ;
#2881 = ORIENTED_EDGE ( 'NONE', *, *, #5252, .F. ) ;
#2882 = CARTESIAN_POINT ( 'NONE',  ( 5.049999999999997158, 2.400000000000000355, 3.000000000000000000 ) ) ;
#2883 = CARTESIAN_POINT ( 'NONE',  ( -6.200000000000000178, 3.100000000000000089, -4.500000000000000888 ) ) ;
#2884 = LINE ( 'NONE', #8159, #6449 ) ;
#2885 = DIRECTION ( 'NONE',  ( 0.000000000000000000, 0.000000000000000000, -1.000000000000000000 ) ) ;
#2886 = PLANE ( 'NONE',  #5649 ) ;
#2887 = VERTEX_POINT ( 'NONE', #9934 ) ;
#2888 = ORIENTED_EDGE ( 'NONE', *, *, #5162, .T. ) ;
#2889 = DIRECTION ( 'NONE',  ( -0.000000000000000000, -0.000000000000000000, 1.000000000000000000 ) ) ;
#2890 = EDGE_CURVE ( 'NONE', #4409, #6971, #4606, .T. ) ;
#2891 = LINE ( 'NONE', #1255, #10241 ) ;
#2892 = EDGE_LOOP ( 'NONE', ( #7876, #2834, #7697, #5973 ) ) ;
#2893 = ADVANCED_FACE ( 'NONE', ( #8041 ), #4868, .T. ) ;
#2894 = ORIENTED_EDGE ( 'NONE', *, *, #263, .T. ) ;
#2895 = AXIS2_PLACEMENT_3D ( 'NONE', #7999, #7109, #1239 ) ;
#2896 = VERTEX_POINT ( 'NONE', #6353 ) ;
#2897 = LINE ( 'NONE', #9481, #3114 ) ;
#2898 = DIRECTION ( 'NONE',  ( 0.000000000000000000, 0.000000000000000000, -1.000000000000000000 ) ) ;
#2899 = ORIENTED_EDGE ( 'NONE', *, *, #6551, .F. ) ;
#2900 = LINE ( 'NONE', #9193, #10033 ) ;
#2901 = DIRECTION ( 'NONE',  ( -1.000000000000000000, 0.000000000000000000, 0.000000000000000000 ) ) ;
#2902 = LINE ( 'NONE', #1993, #2828 ) ;
#2903 = DIRECTION ( 'NONE',  ( -0.000000000000000000, -0.000000000000000000, 1.000000000000000000 ) ) ;
#2904 = ORIENTED_EDGE ( 'NONE', *, *, #3816, .T. ) ;
#2905 = DIRECTION ( 'NONE',  ( 0.7071067811865462405, 0.000000000000000000, 0.7071067811865489050 ) ) ;
#2906 = EDGE_CURVE ( 'NONE', #2076, #6701, #8152, .T. ) ;
#2907 = ORIENTED_EDGE ( 'NONE', *, *, #5372, .F. ) ;
#2908 = ORIENTED_EDGE ( 'NONE', *, *, #5051, .F. ) ;
#2909 = DIRECTION ( 'NONE',  ( 0.7071067811865493491, 0.000000000000000000, -0.7071067811865456854 ) ) ;
#2910 = ORIENTED_EDGE ( 'NONE', *, *, #2464, .F. ) ;
#2911 = EDGE_CURVE ( 'NONE', #7180, #7037, #1064, .T. ) ;
#2912 = ORIENTED_EDGE ( 'NONE', *, *, #8459, .T. ) ;
#2913 = CARTESIAN_POINT ( 'NONE',  ( 3.880824640740575759, 0.09999999999999990841, -4.499999999999997335 ) ) ;
#2914 = CARTESIAN_POINT ( 'NONE',  ( 0.000000000000000000, -2.299999999999999822, 7.549999999999998046 ) ) ;
#2915 = VERTEX_POINT ( 'NONE', #8099 ) ;
#2916 = VECTOR ( 'NONE', #3988, 1000.000000000000000 ) ;
#2917 = ORIENTED_EDGE ( 'NONE', *, *, #2653, .T. ) ;
#2918 =( GEOMETRIC_REPRESENTATION_CONTEXT ( 3 ) GLOBAL_UNCERTAINTY_ASSIGNED_CONTEXT ( ( #5295 ) ) GLOBAL_UNIT_ASSIGNED_CONTEXT ( ( #9463, #3188, #7208 ) ) REPRESENTATION_CONTEXT ( 'NONE', 'WORKASPACE' ) );
#2919 = VECTOR ( 'NONE', #5820, 1000.000000000000000 ) ;
#2920 = VECTOR ( 'NONE', #10232, 1000.000000000000000 ) ;
#2921 = VERTEX_POINT ( 'NONE', #8902 ) ;
#2922 = SURFACE_STYLE_USAGE ( .BOTH. , #2683 ) ;
#2923 = ORIENTED_EDGE ( 'NONE', *, *, #8949, .T. ) ;
#2924 = DIRECTION ( 'NONE',  ( 0.000000000000000000, 0.000000000000000000, -1.000000000000000000 ) ) ;
#2925 = ORIENTED_EDGE ( 'NONE', *, *, #2421, .F. ) ;
#2926 = DIRECTION ( 'NONE',  ( 0.000000000000000000, -1.000000000000000000, -0.000000000000000000 ) ) ;
#2927 = CARTESIAN_POINT ( 'NONE',  ( 2.500000000000000444, 0.6999999999999997335, 7.699999999999997513 ) ) ;
#2928 = CARTESIAN_POINT ( 'NONE',  ( 6.399999999999998579, -0.6400000000000000133, -1.000000000000000000 ) ) ;
#2929 = EDGE_CURVE ( 'NONE', #9778, #5364, #1077, .T. ) ;
#2930 = CIRCLE ( 'NONE', #8684, 0.04999999999999969746 ) ;
#2931 = LINE ( 'NONE', #4530, #9773 ) ;
#2932 = DIRECTION ( 'NONE',  ( 2.478176394252553728E-15, 0.000000000000000000, -1.000000000000000000 ) ) ;
#2933 = EDGE_LOOP ( 'NONE', ( #1793, #9099, #2205, #6053 ) ) ;
#2934 = ORIENTED_EDGE ( 'NONE', *, *, #5780, .F. ) ;
#2935 = EDGE_CURVE ( 'NONE', #10599, #1599, #963, .T. ) ;
#2936 = ORIENTED_EDGE ( 'NONE', *, *, #8518, .T. ) ;
#2937 = VECTOR ( 'NONE', #9881, 1000.000000000000000 ) ;
#2938 = DIRECTION ( 'NONE',  ( -1.000000000000000000, 0.000000000000000000, 0.000000000000000000 ) ) ;
#2939 = ORIENTED_EDGE ( 'NONE', *, *, #5252, .T. ) ;
#2940 =( NAMED_UNIT ( * ) SI_UNIT ( $, .STERADIAN. ) SOLID_ANGLE_UNIT ( ) );
#2941 = DIRECTION ( 'NONE',  ( 0.000000000000000000, 0.000000000000000000, -1.000000000000000000 ) ) ;
#2942 = CARTESIAN_POINT ( 'NONE',  ( 0.000000000000000000, 8.099999999999999645, 0.000000000000000000 ) ) ;
#2943 = CIRCLE ( 'NONE', #1326, 0.1999999999999996503 ) ;
#2944 = AXIS2_PLACEMENT_3D ( 'NONE', #6336, #8739, #4918 ) ;
#2945 = DIRECTION ( 'NONE',  ( 0.000000000000000000, -1.000000000000000000, 0.000000000000000000 ) ) ;
#2946 = ADVANCED_FACE ( 'NONE', ( #4640 ), #3328, .F. ) ;
#2947 = VECTOR ( 'NONE', #8709, 1000.000000000000000 ) ;
#2948 = ORIENTED_EDGE ( 'NONE', *, *, #9120, .T. ) ;
#2949 = EDGE_LOOP ( 'NONE', ( #1292, #658, #8896, #311 ) ) ;
#2950 = VERTEX_POINT ( 'NONE', #8978 ) ;
#2951 = ORIENTED_EDGE ( 'NONE', *, *, #10331, .T. ) ;
#2952 = CARTESIAN_POINT ( 'NONE',  ( -5.049999999999997158, 0.1000000000000001721, 3.000000000000000000 ) ) ;
#2953 = CIRCLE ( 'NONE', #2868, 0.1499999999999999667 ) ;
#2954 = CARTESIAN_POINT ( 'NONE',  ( 4.250000000000000000, 6.100000000000000533, -4.524999999999999467 ) ) ;
#2955 = VECTOR ( 'NONE', #5248, 1000.000000000000000 ) ;
#2956 = ORIENTED_EDGE ( 'NONE', *, *, #8850, .F. ) ;
#2957 = CARTESIAN_POINT ( 'NONE',  ( 2.550000000000000266, -2.299999999999999822, 7.549999999999998046 ) ) ;
#2958 = ORIENTED_EDGE ( 'NONE', *, *, #9675, .T. ) ;
#2959 = PLANE ( 'NONE',  #5131 ) ;
#2960 = EDGE_LOOP ( 'NONE', ( #17, #1426, #10177, #10511 ) ) ;
#2961 = VECTOR ( 'NONE', #6133, 1000.000000000000000 ) ;
#2962 = CARTESIAN_POINT ( 'NONE',  ( -3.849999999999999201, 2.399999999999999467, 6.700000000000000178 ) ) ;
#2963 = ORIENTED_EDGE ( 'NONE', *, *, #7598, .F. ) ;
#2964 = EDGE_CURVE ( 'NONE', #538, #2427, #1095, .T. ) ;
#2965 = CARTESIAN_POINT ( 'NONE',  ( -6.891491226573391415, -1.690611574686247565, 1.000000000000000000 ) ) ;
#2966 = DIRECTION ( 'NONE',  ( -1.000000000000000000, 0.000000000000000000, 0.000000000000000000 ) ) ;
#2967 = VECTOR ( 'NONE', #219, 999.9999999999998863 ) ;
#2968 = DIRECTION ( 'NONE',  ( 0.000000000000000000, 0.000000000000000000, -1.000000000000000000 ) ) ;
#2969 = AXIS2_PLACEMENT_3D ( 'NONE', #1533, #4105, #662 ) ;
#2970 = VECTOR ( 'NONE', #10403, 1000.000000000000000 ) ;
#2971 = DIRECTION ( 'NONE',  ( 1.000000000000000000, -0.000000000000000000, 0.000000000000000000 ) ) ;
#2972 = EDGE_LOOP ( 'NONE', ( #6541, #6723, #2640, #8419, #2684, #5920 ) ) ;
#2973 = DIRECTION ( 'NONE',  ( 0.000000000000000000, 0.000000000000000000, 1.000000000000000000 ) ) ;
#2974 = CARTESIAN_POINT ( 'NONE',  ( -2.100000000000000089, 2.504411906293519507, 7.549999999999999822 ) ) ;
#2975 = ADVANCED_FACE ( 'NONE', ( #8305 ), #1229, .F. ) ;
#2976 = ORIENTED_EDGE ( 'NONE', *, *, #3147, .F. ) ;
#2977 = ORIENTED_EDGE ( 'NONE', *, *, #10096, .F. ) ;
#2978 = DIRECTION ( 'NONE',  ( 0.000000000000000000, 0.000000000000000000, -1.000000000000000000 ) ) ;
#2979 = CARTESIAN_POINT ( 'NONE',  ( -5.799999999999998046, -0.6400000000000000133, -1.000000000000000000 ) ) ;
#2980 = LINE ( 'NONE', #2817, #10004 ) ;
#2981 = ORIENTED_EDGE ( 'NONE', *, *, #5601, .F. ) ;
#2982 = ORIENTED_EDGE ( 'NONE', *, *, #5935, .T. ) ;
#2983 = LINE ( 'NONE', #2430, #2916 ) ;
#2984 = CARTESIAN_POINT ( 'NONE',  ( -3.850000000000000089, 1.000000000000000000, 6.700000000000000178 ) ) ;
#2985 = ORIENTED_EDGE ( 'NONE', *, *, #5751, .F. ) ;
#2986 = FACE_OUTER_BOUND ( 'NONE', #2856, .T. ) ;
#2987 = EDGE_CURVE ( 'NONE', #6833, #7055, #4793, .T. ) ;
#2988 = DIRECTION ( 'NONE',  ( 0.000000000000000000, 1.000000000000000000, 4.430117370400858162E-17 ) ) ;
#2989 = CARTESIAN_POINT ( 'NONE',  ( 6.744145861810626030, -2.526248663070268741, -1.000000000000000000 ) ) ;
#2990 = EDGE_LOOP ( 'NONE', ( #3238, #3337, #6623, #5708 ) ) ;
#2991 = ORIENTED_EDGE ( 'NONE', *, *, #7236, .F. ) ;
#2992 = DIRECTION ( 'NONE',  ( -0.000000000000000000, 0.000000000000000000, -1.000000000000000000 ) ) ;
#2993 = AXIS2_PLACEMENT_3D ( 'NONE', #8229, #1673, #1746 ) ;
#2994 = VERTEX_POINT ( 'NONE', #9763 ) ;
#2995 = ORIENTED_EDGE ( 'NONE', *, *, #8552, .F. ) ;
#2996 = CARTESIAN_POINT ( 'NONE',  ( 0.4000000000000001887, 2.504411906293519507, 7.299999999999998934 ) ) ;
#2997 = EDGE_CURVE ( 'NONE', #9213, #3068, #1284, .T. ) ;
#2998 = EDGE_LOOP ( 'NONE', ( #6232, #3730, #9995, #3602, #7166, #232, #1140, #4829, #10305, #1650, #6764, #841, #10285, #8681, #4037, #6117, #2135, #748, #2577, #8993 ) ) ;
#2999 = ADVANCED_FACE ( 'NONE', ( #8057 ), #5093, .T. ) ;
#3000 = VERTEX_POINT ( 'NONE', #6601 ) ;
#3001 = DIRECTION ( 'NONE',  ( 0.000000000000000000, 1.000000000000000000, 2.017120320903263702E-16 ) ) ;
#3002 = CARTESIAN_POINT ( 'NONE',  ( 5.699999999999998401, 0.6000000000000007550, 5.250000000000000000 ) ) ;
#3003 = CARTESIAN_POINT ( 'NONE',  ( 0.8000000000000001554, 2.949999999999998845, 7.249999999999999112 ) ) ;
#3004 = EDGE_CURVE ( 'NONE', #7002, #5604, #1406, .T. ) ;
#3005 = ORIENTED_EDGE ( 'NONE', *, *, #3893, .T. ) ;
#3006 = VECTOR ( 'NONE', #10600, 1000.000000000000000 ) ;
#3007 = ORIENTED_EDGE ( 'NONE', *, *, #4667, .F. ) ;
#3008 = LINE ( 'NONE', #9697, #6844 ) ;
#3009 = LINE ( 'NONE', #2169, #9811 ) ;
#3010 = ORIENTED_EDGE ( 'NONE', *, *, #6999, .F. ) ;
#3011 = DIRECTION ( 'NONE',  ( 0.000000000000000000, -0.000000000000000000, -1.000000000000000000 ) ) ;
#3012 = ORIENTED_EDGE ( 'NONE', *, *, #6347, .F. ) ;
#3013 = CARTESIAN_POINT ( 'NONE',  ( 5.799999999999996270, 0.000000000000000000, -6.400000000000000355 ) ) ;
#3014 = ORIENTED_EDGE ( 'NONE', *, *, #8522, .T. ) ;
#3015 = CARTESIAN_POINT ( 'NONE',  ( 5.799999999999996270, 2.400000000000000355, -4.999999999999997335 ) ) ;
#3016 = ORIENTED_EDGE ( 'NONE', *, *, #4378, .T. ) ;
#3017 = ADVANCED_FACE ( 'NONE', ( #1588 ), #10576, .F. ) ;
#3018 = DIRECTION ( 'NONE',  ( -0.000000000000000000, 0.000000000000000000, -1.000000000000000000 ) ) ;
#3019 = VECTOR ( 'NONE', #10180, 1000.000000000000000 ) ;
#3020 = FACE_OUTER_BOUND ( 'NONE', #8450, .T. ) ;
#3021 = ORIENTED_EDGE ( 'NONE', *, *, #10560, .F. ) ;
#3022 = ORIENTED_EDGE ( 'NONE', *, *, #8844, .T. ) ;
#3023 = EDGE_LOOP ( 'NONE', ( #7345, #4259, #3827, #7432 ) ) ;
#3024 = AXIS2_PLACEMENT_3D ( 'NONE', #6175, #1394, #432 ) ;
#3025 = AXIS2_PLACEMENT_3D ( 'NONE', #7586, #3623, #5188 ) ;
#3026 = DIRECTION ( 'NONE',  ( 0.000000000000000000, 0.000000000000000000, 1.000000000000000000 ) ) ;
#3027 = ORIENTED_EDGE ( 'NONE', *, *, #3962, .T. ) ;
#3028 = CIRCLE ( 'NONE', #5792, 0.05000000000000012768 ) ;
#3029 = CARTESIAN_POINT ( 'NONE',  ( 5.049999999999997158, 4.986986664055304885, 5.000000000000000888 ) ) ;
#3030 = ORIENTED_EDGE ( 'NONE', *, *, #3434, .F. ) ;
#3031 = EDGE_CURVE ( 'NONE', #5880, #8435, #8460, .T. ) ;
#3032 = CARTESIAN_POINT ( 'NONE',  ( -6.744145861810626918, -2.526248663070270073, 1.000000000000000000 ) ) ;
#3033 = DIRECTION ( 'NONE',  ( 0.000000000000000000, -1.000000000000000000, -4.430117370400858162E-17 ) ) ;
#3034 = DIRECTION ( 'NONE',  ( 1.000000000000000000, -0.000000000000000000, 0.000000000000000000 ) ) ;
#3035 = CARTESIAN_POINT ( 'NONE',  ( -1.699999999999999956, 2.949999999999998845, 7.299999999999998934 ) ) ;
#3036 = CARTESIAN_POINT ( 'NONE',  ( -3.999999999999998224, -3.551475717527321367E-16, 5.850000000000000533 ) ) ;
#3037 = AXIS2_PLACEMENT_3D ( 'NONE', #4517, #7187, #10208 ) ;
#3038 = FACE_OUTER_BOUND ( 'NONE', #7489, .T. ) ;
#3039 = ORIENTED_EDGE ( 'NONE', *, *, #3386, .T. ) ;
#3040 = EDGE_LOOP ( 'NONE', ( #4800, #4929, #6540, #9745 ) ) ;
#3041 = VECTOR ( 'NONE', #8120, 1000.000000000000000 ) ;
#3042 = VERTEX_POINT ( 'NONE', #8164 ) ;
#3043 = EDGE_LOOP ( 'NONE', ( #3307, #6516, #2923, #5566, #769 ) ) ;
#3044 = LINE ( 'NONE', #7747, #6620 ) ;
#3045 = CARTESIAN_POINT ( 'NONE',  ( 0.000000000000000000, 3.100000000000000089, -3.000000000000000000 ) ) ;
#3046 = ORIENTED_EDGE ( 'NONE', *, *, #5762, .F. ) ;
#3047 = VERTEX_POINT ( 'NONE', #9854 ) ;
#3048 = DIRECTION ( 'NONE',  ( -9.383500162295610576E-17, 0.7071067811865451302, -0.7071067811865500152 ) ) ;
#3049 = ORIENTED_EDGE ( 'NONE', *, *, #6832, .T. ) ;
#3050 = VECTOR ( 'NONE', #7190, 1000.000000000000000 ) ;
#3051 = CARTESIAN_POINT ( 'NONE',  ( -5.799999999999996270, 1.000000000000000000, -4.999999999999997335 ) ) ;
#3052 = EDGE_CURVE ( 'NONE', #9477, #10168, #8725, .T. ) ;
#3053 = CARTESIAN_POINT ( 'NONE',  ( -1.699999999999999956, 0.8500000000000000888, -5.850000000000000533 ) ) ;
#3054 = CARTESIAN_POINT ( 'NONE',  ( 0.8000000000000001554, 2.999999999999998224, 6.349999999999997868 ) ) ;
#3055 = CARTESIAN_POINT ( 'NONE',  ( 3.999999999999998224, 0.000000000000000000, -5.850000000000000533 ) ) ;
#3056 = FACE_OUTER_BOUND ( 'NONE', #7383, .T. ) ;
#3057 = EDGE_CURVE ( 'NONE', #5090, #9793, #8543, .T. ) ;
#3058 = ADVANCED_FACE ( 'NONE', ( #5153 ), #10614, .T. ) ;
#3059 = DIRECTION ( 'NONE',  ( 0.000000000000000000, -1.000000000000000000, -0.000000000000000000 ) ) ;
#3060 = DIRECTION ( 'NONE',  ( 1.000000000000000000, -0.000000000000000000, 0.000000000000000000 ) ) ;
#3061 = VERTEX_POINT ( 'NONE', #6645 ) ;
#3062 = AXIS2_PLACEMENT_3D ( 'NONE', #8314, #2724, #3592 ) ;
#3063 = ORIENTED_EDGE ( 'NONE', *, *, #4648, .F. ) ;
#3064 = ORIENTED_EDGE ( 'NONE', *, *, #118, .T. ) ;
#3065 = CARTESIAN_POINT ( 'NONE',  ( -0.7999999999999999334, 2.999999999999998224, 6.349999999999997868 ) ) ;
#3066 = CARTESIAN_POINT ( 'NONE',  ( 0.000000000000000000, 3.100000000000000089, -4.500000000000000888 ) ) ;
#3067 = VECTOR ( 'NONE', #4619, 1000.000000000000000 ) ;
#3068 = VERTEX_POINT ( 'NONE', #6599 ) ;
#3069 = ORIENTED_EDGE ( 'NONE', *, *, #4032, .T. ) ;
#3070 = ORIENTED_EDGE ( 'NONE', *, *, #6658, .F. ) ;
#3071 = LINE ( 'NONE', #10042, #10228 ) ;
#3072 = DIRECTION ( 'NONE',  ( 1.000000000000000000, 0.000000000000000000, -0.000000000000000000 ) ) ;
#3073 = ORIENTED_EDGE ( 'NONE', *, *, #8255, .T. ) ;
#3074 = EDGE_CURVE ( 'NONE', #10480, #3186, #1349, .T. ) ;
#3075 = LINE ( 'NONE', #3774, #3170 ) ;
#3076 = CARTESIAN_POINT ( 'NONE',  ( 5.799999999999996270, 1.000000000000000000, 6.400000000000000355 ) ) ;
#3077 = EDGE_CURVE ( 'NONE', #5604, #10237, #1362, .T. ) ;
#3078 = DIRECTION ( 'NONE',  ( 1.000000000000000000, 0.000000000000000000, 0.000000000000000000 ) ) ;
#3079 = ORIENTED_EDGE ( 'NONE', *, *, #9975, .T. ) ;
#3080 = EDGE_LOOP ( 'NONE', ( #7902, #3210, #9819, #7416 ) ) ;
#3081 = DIRECTION ( 'NONE',  ( -1.327027319204863784E-16, 1.000000000000000000, 0.000000000000000000 ) ) ;
#3082 = ADVANCED_FACE ( 'NONE', ( #5007 ), #8633, .T. ) ;
#3083 = ORIENTED_EDGE ( 'NONE', *, *, #7081, .T. ) ;
#3084 = ORIENTED_EDGE ( 'NONE', *, *, #5434, .F. ) ;
#3085 = AXIS2_PLACEMENT_3D ( 'NONE', #8150, #8960, #2460 ) ;
#3086 = DIRECTION ( 'NONE',  ( 0.000000000000000000, 0.000000000000000000, -1.000000000000000000 ) ) ;
#3087 = FACE_OUTER_BOUND ( 'NONE', #4550, .T. ) ;
#3088 = EDGE_LOOP ( 'NONE', ( #10312, #3012, #1442, #2055 ) ) ;
#3089 = ORIENTED_EDGE ( 'NONE', *, *, #1608, .F. ) ;
#3090 = ORIENTED_EDGE ( 'NONE', *, *, #6680, .F. ) ;
#3091 = CARTESIAN_POINT ( 'NONE',  ( 3.299999999999999822, 0.8500000000000000888, -5.850000000000000533 ) ) ;
#3092 = DIRECTION ( 'NONE',  ( -1.000000000000000000, -0.000000000000000000, 0.000000000000000000 ) ) ;
#3093 = VERTEX_POINT ( 'NONE', #3398 ) ;
#3094 = VECTOR ( 'NONE', #3884, 1000.000000000000000 ) ;
#3095 = VERTEX_POINT ( 'NONE', #6 ) ;
#3096 = LINE ( 'NONE', #10114, #6589 ) ;
#3097 = EDGE_CURVE ( 'NONE', #6092, #5145, #4906, .T. ) ;
#3098 = ORIENTED_EDGE ( 'NONE', *, *, #1967, .T. ) ;
#3099 = EDGE_LOOP ( 'NONE', ( #3305, #4467, #4813, #8962, #1456, #6649, #4690, #2032 ) ) ;
#3100 = EDGE_CURVE ( 'NONE', #9814, #7149, #8687, .T. ) ;
#3101 = VERTEX_POINT ( 'NONE', #1343 ) ;
#3102 = CARTESIAN_POINT ( 'NONE',  ( 5.799999999999996270, 0.5000000000000004441, -4.499999999999997335 ) ) ;
#3103 = VERTEX_POINT ( 'NONE', #2154 ) ;
#3104 = CARTESIAN_POINT ( 'NONE',  ( 5.049999999999997158, 2.128355624055937206E-16, 5.350000000000001421 ) ) ;
#3105 = CARTESIAN_POINT ( 'NONE',  ( 5.799999999999996270, 2.400000000000000355, 3.000000000000000000 ) ) ;
#3106 = VECTOR ( 'NONE', #484, 1000.000000000000000 ) ;
#3107 = ORIENTED_EDGE ( 'NONE', *, *, #7668, .F. ) ;
#3108 = ORIENTED_EDGE ( 'NONE', *, *, #8544, .T. ) ;
#3109 = AXIS2_PLACEMENT_3D ( 'NONE', #9336, #10194, #1911 ) ;
#3110 = DIRECTION ( 'NONE',  ( -1.000000000000000000, 0.000000000000000000, 0.000000000000000000 ) ) ;
#3111 = ADVANCED_FACE ( 'NONE', ( #1643 ), #1302, .F. ) ;
#3112 = VERTEX_POINT ( 'NONE', #2232 ) ;
#3113 = ORIENTED_EDGE ( 'NONE', *, *, #4633, .T. ) ;
#3114 = VECTOR ( 'NONE', #4617, 1000.000000000000000 ) ;
#3115 = MANIFOLD_SOLID_BREP ( 'Split1[5]', #8671 ) ;
#3116 = DIRECTION ( 'NONE',  ( 0.000000000000000000, 0.000000000000000000, 1.000000000000000000 ) ) ;
#3117 = CARTESIAN_POINT ( 'NONE',  ( -6.599999999999997868, -2.034757436496875016, 1.000000000000000000 ) ) ;
#3118 = PLANE ( 'NONE',  #9981 ) ;
#3119 = ORIENTED_EDGE ( 'NONE', *, *, #1384, .T. ) ;
#3120 = ORIENTED_EDGE ( 'NONE', *, *, #9652, .T. ) ;
#3121 = VERTEX_POINT ( 'NONE', #7801 ) ;
#3122 = ADVANCED_FACE ( 'NONE', ( #4882 ), #384, .T. ) ;
#3123 = EDGE_CURVE ( 'NONE', #535, #2384, #1534, .T. ) ;
#3124 = CIRCLE ( 'NONE', #420, 0.5000000000000004441 ) ;
#3125 = DIRECTION ( 'NONE',  ( 0.000000000000000000, 0.000000000000000000, -1.000000000000000000 ) ) ;
#3126 = VERTEX_POINT ( 'NONE', #8690 ) ;
#3127 = DIRECTION ( 'NONE',  ( 0.000000000000000000, -1.000000000000000000, -2.460132057943349518E-16 ) ) ;
#3128 = MECHANICAL_DESIGN_GEOMETRIC_PRESENTATION_REPRESENTATION (  '', ( #781 ), #654 ) ;
#3129 = CARTESIAN_POINT ( 'NONE',  ( -5.799999999999996270, 2.100000000000000089, -1.000000000000000000 ) ) ;
#3130 = LINE ( 'NONE', #5710, #3006 ) ;
#3131 = CARTESIAN_POINT ( 'NONE',  ( -5.750000000000000000, 5.700000000000000178, 6.400000000000000355 ) ) ;
#3132 =( NAMED_UNIT ( * ) SI_UNIT ( $, .STERADIAN. ) SOLID_ANGLE_UNIT ( ) );
#3133 = VECTOR ( 'NONE', #4746, 1000.000000000000000 ) ;
#3134 = DIRECTION ( 'NONE',  ( 0.000000000000000000, 1.000000000000000000, 0.000000000000000000 ) ) ;
#3135 = DIRECTION ( 'NONE',  ( 0.8191520442889915765, -0.5735764363510463815, 0.000000000000000000 ) ) ;
#3136 = VERTEX_POINT ( 'NONE', #1298 ) ;
#3137 = CLOSED_SHELL ( 'NONE', ( #8901, #3599, #3247, #5091, #9889, #6186 ) ) ;
#3138 = VERTEX_POINT ( 'NONE', #10457 ) ;
#3139 = PLANE ( 'NONE',  #4737 ) ;
#3140 = FACE_OUTER_BOUND ( 'NONE', #5707, .T. ) ;
#3141 = ORIENTED_EDGE ( 'NONE', *, *, #3644, .F. ) ;
#3142 = VERTEX_POINT ( 'NONE', #1156 ) ;
#3143 = CARTESIAN_POINT ( 'NONE',  ( -3.299999999999999822, 0.8499999999999999778, -6.750000000000001776 ) ) ;
#3144 = ORIENTED_EDGE ( 'NONE', *, *, #2704, .F. ) ;
#3145 = VECTOR ( 'NONE', #3710, 1000.000000000000000 ) ;
#3146 = DIRECTION ( 'NONE',  ( -0.000000000000000000, 1.000000000000000000, 0.000000000000000000 ) ) ;
#3147 = EDGE_CURVE ( 'NONE', #9088, #3138, #8415, .T. ) ;
#3148 = VERTEX_POINT ( 'NONE', #7033 ) ;
#3149 = AXIS2_PLACEMENT_3D ( 'NONE', #5073, #5923, #278 ) ;
#3150 = ADVANCED_FACE ( 'NONE', ( #4944 ), #8651, .T. ) ;
#3151 = CARTESIAN_POINT ( 'NONE',  ( -6.399999999999998579, -2.034757436496875016, 1.000000000000000000 ) ) ;
#3152 = CARTESIAN_POINT ( 'NONE',  ( 1.700000000000000178, 0.8000000000000001554, -6.800000000000001599 ) ) ;
#3153 = ORIENTED_EDGE ( 'NONE', *, *, #5314, .F. ) ;
#3154 = DIRECTION ( 'NONE',  ( 0.000000000000000000, -1.000000000000000000, -0.000000000000000000 ) ) ;
#3155 = EDGE_CURVE ( 'NONE', #5638, #10351, #4956, .T. ) ;
#3156 = VERTEX_POINT ( 'NONE', #4541 ) ;
#3157 = ORIENTED_EDGE ( 'NONE', *, *, #602, .T. ) ;
#3158 = CARTESIAN_POINT ( 'NONE',  ( -5.049999999999997158, 0.1000000000000001721, -2.000000000000000000 ) ) ;
#3159 = FACE_OUTER_BOUND ( 'NONE', #9520, .T. ) ;
#3160 = LINE ( 'NONE', #5423, #10104 ) ;
#3161 = DIRECTION ( 'NONE',  ( -1.000000000000000000, 0.000000000000000000, 0.000000000000000000 ) ) ;
#3162 = ORIENTED_EDGE ( 'NONE', *, *, #6958, .T. ) ;
#3163 = ORIENTED_EDGE ( 'NONE', *, *, #2142, .F. ) ;
#3164 = DIRECTION ( 'NONE',  ( -1.000000000000000000, 0.000000000000000000, 0.000000000000000000 ) ) ;
#3165 = CARTESIAN_POINT ( 'NONE',  ( 0.000000000000000000, 0.09999999999999971412, 4.500000000000000888 ) ) ;
#3166 = ORIENTED_EDGE ( 'NONE', *, *, #1990, .T. ) ;
#3167 = VECTOR ( 'NONE', #6295, 1000.000000000000000 ) ;
#3168 = ORIENTED_EDGE ( 'NONE', *, *, #10096, .T. ) ;
#3169 = DIRECTION ( 'NONE',  ( 0.8191520442889894671, -0.5735764363510493791, 0.000000000000000000 ) ) ;
#3170 = VECTOR ( 'NONE', #5410, 1000.000000000000000 ) ;
#3171 = DIRECTION ( 'NONE',  ( 0.000000000000000000, 0.000000000000000000, 1.000000000000000000 ) ) ;
#3172 = ORIENTED_EDGE ( 'NONE', *, *, #10606, .F. ) ;
#3173 =( GEOMETRIC_REPRESENTATION_CONTEXT ( 3 ) GLOBAL_UNCERTAINTY_ASSIGNED_CONTEXT ( ( #4536 ) ) GLOBAL_UNIT_ASSIGNED_CONTEXT ( ( #6633, #5643, #3132 ) ) REPRESENTATION_CONTEXT ( 'NONE', 'WORKASPACE' ) );
#3174 = UNCERTAINTY_MEASURE_WITH_UNIT (LENGTH_MEASURE( 1.000000000000000082E-05 ), #9713, 'distance_accuracy_value', 'NONE');
#3175 = ADVANCED_FACE ( 'NONE', ( #8491 ), #454, .T. ) ;
#3176 = ORIENTED_EDGE ( 'NONE', *, *, #235, .T. ) ;
#3177 = DIRECTION ( 'NONE',  ( 0.000000000000000000, 0.000000000000000000, -1.000000000000000000 ) ) ;
#3178 = ORIENTED_EDGE ( 'NONE', *, *, #10059, .F. ) ;
#3179 = CARTESIAN_POINT ( 'NONE',  ( 4.250000000000000000, 6.550000000000000711, 5.099999999999999645 ) ) ;
#3180 = EDGE_CURVE ( 'NONE', #1854, #6597, #4970, .T. ) ;
#3181 = VECTOR ( 'NONE', #9858, 1000.000000000000000 ) ;
#3182 = ORIENTED_EDGE ( 'NONE', *, *, #101, .T. ) ;
#3183 = DIRECTION ( 'NONE',  ( 0.000000000000000000, 1.000000000000000000, 0.000000000000000000 ) ) ;
#3184 = EDGE_LOOP ( 'NONE', ( #8186, #8574, #8391, #295 ) ) ;
#3185 = AXIS2_PLACEMENT_3D ( 'NONE', #2456, #844, #6742 ) ;
#3186 = VERTEX_POINT ( 'NONE', #7667 ) ;
#3187 = FACE_OUTER_BOUND ( 'NONE', #2949, .T. ) ;
#3188 =( NAMED_UNIT ( * ) PLANE_ANGLE_UNIT ( ) SI_UNIT ( $, .RADIAN. ) );
#3189 = CARTESIAN_POINT ( 'NONE',  ( -5.750000000000000000, 6.099999999999999645, -5.250000000000000000 ) ) ;
#3190 = DIRECTION ( 'NONE',  ( 0.000000000000000000, 2.017120320903263702E-16, -1.000000000000000000 ) ) ;
#3191 = DIRECTION ( 'NONE',  ( 1.000000000000000000, 0.000000000000000000, 0.000000000000000000 ) ) ;
#3192 = LINE ( 'NONE', #3537, #6748 ) ;
#3193 = VERTEX_POINT ( 'NONE', #4422 ) ;
#3194 = EDGE_CURVE ( 'NONE', #5921, #8143, #5132, .T. ) ;
#3195 = EDGE_LOOP ( 'NONE', ( #512, #6927, #997, #5971 ) ) ;
#3196 = LINE ( 'NONE', #4661, #6757 ) ;
#3197 = CARTESIAN_POINT ( 'NONE',  ( -2.500000000000000000, -3.099999999999997424, -6.800000000000002487 ) ) ;
#3198 = ORIENTED_EDGE ( 'NONE', *, *, #1260, .T. ) ;
#3199 = EDGE_CURVE ( 'NONE', #5194, #9286, #8599, .T. ) ;
#3200 = ADVANCED_FACE ( 'NONE', ( #1421 ), #6120, .T. ) ;
#3201 = ORIENTED_EDGE ( 'NONE', *, *, #6547, .F. ) ;
#3202 = CARTESIAN_POINT ( 'NONE',  ( 6.891491226573391415, -1.690611574686247565, 1.000000000000000000 ) ) ;
#3203 = ORIENTED_EDGE ( 'NONE', *, *, #894, .T. ) ;
#3204 = FACE_OUTER_BOUND ( 'NONE', #5772, .T. ) ;
#3205 = CARTESIAN_POINT ( 'NONE',  ( 3.880824640740575759, 0.4999999999999995559, -4.499999999999997335 ) ) ;
#3206 = AXIS2_PLACEMENT_3D ( 'NONE', #475, #6391, #2808 ) ;
#3207 = CARTESIAN_POINT ( 'NONE',  ( 5.750000000000000000, 3.100000000000000089, -5.250000000000000000 ) ) ;
#3208 = CYLINDRICAL_SURFACE ( 'NONE', #5689, 0.2999999999999999334 ) ;
#3209 = DIRECTION ( 'NONE',  ( -1.000000000000000000, 0.000000000000000000, 0.000000000000000000 ) ) ;
#3210 = ORIENTED_EDGE ( 'NONE', *, *, #741, .T. ) ;
#3211 = ORIENTED_EDGE ( 'NONE', *, *, #10173, .T. ) ;
#3212 = ORIENTED_EDGE ( 'NONE', *, *, #4101, .T. ) ;
#3213 = ORIENTED_EDGE ( 'NONE', *, *, #4296, .T. ) ;
#3214 = CARTESIAN_POINT ( 'NONE',  ( 0.8964181414529803771, 2.685093333532154070, 7.299999999999998934 ) ) ;
#3215 = ADVANCED_FACE ( 'NONE', ( #5056 ), #8615, .T. ) ;
#3216 = DIRECTION ( 'NONE',  ( -0.000000000000000000, 4.430117370400858162E-17, -1.000000000000000000 ) ) ;
#3217 = EDGE_CURVE ( 'NONE', #9722, #3624, #1552, .T. ) ;
#3218 = VECTOR ( 'NONE', #5763, 1000.000000000000000 ) ;
#3219 = EDGE_LOOP ( 'NONE', ( #6996, #1565, #1080, #4983, #3954, #1574, #6909, #3462 ) ) ;
#3220 = VERTEX_POINT ( 'NONE', #7161 ) ;
#3221 = EDGE_CURVE ( 'NONE', #7810, #8695, #8911, .T. ) ;
#3222 = ORIENTED_EDGE ( 'NONE', *, *, #2714, .T. ) ;
#3223 = LINE ( 'NONE', #879, #6807 ) ;
#3224 = DIRECTION ( 'NONE',  ( 0.000000000000000000, -0.000000000000000000, 1.000000000000000000 ) ) ;
#3225 = ORIENTED_EDGE ( 'NONE', *, *, #9508, .F. ) ;
#3226 = CIRCLE ( 'NONE', #494, 0.05000000000000012768 ) ;
#3227 = AXIS2_PLACEMENT_3D ( 'NONE', #5195, #7519, #5047 ) ;
#3228 = CARTESIAN_POINT ( 'NONE',  ( 5.799999999999996270, 0.1000000000000001721, -2.000000000000000000 ) ) ;
#3229 = ORIENTED_EDGE ( 'NONE', *, *, #799, .F. ) ;
#3230 = CARTESIAN_POINT ( 'NONE',  ( -2.550000000000000266, -2.299999999999998046, -7.050000000000000711 ) ) ;
#3231 = VERTEX_POINT ( 'NONE', #3633 ) ;
#3232 = ORIENTED_EDGE ( 'NONE', *, *, #9841, .T. ) ;
#3233 = ORIENTED_EDGE ( 'NONE', *, *, #1452, .F. ) ;
#3234 = CARTESIAN_POINT ( 'NONE',  ( 5.450000000000000178, 5.700000000000000178, 6.700000000000000178 ) ) ;
#3235 = CYLINDRICAL_SURFACE ( 'NONE', #3439, 0.1999999999999996503 ) ;
#3236 = CARTESIAN_POINT ( 'NONE',  ( -2.449999999999999734, -2.299999999999999822, 7.549999999999998046 ) ) ;
#3237 = ORIENTED_EDGE ( 'NONE', *, *, #4779, .T. ) ;
#3238 = ORIENTED_EDGE ( 'NONE', *, *, #9577, .F. ) ;
#3239 = CARTESIAN_POINT ( 'NONE',  ( -2.542012759203106320, 0.4999999999999996669, -3.000000000000000000 ) ) ;
#3240 = CARTESIAN_POINT ( 'NONE',  ( -4.250000000000000000, 6.550000000000000711, 4.525000000000001243 ) ) ;
#3241 = DIRECTION ( 'NONE',  ( -0.000000000000000000, 4.430117370400858162E-17, -1.000000000000000000 ) ) ;
#3242 = ORIENTED_EDGE ( 'NONE', *, *, #3199, .F. ) ;
#3243 = CIRCLE ( 'NONE', #10611, 0.1999999999999996503 ) ;
#3244 = CARTESIAN_POINT ( 'NONE',  ( -5.799999999999997158, 1.000000000000000222, 4.500000000000000888 ) ) ;
#3245 = EDGE_CURVE ( 'NONE', #9726, #9874, #5596, .T. ) ;
#3246 = VECTOR ( 'NONE', #8546, 1000.000000000000000 ) ;
#3247 = ADVANCED_FACE ( 'NONE', ( #8985 ), #3912, .F. ) ;
#3248 = EDGE_CURVE ( 'NONE', #918, #3485, #1827, .T. ) ;
#3249 = AXIS2_PLACEMENT_3D ( 'NONE', #2506, #7438, #98 ) ;
#3250 = ORIENTED_EDGE ( 'NONE', *, *, #4513, .T. ) ;
#3251 = ORIENTED_EDGE ( 'NONE', *, *, #28, .T. ) ;
#3252 = DIRECTION ( 'NONE',  ( -1.000000000000000000, 0.000000000000000000, 0.000000000000000000 ) ) ;
#3253 = ORIENTED_EDGE ( 'NONE', *, *, #8668, .T. ) ;
#3254 = EDGE_LOOP ( 'NONE', ( #9103, #6398, #1475, #4642 ) ) ;
#3255 = EDGE_LOOP ( 'NONE', ( #2669, #7985, #5863, #9301 ) ) ;
#3256 = PLANE ( 'NONE',  #449 ) ;
#3257 = FACE_OUTER_BOUND ( 'NONE', #3746, .T. ) ;
#3258 = CARTESIAN_POINT ( 'NONE',  ( -5.049999999999997158, 1.000000000000000000, 5.350000000000001421 ) ) ;
#3259 = ORIENTED_EDGE ( 'NONE', *, *, #754, .F. ) ;
#3260 = ORIENTED_EDGE ( 'NONE', *, *, #2784, .T. ) ;
#3261 = LINE ( 'NONE', #7745, #9969 ) ;
#3262 = DIRECTION ( 'NONE',  ( 0.5735764363510473807, 0.8191520442889911324, -0.000000000000000000 ) ) ;
#3263 = CARTESIAN_POINT ( 'NONE',  ( 5.750000000000000000, 5.700000000000000178, 6.700000000000000178 ) ) ;
#3264 = CARTESIAN_POINT ( 'NONE',  ( -6.200000000000000178, 3.100000000000000089, 4.500000000000000888 ) ) ;
#3265 = DIRECTION ( 'NONE',  ( 1.000000000000000000, -0.000000000000000000, -0.000000000000000000 ) ) ;
#3266 = DIRECTION ( 'NONE',  ( 0.000000000000000000, 0.000000000000000000, -1.000000000000000000 ) ) ;
#3267 = CIRCLE ( 'NONE', #4907, 1.000000000000000000 ) ;
#3268 = CARTESIAN_POINT ( 'NONE',  ( 5.799999999999996270, 0.5000000000000002220, 3.000000000000000000 ) ) ;
#3269 = EDGE_CURVE ( 'NONE', #228, #4828, #1806, .T. ) ;
#3270 = EDGE_LOOP ( 'NONE', ( #9602, #9626, #10362, #7635, #10378 ) ) ;
#3271 = ORIENTED_EDGE ( 'NONE', *, *, #3474, .F. ) ;
#3272 = AXIS2_PLACEMENT_3D ( 'NONE', #1602, #7406, #8163 ) ;
#3273 = ADVANCED_FACE ( 'NONE', ( #8872 ), #5236, .T. ) ;
#3274 = VERTEX_POINT ( 'NONE', #1545 ) ;
#3275 = ORIENTED_EDGE ( 'NONE', *, *, #4074, .T. ) ;
#3276 = EDGE_CURVE ( 'NONE', #5026, #9427, #5507, .T. ) ;
#3277 = VECTOR ( 'NONE', #1013, 1000.000000000000000 ) ;
#3278 = DIRECTION ( 'NONE',  ( 0.000000000000000000, 0.000000000000000000, 1.000000000000000000 ) ) ;
#3279 = ORIENTED_EDGE ( 'NONE', *, *, #8573, .F. ) ;
#3280 = EDGE_LOOP ( 'NONE', ( #4697, #9422, #6463, #2876 ) ) ;
#3281 = DIRECTION ( 'NONE',  ( 1.000000000000000000, 0.000000000000000000, 0.000000000000000000 ) ) ;
#3282 = VERTEX_POINT ( 'NONE', #930 ) ;
#3283 = CIRCLE ( 'NONE', #2029, 0.1999999999999996503 ) ;
#3284 = CARTESIAN_POINT ( 'NONE',  ( -5.799999999999996270, 0.5000000000000002220, 3.000000000000000000 ) ) ;
#3285 = ORIENTED_EDGE ( 'NONE', *, *, #3155, .T. ) ;
#3286 = CARTESIAN_POINT ( 'NONE',  ( 1.700000000000000178, 2.949999999999998845, 7.249999999999999112 ) ) ;
#3287 = CARTESIAN_POINT ( 'NONE',  ( -4.250000000000000000, 6.100000000000000533, -5.674999999999999822 ) ) ;
#3288 = CARTESIAN_POINT ( 'NONE',  ( -5.049999999999997158, 2.128355624055937206E-16, 5.350000000000001421 ) ) ;
#3289 = ORIENTED_EDGE ( 'NONE', *, *, #1541, .F. ) ;
#3290 = EDGE_CURVE ( 'NONE', #9072, #6007, #9053, .T. ) ;
#3291 = ORIENTED_EDGE ( 'NONE', *, *, #2481, .F. ) ;
#3292 = CARTESIAN_POINT ( 'NONE',  ( -5.049999999999997158, 0.1000000000000001721, 2.000000000000000000 ) ) ;
#3293 = LINE ( 'NONE', #9564, #10559 ) ;
#3294 = ORIENTED_EDGE ( 'NONE', *, *, #7031, .F. ) ;
#3295 = EDGE_LOOP ( 'NONE', ( #7504, #7605 ) ) ;
#3296 = AXIS2_PLACEMENT_3D ( 'NONE', #4446, #932, #7757 ) ;
#3297 = STYLED_ITEM ( 'NONE', ( #5728 ), #9447 ) ;
#3298 = ORIENTED_EDGE ( 'NONE', *, *, #6111, .T. ) ;
#3299 = CARTESIAN_POINT ( 'NONE',  ( -3.850000000000000089, 1.000000000000000000, 6.700000000000000178 ) ) ;
#3300 = EDGE_CURVE ( 'NONE', #4874, #6697, #5581, .T. ) ;
#3301 = LINE ( 'NONE', #4390, #7144 ) ;
#3302 = CARTESIAN_POINT ( 'NONE',  ( -0.7999999999999999334, 2.949999999999998845, 7.299999999999999822 ) ) ;
#3303 = AXIS2_PLACEMENT_3D ( 'NONE', #1994, #3432, #233 ) ;
#3304 = DIRECTION ( 'NONE',  ( -3.614007241618348278E-16, -1.000000000000000000, 1.153875183674998759E-16 ) ) ;
#3305 = ORIENTED_EDGE ( 'NONE', *, *, #915, .T. ) ;
#3306 = CARTESIAN_POINT ( 'NONE',  ( 5.799999999999996270, 2.400000000000000355, -2.000000000000000000 ) ) ;
#3307 = ORIENTED_EDGE ( 'NONE', *, *, #10578, .T. ) ;
#3308 = ORIENTED_EDGE ( 'NONE', *, *, #9789, .T. ) ;
#3309 = ADVANCED_FACE ( 'NONE', ( #8837 ), #1947, .T. ) ;
#3310 = DIRECTION ( 'NONE',  ( -0.000000000000000000, -0.000000000000000000, 1.000000000000000000 ) ) ;
#3311 = LINE ( 'NONE', #2440, #48 ) ;
#3312 = DIRECTION ( 'NONE',  ( -0.7071067811865493491, 0.000000000000000000, -0.7071067811865456854 ) ) ;
#3313 = ORIENTED_EDGE ( 'NONE', *, *, #7715, .T. ) ;
#3314 = EDGE_LOOP ( 'NONE', ( #9681, #3007, #10441, #3203 ) ) ;
#3315 = DIRECTION ( 'NONE',  ( -0.000000000000000000, -0.000000000000000000, -1.000000000000000000 ) ) ;
#3316 = DIRECTION ( 'NONE',  ( 0.000000000000000000, 0.000000000000000000, -1.000000000000000000 ) ) ;
#3317 = DIRECTION ( 'NONE',  ( -1.807003620809174139E-16, 1.000000000000000000, 2.017120320903263702E-16 ) ) ;
#3318 = PLANE ( 'NONE',  #8170 ) ;
#3319 = ORIENTED_EDGE ( 'NONE', *, *, #10021, .T. ) ;
#3320 = LINE ( 'NONE', #1390, #6860 ) ;
#3321 = AXIS2_PLACEMENT_3D ( 'NONE', #9021, #9910, #776 ) ;
#3322 = CIRCLE ( 'NONE', #4079, 0.1499999999999999667 ) ;
#3323 = EDGE_CURVE ( 'NONE', #842, #7180, #5305, .T. ) ;
#3324 = CARTESIAN_POINT ( 'NONE',  ( 3.299999999999999822, 2.999999999999998224, 6.349999999999997868 ) ) ;
#3325 = DIRECTION ( 'NONE',  ( -0.000000000000000000, -0.000000000000000000, 1.000000000000000000 ) ) ;
#3326 = ORIENTED_EDGE ( 'NONE', *, *, #7431, .F. ) ;
#3327 = AXIS2_PLACEMENT_3D ( 'NONE', #9937, #925, #4997 ) ;
#3328 = PLANE ( 'NONE',  #7694 ) ;
#3329 = EDGE_LOOP ( 'NONE', ( #4958, #1309, #10166, #6393 ) ) ;
#3330 = VERTEX_POINT ( 'NONE', #1479 ) ;
#3331 = DIRECTION ( 'NONE',  ( -0.5735764363510492680, 0.8191520442889894671, -0.000000000000000000 ) ) ;
#3332 = FACE_OUTER_BOUND ( 'NONE', #8811, .T. ) ;
#3333 = DIRECTION ( 'NONE',  ( 1.000000000000000000, 0.000000000000000000, 0.000000000000000000 ) ) ;
#3334 = ORIENTED_EDGE ( 'NONE', *, *, #3517, .T. ) ;
#3335 = CARTESIAN_POINT ( 'NONE',  ( 4.336808689942017736E-16, 0.6999999999999998446, 7.549999999999999822 ) ) ;
#3336 = CARTESIAN_POINT ( 'NONE',  ( -5.750000000000000000, 5.650000000000001243, -5.250000000000000000 ) ) ;
#3337 = ORIENTED_EDGE ( 'NONE', *, *, #2235, .T. ) ;
#3338 = VERTEX_POINT ( 'NONE', #3974 ) ;
#3339 = VECTOR ( 'NONE', #1726, 1000.000000000000000 ) ;
#3340 = DIRECTION ( 'NONE',  ( -1.000000000000000000, 1.341711765540131426E-16, 0.000000000000000000 ) ) ;
#3341 = EDGE_LOOP ( 'NONE', ( #10492, #3952, #61, #5363, #9060, #7017, #3839, #5869 ) ) ;
#3342 = CARTESIAN_POINT ( 'NONE',  ( -2.449999999999999734, -2.299999999999998046, -7.050000000000000711 ) ) ;
#3343 = CARTESIAN_POINT ( 'NONE',  ( 3.563393125268146111, 2.400000000000000355, 4.500000000000000888 ) ) ;
#3344 = EDGE_CURVE ( 'NONE', #1474, #2123, #1679, .T. ) ;
#3345 = DIRECTION ( 'NONE',  ( 1.000000000000000000, 0.000000000000000000, 0.000000000000000000 ) ) ;
#3346 = ADVANCED_FACE ( 'NONE', ( #1964 ), #8930, .F. ) ;
#3347 = ORIENTED_EDGE ( 'NONE', *, *, #7114, .T. ) ;
#3348 = EDGE_CURVE ( 'NONE', #201, #3734, #1918, .T. ) ;
#3349 = ORIENTED_EDGE ( 'NONE', *, *, #9367, .T. ) ;
#3350 = ORIENTED_EDGE ( 'NONE', *, *, #9287, .F. ) ;
#3351 = AXIS2_PLACEMENT_3D ( 'NONE', #9691, #7093, #8910 ) ;
#3352 = CIRCLE ( 'NONE', #8197, 0.4499999999999990119 ) ;
#3353 = DIRECTION ( 'NONE',  ( 0.000000000000000000, 0.000000000000000000, 1.000000000000000000 ) ) ;
#3354 = VERTEX_POINT ( 'NONE', #4879 ) ;
#3355 = ORIENTED_EDGE ( 'NONE', *, *, #7977, .T. ) ;
#3356 = DIRECTION ( 'NONE',  ( -1.000000000000000000, -0.000000000000000000, -0.000000000000000000 ) ) ;
#3357 = ORIENTED_EDGE ( 'NONE', *, *, #2815, .T. ) ;
#3358 = VECTOR ( 'NONE', #4847, 1000.000000000000000 ) ;
#3359 = DIRECTION ( 'NONE',  ( -1.000000000000000000, -0.000000000000000000, 0.000000000000000000 ) ) ;
#3360 = CARTESIAN_POINT ( 'NONE',  ( -2.100000000000000089, 0.7999999999999983791, 7.299999999999998934 ) ) ;
#3361 = ORIENTED_EDGE ( 'NONE', *, *, #3248, .F. ) ;
#3362 = DIRECTION ( 'NONE',  ( 0.000000000000000000, 0.000000000000000000, -1.000000000000000000 ) ) ;
#3363 = EDGE_CURVE ( 'NONE', #5294, #392, #8785, .T. ) ;
#3364 = ORIENTED_EDGE ( 'NONE', *, *, #2906, .F. ) ;
#3365 = ORIENTED_EDGE ( 'NONE', *, *, #7431, .T. ) ;
#3366 = ADVANCED_FACE ( 'NONE', ( #5287 ), #9868, .T. ) ;
#3367 = ORIENTED_EDGE ( 'NONE', *, *, #2021, .T. ) ;
#3368 = ORIENTED_EDGE ( 'NONE', *, *, #6001, .F. ) ;
#3369 = DIRECTION ( 'NONE',  ( 1.000000000000000000, -1.341711765540131426E-16, 0.000000000000000000 ) ) ;
#3370 = DIRECTION ( 'NONE',  ( -0.000000000000000000, 2.017120320903263702E-16, -1.000000000000000000 ) ) ;
#3371 = FACE_OUTER_BOUND ( 'NONE', #3080, .T. ) ;
#3372 = AXIS2_PLACEMENT_3D ( 'NONE', #10321, #9471, #4485 ) ;
#3373 = VERTEX_POINT ( 'NONE', #82 ) ;
#3374 = ORIENTED_EDGE ( 'NONE', *, *, #6854, .T. ) ;
#3375 = VECTOR ( 'NONE', #6193, 1000.000000000000000 ) ;
#3376 = CARTESIAN_POINT ( 'NONE',  ( -5.499999999999996447, 5.500000000000000888, 6.500000000000000888 ) ) ;
#3377 = FACE_OUTER_BOUND ( 'NONE', #3270, .T. ) ;
#3378 = DIRECTION ( 'NONE',  ( -0.000000000000000000, -1.000000000000000000, -0.000000000000000000 ) ) ;
#3379 = ORIENTED_EDGE ( 'NONE', *, *, #1232, .F. ) ;
#3380 = CARTESIAN_POINT ( 'NONE',  ( 0.000000000000000000, 2.100000000000000089, -1.000000000000000000 ) ) ;
#3381 = ORIENTED_EDGE ( 'NONE', *, *, #3245, .T. ) ;
#3382 = CARTESIAN_POINT ( 'NONE',  ( -2.550000000000000266, 0.1000000000000016709, -7.049999999999999822 ) ) ;
#3383 = ORIENTED_EDGE ( 'NONE', *, *, #5510, .F. ) ;
#3384 = VERTEX_POINT ( 'NONE', #6455 ) ;
#3385 =( LENGTH_UNIT ( ) NAMED_UNIT ( * ) SI_UNIT ( .MILLI., .METRE. ) );
#3386 = EDGE_CURVE ( 'NONE', #8371, #8212, #8765, .T. ) ;
#3387 = DIRECTION ( 'NONE',  ( 0.000000000000000000, -1.000000000000000000, 0.000000000000000000 ) ) ;
#3388 = CYLINDRICAL_SURFACE ( 'NONE', #3778, 0.1999999999999996503 ) ;
#3389 = VECTOR ( 'NONE', #3984, 1000.000000000000000 ) ;
#3390 = CARTESIAN_POINT ( 'NONE',  ( -6.200000000000000178, 3.100000000000000089, 1.599999999999999867 ) ) ;
#3391 = VERTEX_POINT ( 'NONE', #7279 ) ;
#3392 = DIRECTION ( 'NONE',  ( -0.7071067811865489050, 0.000000000000000000, -0.7071067811865462405 ) ) ;
#3393 = CARTESIAN_POINT ( 'NONE',  ( -5.750000000000000000, 3.100000000000000089, -5.250000000000000000 ) ) ;
#3394 =( NAMED_UNIT ( * ) SI_UNIT ( $, .STERADIAN. ) SOLID_ANGLE_UNIT ( ) );
#3395 = AXIS2_PLACEMENT_3D ( 'NONE', #4030, #2326, #3252 ) ;
#3396 = EDGE_LOOP ( 'NONE', ( #1191, #10501, #4501, #195 ) ) ;
#3397 = FACE_OUTER_BOUND ( 'NONE', #553, .T. ) ;
#3398 = CARTESIAN_POINT ( 'NONE',  ( -5.799999999999996270, 2.100000000000000089, 1.599999999999999867 ) ) ;
#3399 = AXIS2_PLACEMENT_3D ( 'NONE', #3574, #4233, #4857 ) ;
#3400 = VERTEX_POINT ( 'NONE', #2484 ) ;
#3401 = CARTESIAN_POINT ( 'NONE',  ( -3.999999999999998224, 0.000000000000000000, 4.500000000000001776 ) ) ;
#3402 = CARTESIAN_POINT ( 'NONE',  ( 2.449999999999999734, -2.299999999999998046, -7.050000000000000711 ) ) ;
#3403 = EDGE_LOOP ( 'NONE', ( #4348, #9322, #1568, #935 ) ) ;
#3404 = ORIENTED_EDGE ( 'NONE', *, *, #2497, .T. ) ;
#3405 = CARTESIAN_POINT ( 'NONE',  ( -1.699999999999999956, 2.999999999999998224, 6.349999999999997868 ) ) ;
#3406 = FACE_OUTER_BOUND ( 'NONE', #7693, .T. ) ;
#3407 = DIRECTION ( 'NONE',  ( -0.000000000000000000, -0.000000000000000000, -1.000000000000000000 ) ) ;
#3408 = EDGE_CURVE ( 'NONE', #2887, #8276, #1884, .T. ) ;
#3409 = VERTEX_POINT ( 'NONE', #2342 ) ;
#3410 = CARTESIAN_POINT ( 'NONE',  ( -2.900000000000000355, 0.3544119062935214837, -6.800000000000001599 ) ) ;
#3411 = EDGE_LOOP ( 'NONE', ( #6345, #500, #6373, #6183 ) ) ;
#3412 = CIRCLE ( 'NONE', #944, 0.5749999999999999556 ) ;
#3413 = CARTESIAN_POINT ( 'NONE',  ( -3.880824640740575759, 0.5000000000000004441, -4.499999999999997335 ) ) ;
#3414 = EDGE_CURVE ( 'NONE', #6697, #7352, #9104, .T. ) ;
#3415 = AXIS2_PLACEMENT_3D ( 'NONE', #395, #5278, #4433 ) ;
#3416 = CARTESIAN_POINT ( 'NONE',  ( -3.299999999999999822, 0.5000000000000027756, -7.050000000000001599 ) ) ;
#3417 = LINE ( 'NONE', #8888, #6997 ) ;
#3418 =( NAMED_UNIT ( * ) SI_UNIT ( $, .STERADIAN. ) SOLID_ANGLE_UNIT ( ) );
#3419 = EDGE_CURVE ( 'NONE', #3136, #9928, #5321, .T. ) ;
#3420 = ORIENTED_EDGE ( 'NONE', *, *, #9098, .T. ) ;
#3421 = EDGE_CURVE ( 'NONE', #8586, #7298, #9038, .T. ) ;
#3422 = ORIENTED_EDGE ( 'NONE', *, *, #5409, .T. ) ;
#3423 = FACE_OUTER_BOUND ( 'NONE', #6759, .T. ) ;
#3424 = DIRECTION ( 'NONE',  ( 0.000000000000000000, 1.000000000000000000, 0.000000000000000000 ) ) ;
#3425 = ORIENTED_EDGE ( 'NONE', *, *, #10273, .F. ) ;
#3426 = CARTESIAN_POINT ( 'NONE',  ( -2.100000000000000089, -3.099999999999997424, -6.800000000000002487 ) ) ;
#3427 = ORIENTED_EDGE ( 'NONE', *, *, #6464, .F. ) ;
#3428 = LINE ( 'NONE', #9506, #23 ) ;
#3429 = DIRECTION ( 'NONE',  ( 1.000000000000000000, 0.000000000000000000, 0.000000000000000000 ) ) ;
#3430 = CARTESIAN_POINT ( 'NONE',  ( -2.900000000000000355, 0.3544119062935215392, -7.050000000000001599 ) ) ;
#3431 = CARTESIAN_POINT ( 'NONE',  ( 5.049999999999997158, 0.5000000000000002220, -3.000000000000000000 ) ) ;
#3432 = DIRECTION ( 'NONE',  ( -1.000000000000000000, -0.000000000000000000, 0.000000000000000000 ) ) ;
#3433 = LINE ( 'NONE', #7463, #3450 ) ;
#3434 = EDGE_CURVE ( 'NONE', #710, #538, #8892, .T. ) ;
#3435 = ADVANCED_FACE ( 'NONE', ( #5393 ), #7211, .F. ) ;
#3436 = ORIENTED_EDGE ( 'NONE', *, *, #1245, .T. ) ;
#3437 = DIRECTION ( 'NONE',  ( -1.000000000000000000, 0.000000000000000000, -0.000000000000000000 ) ) ;
#3438 = AXIS2_PLACEMENT_3D ( 'NONE', #666, #3835, #10521 ) ;
#3439 = AXIS2_PLACEMENT_3D ( 'NONE', #3596, #6925, #347 ) ;
#3440 = DIRECTION ( 'NONE',  ( -0.000000000000000000, 0.000000000000000000, -1.000000000000000000 ) ) ;
#3441 = ORIENTED_EDGE ( 'NONE', *, *, #6191, .F. ) ;
#3442 = VERTEX_POINT ( 'NONE', #4043 ) ;
#3443 = DIRECTION ( 'NONE',  ( 0.5735764363510492680, -0.8191520442889895781, 0.000000000000000000 ) ) ;
#3444 = EDGE_CURVE ( 'NONE', #8801, #4864, #5490, .T. ) ;
#3445 = LINE ( 'NONE', #4209, #10422 ) ;
#3446 = AXIS2_PLACEMENT_3D ( 'NONE', #9135, #1780, #2501 ) ;
#3447 = VERTEX_POINT ( 'NONE', #6615 ) ;
#3448 = VECTOR ( 'NONE', #715, 1000.000000000000000 ) ;
#3449 = CARTESIAN_POINT ( 'NONE',  ( 0.000000000000000000, 2.399999999999999467, 5.850000000000000533 ) ) ;
#3450 = VECTOR ( 'NONE', #2466, 1000.000000000000000 ) ;
#3451 = DIRECTION ( 'NONE',  ( 0.000000000000000000, -1.000000000000000000, 0.000000000000000000 ) ) ;
#3452 = CARTESIAN_POINT ( 'NONE',  ( -2.499999999999999556, 0.9000000000000005773, 7.549999999999999822 ) ) ;
#3453 = EDGE_LOOP ( 'NONE', ( #62, #10363, #7198, #2216 ) ) ;
#3454 = DIRECTION ( 'NONE',  ( -1.535153518563546084E-16, 1.000000000000000000, -1.445602896647339163E-16 ) ) ;
#3455 = ADVANCED_FACE ( 'NONE', ( #9086 ), #1837, .T. ) ;
#3456 = ORIENTED_EDGE ( 'NONE', *, *, #7050, .T. ) ;
#3457 = VERTEX_POINT ( 'NONE', #5929 ) ;
#3458 = CARTESIAN_POINT ( 'NONE',  ( 1.700000000000000178, 2.650000000000000799, 7.299999999999998934 ) ) ;
#3459 = CYLINDRICAL_SURFACE ( 'NONE', #9607, 0.04999999999999883010 ) ;
#3460 = DIRECTION ( 'NONE',  ( 0.000000000000000000, 1.000000000000000000, 4.430117370400858162E-17 ) ) ;
#3461 =( LENGTH_UNIT ( ) NAMED_UNIT ( * ) SI_UNIT ( .MILLI., .METRE. ) );
#3462 = ORIENTED_EDGE ( 'NONE', *, *, #8748, .F. ) ;
#3463 = VECTOR ( 'NONE', #2301, 1000.000000000000000 ) ;
#3464 = AXIS2_PLACEMENT_3D ( 'NONE', #1332, #2141, #4520 ) ;
#3465 = CYLINDRICAL_SURFACE ( 'NONE', #1548, 0.5749999999999999556 ) ;
#3466 = DIRECTION ( 'NONE',  ( -1.000000000000000000, 0.000000000000000000, -0.000000000000000000 ) ) ;
#3467 = DIRECTION ( 'NONE',  ( -0.8191520442889894671, -0.5735764363510493791, 0.000000000000000000 ) ) ;
#3468 = DIRECTION ( 'NONE',  ( 1.000000000000000000, 1.327027319204863784E-16, 0.000000000000000000 ) ) ;
#3469 = ORIENTED_EDGE ( 'NONE', *, *, #1209, .T. ) ;
#3470 = CARTESIAN_POINT ( 'NONE',  ( 2.500000000000000000, -2.349999999999998312, -7.050000000000000711 ) ) ;
#3471 = EDGE_LOOP ( 'NONE', ( #6219, #1256, #4728, #5521 ) ) ;
#3472 = ORIENTED_EDGE ( 'NONE', *, *, #7780, .F. ) ;
#3473 = DIRECTION ( 'NONE',  ( 9.383500162295610576E-17, -0.7071067811865451302, -0.7071067811865500152 ) ) ;
#3474 = EDGE_CURVE ( 'NONE', #7568, #3783, #5560, .T. ) ;
#3475 = CARTESIAN_POINT ( 'NONE',  ( 5.049999999999997158, 1.000000000000000000, 5.350000000000001421 ) ) ;
#3476 = EDGE_CURVE ( 'NONE', #9487, #7337, #1659, .T. ) ;
#3477 = CIRCLE ( 'NONE', #8353, 0.1499999999999999667 ) ;
#3478 = CARTESIAN_POINT ( 'NONE',  ( 3.999999999999950706, 3.978262578553346729E-14, 4.500000000000001776 ) ) ;
#3479 = CARTESIAN_POINT ( 'NONE',  ( 5.750000000000000000, 6.099999999999999645, 5.250000000000000000 ) ) ;
#3480 = DIRECTION ( 'NONE',  ( 1.000000000000000000, 0.000000000000000000, 0.000000000000000000 ) ) ;
#3481 = CIRCLE ( 'NONE', #244, 0.4499999999999990119 ) ;
#3482 = AXIS2_PLACEMENT_3D ( 'NONE', #6452, #3531, #4249 ) ;
#3483 = CARTESIAN_POINT ( 'NONE',  ( 6.399999999999998579, -2.034757436496875016, 1.000000000000000000 ) ) ;
#3484 = EDGE_LOOP ( 'NONE', ( #8323, #9661, #7499, #7961 ) ) ;
#3485 = VERTEX_POINT ( 'NONE', #9192 ) ;
#3486 = DIRECTION ( 'NONE',  ( 1.000000000000000000, 0.000000000000000000, 0.000000000000000000 ) ) ;
#3487 = PLANE ( 'NONE',  #5938 ) ;
#3488 = CYLINDRICAL_SURFACE ( 'NONE', #8555, 0.1499999999999999667 ) ;
#3489 = CARTESIAN_POINT ( 'NONE',  ( 2.500000000000000444, 0.1000000000000016848, -7.049999999999999822 ) ) ;
#3490 = CARTESIAN_POINT ( 'NONE',  ( -6.200000000000000178, 2.100000000000000089, -1.000000000000000000 ) ) ;
#3491 = LINE ( 'NONE', #8155, #10577 ) ;
#3492 = DIRECTION ( 'NONE',  ( -1.000000000000000000, 0.000000000000000000, 0.000000000000000000 ) ) ;
#3493 = SURFACE_STYLE_USAGE ( .BOTH. , #700 ) ;
#3494 = DIRECTION ( 'NONE',  ( -1.000000000000000000, 1.341711765540131426E-16, -0.000000000000000000 ) ) ;
#3495 = ORIENTED_EDGE ( 'NONE', *, *, #356, .F. ) ;
#3496 = ORIENTED_EDGE ( 'NONE', *, *, #10560, .T. ) ;
#3497 = CARTESIAN_POINT ( 'NONE',  ( 3.999999999999998224, 0.000000000000000000, 4.500000000000001776 ) ) ;
#3498 = VECTOR ( 'NONE', #8792, 1000.000000000000000 ) ;
#3499 = FACE_OUTER_BOUND ( 'NONE', #4167, .T. ) ;
#3500 = CARTESIAN_POINT ( 'NONE',  ( 2.100000000000000089, 0.3544119062935215392, -7.050000000000001599 ) ) ;
#3501 = FACE_OUTER_BOUND ( 'NONE', #6596, .T. ) ;
#3502 = EDGE_CURVE ( 'NONE', #6885, #5194, #5249, .T. ) ;
#3503 = ADVANCED_FACE ( 'NONE', ( #5452 ), #7688, .F. ) ;
#3504 = CARTESIAN_POINT ( 'NONE',  ( 5.750000000000000000, 5.700000000000000178, -6.400000000000000355 ) ) ;
#3505 = DIRECTION ( 'NONE',  ( -0.000000000000000000, -0.000000000000000000, 1.000000000000000000 ) ) ;
#3506 = DIRECTION ( 'NONE',  ( 0.000000000000000000, 1.000000000000000000, 0.000000000000000000 ) ) ;
#3507 = VERTEX_POINT ( 'NONE', #2725 ) ;
#3508 = CARTESIAN_POINT ( 'NONE',  ( 5.049999999999998046, 1.000000000000000000, -4.500000000000000888 ) ) ;
#3509 = AXIS2_PLACEMENT_3D ( 'NONE', #1224, #5197, #5336 ) ;
#3510 = VERTEX_POINT ( 'NONE', #8567 ) ;
#3511 = ORIENTED_EDGE ( 'NONE', *, *, #9930, .F. ) ;
#3512 = LINE ( 'NONE', #99, #3277 ) ;
#3513 = CARTESIAN_POINT ( 'NONE',  ( 5.499999999999996447, 5.500000000000000888, 6.500000000000000888 ) ) ;
#3514 = DIRECTION ( 'NONE',  ( -1.000000000000000000, 0.000000000000000000, 0.000000000000000000 ) ) ;
#3515 = DIRECTION ( 'NONE',  ( 1.000000000000000000, 0.000000000000000000, 0.000000000000000000 ) ) ;
#3516 = VECTOR ( 'NONE', #3460, 1000.000000000000000 ) ;
#3517 = EDGE_CURVE ( 'NONE', #7829, #2994, #8798, .T. ) ;
#3518 = VERTEX_POINT ( 'NONE', #4566 ) ;
#3519 = DIRECTION ( 'NONE',  ( 0.000000000000000000, 0.000000000000000000, 1.000000000000000000 ) ) ;
#3520 = ADVANCED_FACE ( 'NONE', ( #9002 ), #5359, .T. ) ;
#3521 = CARTESIAN_POINT ( 'NONE',  ( 6.891491226573391415, -1.690611574686247565, -1.000000000000000000 ) ) ;
#3522 = VERTEX_POINT ( 'NONE', #5853 ) ;
#3523 = MECHANICAL_DESIGN_GEOMETRIC_PRESENTATION_REPRESENTATION (  '', ( #9578 ), #6453 ) ;
#3524 = CARTESIAN_POINT ( 'NONE',  ( 3.299999999999999822, 0.8499999999999999778, -6.750000000000001776 ) ) ;
#3525 = LINE ( 'NONE', #7760, #3604 ) ;
#3526 = DIRECTION ( 'NONE',  ( 0.000000000000000000, 0.000000000000000000, -1.000000000000000000 ) ) ;
#3527 = CARTESIAN_POINT ( 'NONE',  ( 3.299999999999999822, 0.8500000000000000888, -5.850000000000000533 ) ) ;
#3528 = DIRECTION ( 'NONE',  ( 1.000000000000000000, 0.000000000000000000, 0.000000000000000000 ) ) ;
#3529 = EDGE_CURVE ( 'NONE', #6802, #6222, #5433, .T. ) ;
#3530 = LINE ( 'NONE', #52, #6944 ) ;
#3531 = DIRECTION ( 'NONE',  ( 0.000000000000000000, -1.000000000000000000, 0.000000000000000000 ) ) ;
#3532 = EDGE_CURVE ( 'NONE', #1845, #5802, #2336, .T. ) ;
#3533 = CARTESIAN_POINT ( 'NONE',  ( -5.799999999999996270, 0.5000000000000004441, -4.499999999999997335 ) ) ;
#3534 = DIRECTION ( 'NONE',  ( 0.000000000000000000, 0.000000000000000000, -1.000000000000000000 ) ) ;
#3535 = DIRECTION ( 'NONE',  ( 0.000000000000000000, 0.000000000000000000, 1.000000000000000000 ) ) ;
#3536 = LINE ( 'NONE', #9339, #10446 ) ;
#3537 = CARTESIAN_POINT ( 'NONE',  ( -3.299999999999999822, 1.100000000000000089, -5.850000000000000533 ) ) ;
#3538 = CARTESIAN_POINT ( 'NONE',  ( 5.750000000000000000, 5.650000000000001243, 5.250000000000000000 ) ) ;
#3539 = EDGE_LOOP ( 'NONE', ( #2888, #2234, #10060, #7963 ) ) ;
#3540 = ORIENTED_EDGE ( 'NONE', *, *, #6486, .F. ) ;
#3541 = LINE ( 'NONE', #4463, #10494 ) ;
#3542 = CARTESIAN_POINT ( 'NONE',  ( -5.049999999999997158, 2.128355624055937206E-16, -5.350000000000001421 ) ) ;
#3543 = LINE ( 'NONE', #4712, #10499 ) ;
#3544 = AXIS2_PLACEMENT_3D ( 'NONE', #3002, #4405, #5177 ) ;
#3545 = AXIS2_PLACEMENT_3D ( 'NONE', #4476, #374, #10308 ) ;
#3546 = PLANE ( 'NONE',  #6641 ) ;
#3547 = DIRECTION ( 'NONE',  ( 0.000000000000000000, -4.430117370400858162E-17, 1.000000000000000000 ) ) ;
#3548 = VECTOR ( 'NONE', #4188, 1000.000000000000000 ) ;
#3549 = EDGE_CURVE ( 'NONE', #8371, #7129, #5681, .T. ) ;
#3550 = PLANE ( 'NONE',  #9687 ) ;
#3551 = AXIS2_PLACEMENT_3D ( 'NONE', #3625, #4477, #10152 ) ;
#3552 = UNCERTAINTY_MEASURE_WITH_UNIT (LENGTH_MEASURE( 1.000000000000000082E-05 ), #10091, 'distance_accuracy_value', 'NONE');
#3553 = DIRECTION ( 'NONE',  ( 0.000000000000000000, 0.000000000000000000, -1.000000000000000000 ) ) ;
#3554 = EDGE_LOOP ( 'NONE', ( #6598, #2565, #5198, #2061 ) ) ;
#3555 = VERTEX_POINT ( 'NONE', #8437 ) ;
#3556 = CARTESIAN_POINT ( 'NONE',  ( 5.943206300660537345, -2.598762745933355767, 0.000000000000000000 ) ) ;
#3557 = FACE_OUTER_BOUND ( 'NONE', #7983, .T. ) ;
#3558 = ADVANCED_FACE ( 'NONE', ( #5895 ), #1047, .F. ) ;
#3559 = PLANE ( 'NONE',  #1108 ) ;
#3560 = EDGE_CURVE ( 'NONE', #6099, #6101, #2311, .T. ) ;
#3561 = DIRECTION ( 'NONE',  ( 0.000000000000000000, 1.000000000000000000, 0.000000000000000000 ) ) ;
#3562 = FACE_OUTER_BOUND ( 'NONE', #6593, .T. ) ;
#3563 = CARTESIAN_POINT ( 'NONE',  ( 5.908508773426603966, -0.9841458618106281309, 1.000000000000000000 ) ) ;
#3564 = EDGE_CURVE ( 'NONE', #9567, #446, #5816, .T. ) ;
#3565 = PLANE ( 'NONE',  #2709 ) ;
#3566 = ORIENTED_EDGE ( 'NONE', *, *, #10454, .T. ) ;
#3567 = CARTESIAN_POINT ( 'NONE',  ( 5.049999999999998046, 4.986986664055304885, -5.350000000000001421 ) ) ;
#3568 = ORIENTED_EDGE ( 'NONE', *, *, #3816, .F. ) ;
#3569 = EDGE_LOOP ( 'NONE', ( #6261, #828, #6407, #6776, #6754, #10536, #1834, #5200 ) ) ;
#3570 = AXIS2_PLACEMENT_3D ( 'NONE', #5511, #8568, #705 ) ;
#3571 = VECTOR ( 'NONE', #1644, 1000.000000000000000 ) ;
#3572 = DIRECTION ( 'NONE',  ( -1.000000000000000000, -0.000000000000000000, -0.000000000000000000 ) ) ;
#3573 = DIRECTION ( 'NONE',  ( 1.000000000000000000, 0.000000000000000000, 0.000000000000000000 ) ) ;
#3574 = CARTESIAN_POINT ( 'NONE',  ( 0.000000000000000000, 0.000000000000000000, 0.000000000000000000 ) ) ;
#3575 = LINE ( 'NONE', #5403, #3590 ) ;
#3576 = CIRCLE ( 'NONE', #8370, 0.5000000000000004441 ) ;
#3577 = ADVANCED_FACE ( 'NONE', ( #5760 ), #6779, .F. ) ;
#3578 = EDGE_CURVE ( 'NONE', #1599, #10385, #9171, .T. ) ;
#3579 = CARTESIAN_POINT ( 'NONE',  ( -6.199999999999998401, -0.6400000000000000133, 1.000000000000000000 ) ) ;
#3580 = DIRECTION ( 'NONE',  ( 0.000000000000000000, 0.000000000000000000, 1.000000000000000000 ) ) ;
#3581 = CARTESIAN_POINT ( 'NONE',  ( -3.880824640740575759, 0.09999999999999990841, 3.000000000000000000 ) ) ;
#3582 = ORIENTED_EDGE ( 'NONE', *, *, #2156, .F. ) ;
#3583 = ORIENTED_EDGE ( 'NONE', *, *, #3764, .T. ) ;
#3584 = ORIENTED_EDGE ( 'NONE', *, *, #3751, .T. ) ;
#3585 = CARTESIAN_POINT ( 'NONE',  ( 5.599999999999996092, 5.700000000000000178, 6.400000000000000355 ) ) ;
#3586 = VECTOR ( 'NONE', #8070, 999.9999999999998863 ) ;
#3587 = CARTESIAN_POINT ( 'NONE',  ( -6.199999999999999289, 3.100000000000000089, -5.250000000000000000 ) ) ;
#3588 = AXIS2_PLACEMENT_3D ( 'NONE', #5220, #346, #189 ) ;
#3589 = CARTESIAN_POINT ( 'NONE',  ( 4.250000000000000000, 6.100000000000000533, 4.525000000000001243 ) ) ;
#3590 = VECTOR ( 'NONE', #377, 1000.000000000000000 ) ;
#3591 = DIRECTION ( 'NONE',  ( -0.000000000000000000, -1.000000000000000000, -0.000000000000000000 ) ) ;
#3592 = DIRECTION ( 'NONE',  ( -1.000000000000000000, 0.000000000000000000, 0.000000000000000000 ) ) ;
#3593 = PLANE ( 'NONE',  #2437 ) ;
#3594 = VECTOR ( 'NONE', #5697, 1000.000000000000000 ) ;
#3595 = DIRECTION ( 'NONE',  ( 0.000000000000000000, 1.000000000000000000, 0.000000000000000000 ) ) ;
#3596 = CARTESIAN_POINT ( 'NONE',  ( 1.734723475976807094E-15, 5.500000000000000888, 6.500000000000000888 ) ) ;
#3597 = EDGE_CURVE ( 'NONE', #3555, #10084, #9221, .T. ) ;
#3598 = ORIENTED_EDGE ( 'NONE', *, *, #8383, .F. ) ;
#3599 = ADVANCED_FACE ( 'NONE', ( #5950 ), #5634, .T. ) ;
#3600 = ORIENTED_EDGE ( 'NONE', *, *, #4740, .F. ) ;
#3601 = ORIENTED_EDGE ( 'NONE', *, *, #9508, .T. ) ;
#3602 = ORIENTED_EDGE ( 'NONE', *, *, #10487, .F. ) ;
#3603 = EDGE_CURVE ( 'NONE', #8585, #5802, #9292, .T. ) ;
#3604 = VECTOR ( 'NONE', #10116, 1000.000000000000000 ) ;
#3605 = CARTESIAN_POINT ( 'NONE',  ( 6.599999999999997868, -2.034757436496875016, 1.000000000000000000 ) ) ;
#3606 = EDGE_CURVE ( 'NONE', #10338, #7553, #5666, .T. ) ;
#3607 = LINE ( 'NONE', #8879, #3339 ) ;
#3608 = DIRECTION ( 'NONE',  ( 0.000000000000000000, 0.000000000000000000, -1.000000000000000000 ) ) ;
#3609 = CARTESIAN_POINT ( 'NONE',  ( -1.699999999999999956, 0.8000000000000001554, -6.800000000000001599 ) ) ;
#3610 = FACE_OUTER_BOUND ( 'NONE', #4179, .T. ) ;
#3611 = CARTESIAN_POINT ( 'NONE',  ( 5.799999999999997158, 0.1000000000000006994, -6.700000000000000178 ) ) ;
#3612 = EDGE_LOOP ( 'NONE', ( #3753, #3420, #2849, #2907 ) ) ;
#3613 = DIRECTION ( 'NONE',  ( -1.000000000000000000, -1.341711765540131426E-16, 0.000000000000000000 ) ) ;
#3614 = ORIENTED_EDGE ( 'NONE', *, *, #8180, .T. ) ;
#3615 = CARTESIAN_POINT ( 'NONE',  ( -5.750000000000000000, 6.100000000000000533, 6.700000000000000178 ) ) ;
#3616 = ORIENTED_EDGE ( 'NONE', *, *, #9553, .F. ) ;
#3617 = VECTOR ( 'NONE', #2150, 1000.000000000000000 ) ;
#3618 = EDGE_CURVE ( 'NONE', #1339, #6228, #9503, .T. ) ;
#3619 = FACE_OUTER_BOUND ( 'NONE', #5590, .T. ) ;
#3620 = CARTESIAN_POINT ( 'NONE',  ( 5.049999999999997158, 2.400000000000000355, 2.000000000000000000 ) ) ;
#3621 = AXIS2_PLACEMENT_3D ( 'NONE', #6879, #1716, #2592 ) ;
#3622 = DIRECTION ( 'NONE',  ( 0.000000000000000000, 1.000000000000000000, 2.017120320903263702E-16 ) ) ;
#3623 = DIRECTION ( 'NONE',  ( 0.000000000000000000, 0.000000000000000000, -1.000000000000000000 ) ) ;
#3624 = VERTEX_POINT ( 'NONE', #4627 ) ;
#3625 = CARTESIAN_POINT ( 'NONE',  ( 6.172636875200958606, -2.926423563648953508, 0.000000000000000000 ) ) ;
#3626 = ORIENTED_EDGE ( 'NONE', *, *, #4548, .F. ) ;
#3627 = VERTEX_POINT ( 'NONE', #3995 ) ;
#3628 = ORIENTED_EDGE ( 'NONE', *, *, #2964, .F. ) ;
#3629 = PLANE ( 'NONE',  #5232 ) ;
#3630 = FACE_OUTER_BOUND ( 'NONE', #1340, .T. ) ;
#3631 = DIRECTION ( 'NONE',  ( 0.000000000000000000, -1.000000000000000000, -0.000000000000000000 ) ) ;
#3632 = DIRECTION ( 'NONE',  ( 0.000000000000000000, 0.000000000000000000, 1.000000000000000000 ) ) ;
#3633 = CARTESIAN_POINT ( 'NONE',  ( 4.250000000000000000, 6.700000000000000178, -4.674999999999999822 ) ) ;
#3634 = CARTESIAN_POINT ( 'NONE',  ( 2.598076211353316456, 9.999999999999998224, 1.499999999999999112 ) ) ;
#3635 = ADVANCED_FACE ( 'NONE', ( #5648 ), #7942, .F. ) ;
#3636 = VECTOR ( 'NONE', #7917, 1000.000000000000000 ) ;
#3637 = EDGE_CURVE ( 'NONE', #7679, #8273, #5718, .T. ) ;
#3638 = EDGE_CURVE ( 'NONE', #8059, #1970, #2149, .T. ) ;
#3639 = DIRECTION ( 'NONE',  ( 0.000000000000000000, 2.017120320903263702E-16, -1.000000000000000000 ) ) ;
#3640 = AXIS2_PLACEMENT_3D ( 'NONE', #2756, #7503, #4406 ) ;
#3641 = DIRECTION ( 'NONE',  ( -1.000000000000000000, 0.000000000000000000, 0.000000000000000000 ) ) ;
#3642 = ORIENTED_EDGE ( 'NONE', *, *, #7575, .T. ) ;
#3643 = ORIENTED_EDGE ( 'NONE', *, *, #8478, .T. ) ;
#3644 = EDGE_CURVE ( 'NONE', #9081, #3744, #9206, .T. ) ;
#3645 = VECTOR ( 'NONE', #5386, 1000.000000000000000 ) ;
#3646 = DIRECTION ( 'NONE',  ( 0.000000000000000000, 2.460132057943349518E-16, -1.000000000000000000 ) ) ;
#3647 = FILL_AREA_STYLE_COLOUR ( '', #4341 ) ;
#3648 = CARTESIAN_POINT ( 'NONE',  ( 6.399999999999998579, -0.6400000000000000133, 1.000000000000000000 ) ) ;
#3649 = AXIS2_PLACEMENT_3D ( 'NONE', #8756, #10445, #133 ) ;
#3650 = CIRCLE ( 'NONE', #77, 0.05000000000000077993 ) ;
#3651 = CARTESIAN_POINT ( 'NONE',  ( 5.049999999999997158, 2.128355624055937206E-16, -5.350000000000001421 ) ) ;
#3652 = DIRECTION ( 'NONE',  ( 0.000000000000000000, -0.000000000000000000, -1.000000000000000000 ) ) ;
#3653 = DIRECTION ( 'NONE',  ( 0.000000000000000000, 0.000000000000000000, -1.000000000000000000 ) ) ;
#3654 = CIRCLE ( 'NONE', #10533, 0.05000000000000077993 ) ;
#3655 = CARTESIAN_POINT ( 'NONE',  ( -2.598076211353316900, 14.49999999999999645, 1.499999999999999112 ) ) ;
#3656 = ADVANCED_FACE ( 'NONE', ( #5858 ), #762, .F. ) ;
#3657 = CARTESIAN_POINT ( 'NONE',  ( 0.000000000000000000, 3.100000000000000089, -4.500000000000000888 ) ) ;
#3658 = VECTOR ( 'NONE', #6716, 1000.000000000000000 ) ;
#3659 = EDGE_CURVE ( 'NONE', #9048, #8848, #9261, .T. ) ;
#3660 = ORIENTED_EDGE ( 'NONE', *, *, #9818, .F. ) ;
#3661 = AXIS2_PLACEMENT_3D ( 'NONE', #7175, #4622, #3362 ) ;
#3662 = VERTEX_POINT ( 'NONE', #7117 ) ;
#3663 = FACE_OUTER_BOUND ( 'NONE', #1556, .T. ) ;
#3664 = DIRECTION ( 'NONE',  ( -0.9396926207859082059, -0.3420201433256695456, -6.898957812604546493E-17 ) ) ;
#3665 = EDGE_CURVE ( 'NONE', #5074, #9081, #2094, .T. ) ;
#3666 = VECTOR ( 'NONE', #7273, 1000.000000000000000 ) ;
#3667 = DIRECTION ( 'NONE',  ( 0.000000000000000000, 0.000000000000000000, 1.000000000000000000 ) ) ;
#3668 = AXIS2_PLACEMENT_3D ( 'NONE', #111, #904, #9094 ) ;
#3669 = PLANE ( 'NONE',  #4509 ) ;
#3670 = CYLINDRICAL_SURFACE ( 'NONE', #2630, 0.4000000000000001887 ) ;
#3671 = LINE ( 'NONE', #6162, #3817 ) ;
#3672 = ORIENTED_EDGE ( 'NONE', *, *, #9533, .F. ) ;
#3673 = ADVANCED_FACE ( 'NONE', ( #5874 ), #8790, .F. ) ;
#3674 = DIRECTION ( 'NONE',  ( 0.000000000000000000, 0.000000000000000000, 1.000000000000000000 ) ) ;
#3675 = VERTEX_POINT ( 'NONE', #697 ) ;
#3676 = VERTEX_POINT ( 'NONE', #2202 ) ;
#3677 = DIRECTION ( 'NONE',  ( -0.000000000000000000, -1.000000000000000000, -0.000000000000000000 ) ) ;
#3678 = ORIENTED_EDGE ( 'NONE', *, *, #8079, .F. ) ;
#3679 = EDGE_CURVE ( 'NONE', #2870, #9487, #2170, .T. ) ;
#3680 = EDGE_CURVE ( 'NONE', #2646, #4306, #5701, .T. ) ;
#3681 = LINE ( 'NONE', #318, #7475 ) ;
#3682 = EDGE_LOOP ( 'NONE', ( #2578, #59, #2598, #3469 ) ) ;
#3683 = DIRECTION ( 'NONE',  ( 0.000000000000000000, 0.000000000000000000, 1.000000000000000000 ) ) ;
#3684 = VECTOR ( 'NONE', #2307, 1000.000000000000000 ) ;
#3685 = AXIS2_PLACEMENT_3D ( 'NONE', #1810, #7864, #8616 ) ;
#3686 = CARTESIAN_POINT ( 'NONE',  ( -4.250000000000000000, 6.700000000000000178, 5.524999999999997691 ) ) ;
#3687 = LINE ( 'NONE', #2827, #7245 ) ;
#3688 = CARTESIAN_POINT ( 'NONE',  ( -2.449999999999999734, -2.299999999999998046, -7.050000000000000711 ) ) ;
#3689 = VERTEX_POINT ( 'NONE', #830 ) ;
#3690 = DIRECTION ( 'NONE',  ( 0.000000000000000000, -2.460132057943349518E-16, 1.000000000000000000 ) ) ;
#3691 = VERTEX_POINT ( 'NONE', #10412 ) ;
#3692 = EDGE_LOOP ( 'NONE', ( #8832, #6154, #5456, #3367 ) ) ;
#3693 = CIRCLE ( 'NONE', #1857, 0.2999999999999999334 ) ;
#3694 = CARTESIAN_POINT ( 'NONE',  ( -1.699999999999999956, 3.249999999999998668, 6.349999999999997868 ) ) ;
#3695 = DIRECTION ( 'NONE',  ( 0.000000000000000000, -0.000000000000000000, 1.000000000000000000 ) ) ;
#3696 = EDGE_CURVE ( 'NONE', #8375, #7247, #9371, .T. ) ;
#3697 =( NAMED_UNIT ( * ) PLANE_ANGLE_UNIT ( ) SI_UNIT ( $, .RADIAN. ) );
#3698 = PLANE ( 'NONE',  #3372 ) ;
#3699 = LINE ( 'NONE', #8411, #3775 ) ;
#3700 = VERTEX_POINT ( 'NONE', #2368 ) ;
#3701 = EDGE_CURVE ( 'NONE', #6098, #3875, #2209, .T. ) ;
#3702 = LINE ( 'NONE', #9920, #3684 ) ;
#3703 = AXIS2_PLACEMENT_3D ( 'NONE', #4087, #7321, #8216 ) ;
#3704 = CIRCLE ( 'NONE', #3037, 0.2999999999999999334 ) ;
#3705 = DIRECTION ( 'NONE',  ( 1.000000000000000000, 0.000000000000000000, 0.000000000000000000 ) ) ;
#3706 = ORIENTED_EDGE ( 'NONE', *, *, #9412, .T. ) ;
#3707 = CARTESIAN_POINT ( 'NONE',  ( 0.000000000000000000, 0.09999999999999971412, 4.500000000000000888 ) ) ;
#3708 = VERTEX_POINT ( 'NONE', #2119 ) ;
#3709 = VERTEX_POINT ( 'NONE', #7300 ) ;
#3710 = DIRECTION ( 'NONE',  ( -0.000000000000000000, -0.000000000000000000, -1.000000000000000000 ) ) ;
#3711 = LINE ( 'NONE', #4791, #7409 ) ;
#3712 = CARTESIAN_POINT ( 'NONE',  ( 2.500000000000000444, 0.6999999999999998446, 7.549999999999999822 ) ) ;
#3713 = CARTESIAN_POINT ( 'NONE',  ( 0.8000000000000001554, 2.650000000000000799, 7.249999999999999112 ) ) ;
#3714 = DIRECTION ( 'NONE',  ( 0.000000000000000000, -1.000000000000000000, -0.000000000000000000 ) ) ;
#3715 = ADVANCED_FACE ( 'NONE', ( #5779 ), #1499, .T. ) ;
#3716 = LINE ( 'NONE', #6606, #391 ) ;
#3717 = ORIENTED_EDGE ( 'NONE', *, *, #7863, .T. ) ;
#3718 = CARTESIAN_POINT ( 'NONE',  ( -3.299999999999999822, 2.949999999999998845, 7.249999999999999112 ) ) ;
#3719 = DIRECTION ( 'NONE',  ( 0.000000000000000000, 1.000000000000000000, 0.000000000000000000 ) ) ;
#3720 = TOROIDAL_SURFACE ( 'NONE', #3847, 0.05000000000000010686, 0.1499999999999999944 ) ;
#3721 = DIRECTION ( 'NONE',  ( 0.000000000000000000, -0.000000000000000000, 1.000000000000000000 ) ) ;
#3722 = EDGE_CURVE ( 'NONE', #4874, #6866, #2127, .T. ) ;
#3723 = CARTESIAN_POINT ( 'NONE',  ( 2.550000000000000266, -2.299999999999999822, 7.699999999999997513 ) ) ;
#3724 = LINE ( 'NONE', #4057, #3965 ) ;
#3725 = ORIENTED_EDGE ( 'NONE', *, *, #9996, .T. ) ;
#3726 = EDGE_CURVE ( 'NONE', #2839, #10615, #2248, .T. ) ;
#3727 = AXIS2_PLACEMENT_3D ( 'NONE', #5580, #4764, #627 ) ;
#3728 = ORIENTED_EDGE ( 'NONE', *, *, #10153, .F. ) ;
#3729 = ORIENTED_EDGE ( 'NONE', *, *, #2060, .T. ) ;
#3730 = ORIENTED_EDGE ( 'NONE', *, *, #8297, .T. ) ;
#3731 = DIRECTION ( 'NONE',  ( 1.000000000000000000, 0.000000000000000000, 0.000000000000000000 ) ) ;
#3732 = DIRECTION ( 'NONE',  ( 0.000000000000000000, 2.017120320903263702E-16, -1.000000000000000000 ) ) ;
#3733 = LINE ( 'NONE', #1471, #236 ) ;
#3734 = VERTEX_POINT ( 'NONE', #5796 ) ;
#3735 = CARTESIAN_POINT ( 'NONE',  ( -3.880824640740575759, 0.09999999999999990841, -3.000000000000000000 ) ) ;
#3736 = CARTESIAN_POINT ( 'NONE',  ( 5.799999999999996270, 0.5000000000000000000, 3.000000000000000000 ) ) ;
#3737 = LINE ( 'NONE', #7522, #379 ) ;
#3738 = ADVANCED_FACE ( 'NONE', ( #2429 ), #9414, .T. ) ;
#3739 = VECTOR ( 'NONE', #4397, 1000.000000000000000 ) ;
#3740 = EDGE_CURVE ( 'NONE', #8924, #3103, #2038, .T. ) ;
#3741 = DIRECTION ( 'NONE',  ( -0.000000000000000000, 4.430117370400858162E-17, -1.000000000000000000 ) ) ;
#3742 = ORIENTED_EDGE ( 'NONE', *, *, #7713, .F. ) ;
#3743 = CARTESIAN_POINT ( 'NONE',  ( -5.799999999999998046, -0.6400000000000000133, 1.000000000000000000 ) ) ;
#3744 = VERTEX_POINT ( 'NONE', #5873 ) ;
#3745 = EDGE_CURVE ( 'NONE', #440, #4967, #9242, .T. ) ;
#3746 = EDGE_LOOP ( 'NONE', ( #4003, #46, #3120, #3357, #7456, #1743, #1988, #9783 ) ) ;
#3747 = CARTESIAN_POINT ( 'NONE',  ( 5.799999999999996270, 2.399999999999999023, -4.499999999999997335 ) ) ;
#3748 = ORIENTED_EDGE ( 'NONE', *, *, #7360, .F. ) ;
#3749 = PRESENTATION_LAYER_ASSIGNMENT (  '', '', ( #2414 ) ) ;
#3750 = LINE ( 'NONE', #2074, #7502 ) ;
#3751 = EDGE_CURVE ( 'NONE', #10098, #478, #2412, .T. ) ;
#3752 = VECTOR ( 'NONE', #1805, 1000.000000000000114 ) ;
#3753 = ORIENTED_EDGE ( 'NONE', *, *, #9611, .T. ) ;
#3754 =( NAMED_UNIT ( * ) SI_UNIT ( $, .STERADIAN. ) SOLID_ANGLE_UNIT ( ) );
#3755 = FACE_OUTER_BOUND ( 'NONE', #3612, .T. ) ;
#3756 = DIRECTION ( 'NONE',  ( 0.000000000000000000, 2.017120320903263702E-16, -1.000000000000000000 ) ) ;
#3757 = DIRECTION ( 'NONE',  ( -1.000000000000000000, 1.341711765540131426E-16, -0.000000000000000000 ) ) ;
#3758 = VECTOR ( 'NONE', #4338, 1000.000000000000000 ) ;
#3759 = CARTESIAN_POINT ( 'NONE',  ( 6.200000000000000178, 3.100000000000000089, -1.599999999999999867 ) ) ;
#3760 = CARTESIAN_POINT ( 'NONE',  ( 2.700000000000000178, -2.299999999999998046, -7.050000000000002487 ) ) ;
#3761 = ORIENTED_EDGE ( 'NONE', *, *, #2890, .F. ) ;
#3762 = CARTESIAN_POINT ( 'NONE',  ( -6.200000000000000178, 3.100000000000000089, -3.000000000000000000 ) ) ;
#3763 = CARTESIAN_POINT ( 'NONE',  ( -6.199999999999998401, -0.6400000000000000133, 1.000000000000000000 ) ) ;
#3764 = EDGE_CURVE ( 'NONE', #5108, #5041, #2226, .T. ) ;
#3765 = ADVANCED_FACE ( 'NONE', ( #5797 ), #9354, .F. ) ;
#3766 = ORIENTED_EDGE ( 'NONE', *, *, #6790, .F. ) ;
#3767 = EDGE_LOOP ( 'NONE', ( #43, #8727, #474, #2694 ) ) ;
#3768 = ORIENTED_EDGE ( 'NONE', *, *, #9818, .T. ) ;
#3769 = COLOUR_RGB ( '',0.7921568627450980005, 0.8196078431372548767, 0.9333333333333333481 ) ;
#3770 = EDGE_CURVE ( 'NONE', #1878, #3274, #2264, .T. ) ;
#3771 = DIRECTION ( 'NONE',  ( 0.9396926207859082059, -0.3420201433256695456, -8.414147190578587988E-17 ) ) ;
#3772 = CARTESIAN_POINT ( 'NONE',  ( 0.4000000000000001887, 0.7999999999999982681, 7.549999999999999822 ) ) ;
#3773 = FILL_AREA_STYLE_COLOUR ( '', #5635 ) ;
#3774 = CARTESIAN_POINT ( 'NONE',  ( -2.900000000000000355, 0.7999999999999982681, 7.549999999999999822 ) ) ;
#3775 = VECTOR ( 'NONE', #4598, 1000.000000000000000 ) ;
#3776 = AXIS2_PLACEMENT_3D ( 'NONE', #380, #322, #6045 ) ;
#3777 = VERTEX_POINT ( 'NONE', #361 ) ;
#3778 = AXIS2_PLACEMENT_3D ( 'NONE', #4277, #2837, #1137 ) ;
#3779 = LINE ( 'NONE', #9584, #304 ) ;
#3780 = EDGE_CURVE ( 'NONE', #6046, #5420, #5838, .T. ) ;
#3781 = LINE ( 'NONE', #10045, #3758 ) ;
#3782 = CARTESIAN_POINT ( 'NONE',  ( -1.699999999999999956, 0.7999999999999983791, 7.299999999999998934 ) ) ;
#3783 = VERTEX_POINT ( 'NONE', #6724 ) ;
#3784 = AXIS2_PLACEMENT_3D ( 'NONE', #1045, #1832, #6064 ) ;
#3785 = DIRECTION ( 'NONE',  ( -1.000000000000000000, 0.000000000000000000, 0.000000000000000000 ) ) ;
#3786 = ORIENTED_EDGE ( 'NONE', *, *, #1066, .T. ) ;
#3787 = ORIENTED_EDGE ( 'NONE', *, *, #3434, .T. ) ;
#3788 = DIRECTION ( 'NONE',  ( 0.000000000000000000, 0.000000000000000000, -1.000000000000000000 ) ) ;
#3789 = VECTOR ( 'NONE', #5876, 1000.000000000000000 ) ;
#3790 = CARTESIAN_POINT ( 'NONE',  ( -5.799999999999998934, 5.650000000000001243, 4.500000000000000888 ) ) ;
#3791 = PLANE ( 'NONE',  #8432 ) ;
#3792 = VECTOR ( 'NONE', #4668, 1000.000000000000000 ) ;
#3793 = VERTEX_POINT ( 'NONE', #8336 ) ;
#3794 = CARTESIAN_POINT ( 'NONE',  ( -5.799999999999996270, 0.5000000000000002220, -3.000000000000000000 ) ) ;
#3795 = DIRECTION ( 'NONE',  ( 0.000000000000000000, 1.000000000000000000, 0.000000000000000000 ) ) ;
#3796 = EDGE_CURVE ( 'NONE', #10226, #10475, #2291, .T. ) ;
#3797 = LINE ( 'NONE', #4985, #363 ) ;
#3798 = DIRECTION ( 'NONE',  ( 0.000000000000000000, 1.000000000000000000, 0.000000000000000000 ) ) ;
#3799 = CARTESIAN_POINT ( 'NONE',  ( 5.799999999999998934, 5.650000000000001243, -5.250000000000000000 ) ) ;
#3800 = EDGE_LOOP ( 'NONE', ( #6725, #4525, #477, #5785 ) ) ;
#3801 = FACE_OUTER_BOUND ( 'NONE', #2998, .T. ) ;
#3802 = EDGE_CURVE ( 'NONE', #6242, #8585, #9475, .T. ) ;
#3803 = DIRECTION ( 'NONE',  ( -0.000000000000000000, 0.000000000000000000, -1.000000000000000000 ) ) ;
#3804 = ORIENTED_EDGE ( 'NONE', *, *, #10153, .T. ) ;
#3805 = ORIENTED_EDGE ( 'NONE', *, *, #5510, .T. ) ;
#3806 = AXIS2_PLACEMENT_3D ( 'NONE', #10590, #5627, #808 ) ;
#3807 = DIRECTION ( 'NONE',  ( -1.807003620809174632E-16, 1.000000000000000000, 6.531284371341748864E-17 ) ) ;
#3808 = LINE ( 'NONE', #3822, #312 ) ;
#3809 = DIRECTION ( 'NONE',  ( 0.000000000000000000, 0.000000000000000000, 1.000000000000000000 ) ) ;
#3810 = ADVANCED_FACE ( 'NONE', ( #5967 ), #3550, .F. ) ;
#3811 = VECTOR ( 'NONE', #3183, 1000.000000000000000 ) ;
#3812 = ORIENTED_EDGE ( 'NONE', *, *, #3982, .T. ) ;
#3813 = CARTESIAN_POINT ( 'NONE',  ( -1.983582586957798544, 0.02086324578292339874, -7.050000000000001599 ) ) ;
#3814 = FACE_OUTER_BOUND ( 'NONE', #5040, .T. ) ;
#3815 = DIRECTION ( 'NONE',  ( 0.000000000000000000, 0.000000000000000000, -1.000000000000000000 ) ) ;
#3816 = EDGE_CURVE ( 'NONE', #656, #10139, #5614, .T. ) ;
#3817 = VECTOR ( 'NONE', #8655, 1000.000000000000000 ) ;
#3818 = CARTESIAN_POINT ( 'NONE',  ( -3.880824640740575759, 0.4999999999999998890, -4.499999999999997335 ) ) ;
#3819 = EDGE_CURVE ( 'NONE', #4702, #6207, #6235, .T. ) ;
#3820 = CARTESIAN_POINT ( 'NONE',  ( -1.699999999999999956, 0.8000000000000001554, -6.800000000000001599 ) ) ;
#3821 = ORIENTED_EDGE ( 'NONE', *, *, #6963, .F. ) ;
#3822 = CARTESIAN_POINT ( 'NONE',  ( -5.049999999999997158, 1.000000000000000000, 5.350000000000001421 ) ) ;
#3823 = LINE ( 'NONE', #955, #7287 ) ;
#3824 = AXIS2_PLACEMENT_3D ( 'NONE', #5385, #3674, #3164 ) ;
#3825 = DIRECTION ( 'NONE',  ( 0.000000000000000000, 0.000000000000000000, -1.000000000000000000 ) ) ;
#3826 = VECTOR ( 'NONE', #6358, 1000.000000000000000 ) ;
#3827 = ORIENTED_EDGE ( 'NONE', *, *, #5886, .T. ) ;
#3828 = PLANE ( 'NONE',  #539 ) ;
#3829 = CYLINDRICAL_SURFACE ( 'NONE', #6688, 0.2000000000000005107 ) ;
#3830 = ADVANCED_FACE ( 'NONE', ( #2467 ), #1010, .T. ) ;
#3831 = CARTESIAN_POINT ( 'NONE',  ( 5.750000000000000000, 6.099999999999999645, -5.250000000000000000 ) ) ;
#3832 = CARTESIAN_POINT ( 'NONE',  ( 1.700000000000000178, 2.949999999999998401, 7.549999999999999822 ) ) ;
#3833 = CARTESIAN_POINT ( 'NONE',  ( -1.699999999999999956, 1.099999999999999867, -6.750000000000001776 ) ) ;
#3834 = CIRCLE ( 'NONE', #7035, 0.1000000000000002554 ) ;
#3835 = DIRECTION ( 'NONE',  ( -1.000000000000000000, 0.000000000000000000, 0.000000000000000000 ) ) ;
#3836 = EDGE_CURVE ( 'NONE', #8253, #7337, #6110, .T. ) ;
#3837 = ORIENTED_EDGE ( 'NONE', *, *, #1304, .F. ) ;
#3838 = CARTESIAN_POINT ( 'NONE',  ( 5.049999999999997158, 0.5000000000000001110, 4.500000000000000888 ) ) ;
#3839 = ORIENTED_EDGE ( 'NONE', *, *, #9902, .F. ) ;
#3840 = ORIENTED_EDGE ( 'NONE', *, *, #995, .T. ) ;
#3841 = FACE_OUTER_BOUND ( 'NONE', #9439, .T. ) ;
#3842 = LINE ( 'NONE', #7429, #4151 ) ;
#3843 = DIRECTION ( 'NONE',  ( 1.000000000000000000, 0.000000000000000000, 0.000000000000000000 ) ) ;
#3844 = SURFACE_STYLE_USAGE ( .BOTH. , #9237 ) ;
#3845 = DIRECTION ( 'NONE',  ( 0.000000000000000000, 0.000000000000000000, 1.000000000000000000 ) ) ;
#3846 = CARTESIAN_POINT ( 'NONE',  ( 4.336808689942017736E-16, 0.6999999999999998446, 7.549999999999998046 ) ) ;
#3847 = AXIS2_PLACEMENT_3D ( 'NONE', #10082, #4855, #5748 ) ;
#3848 = CARTESIAN_POINT ( 'NONE',  ( 0.8000000000000001554, 2.949999999999998845, 7.249999999999999112 ) ) ;
#3849 = LINE ( 'NONE', #9530, #3666 ) ;
#3850 = ORIENTED_EDGE ( 'NONE', *, *, #8503, .F. ) ;
#3851 = CYLINDRICAL_SURFACE ( 'NONE', #2944, 0.5000000000000004441 ) ;
#3852 = LINE ( 'NONE', #5166, #365 ) ;
#3853 = CARTESIAN_POINT ( 'NONE',  ( 5.049999999999997158, 2.400000000000000355, -4.999999999999997335 ) ) ;
#3854 = DIRECTION ( 'NONE',  ( 0.000000000000000000, -1.000000000000000000, -1.445602896647339163E-16 ) ) ;
#3855 = ADVANCED_FACE ( 'NONE', ( #2743 ), #5172, .F. ) ;
#3856 = CARTESIAN_POINT ( 'NONE',  ( -5.049999999999997158, 0.5000000000000000000, -3.000000000000000000 ) ) ;
#3857 = EDGE_LOOP ( 'NONE', ( #6268, #1875, #1840, #7217 ) ) ;
#3858 = ORIENTED_EDGE ( 'NONE', *, *, #5644, .T. ) ;
#3859 = CARTESIAN_POINT ( 'NONE',  ( 2.500942654747430272, 14.66824025516126184, 1.331759744838736603 ) ) ;
#3860 = VECTOR ( 'NONE', #305, 1000.000000000000000 ) ;
#3861 = CARTESIAN_POINT ( 'NONE',  ( -5.049999999999997158, 4.986986664055304885, -4.999999999999997335 ) ) ;
#3862 = PLANE ( 'NONE',  #8205 ) ;
#3863 = EDGE_CURVE ( 'NONE', #10084, #9169, #9872, .T. ) ;
#3864 = DIRECTION ( 'NONE',  ( 0.000000000000000000, -1.000000000000000000, 1.445602896647339163E-16 ) ) ;
#3865 = VECTOR ( 'NONE', #131, 1000.000000000000000 ) ;
#3866 = ORIENTED_EDGE ( 'NONE', *, *, #1927, .F. ) ;
#3867 = CARTESIAN_POINT ( 'NONE',  ( 4.549999999999997158, 4.986986664055304885, 5.850000000000000533 ) ) ;
#3868 = AXIS2_PLACEMENT_3D ( 'NONE', #1850, #1121, #3878 ) ;
#3869 = DIRECTION ( 'NONE',  ( 0.000000000000000000, 0.000000000000000000, -1.000000000000000000 ) ) ;
#3870 = VECTOR ( 'NONE', #849, 1000.000000000000000 ) ;
#3871 = CARTESIAN_POINT ( 'NONE',  ( 2.900000000000000355, 0.3544119062935187636, 6.700000000000000178 ) ) ;
#3872 = ADVANCED_FACE ( 'NONE', ( #9848 ), #4896, .F. ) ;
#3873 = VECTOR ( 'NONE', #9802, 1000.000000000000000 ) ;
#3874 = VERTEX_POINT ( 'NONE', #5306 ) ;
#3875 = VERTEX_POINT ( 'NONE', #2071 ) ;
#3876 = CARTESIAN_POINT ( 'NONE',  ( 2.449999999999999734, 0.6999999999999997335, 7.549999999999998046 ) ) ;
#3877 = FACE_OUTER_BOUND ( 'NONE', #6906, .T. ) ;
#3878 = DIRECTION ( 'NONE',  ( 0.8191520442889909104, 0.5735764363510473807, 0.000000000000000000 ) ) ;
#3879 = EDGE_CURVE ( 'NONE', #1701, #1168, #6025, .T. ) ;
#3880 = VECTOR ( 'NONE', #5548, 1000.000000000000000 ) ;
#3881 = PLANE ( 'NONE',  #4172 ) ;
#3882 = DIRECTION ( 'NONE',  ( 0.000000000000000000, 2.017120320903263702E-16, -1.000000000000000000 ) ) ;
#3883 = VECTOR ( 'NONE', #911, 1000.000000000000000 ) ;
#3884 = DIRECTION ( 'NONE',  ( -1.000000000000000000, -0.000000000000000000, -0.000000000000000000 ) ) ;
#3885 = EDGE_CURVE ( 'NONE', #2661, #3892, #9911, .T. ) ;
#3886 = AXIS2_PLACEMENT_3D ( 'NONE', #5133, #7674, #8423 ) ;
#3887 = LINE ( 'NONE', #93, #452 ) ;
#3888 = CARTESIAN_POINT ( 'NONE',  ( 4.549999999999997158, 0.000000000000000000, 5.850000000000000533 ) ) ;
#3889 = CARTESIAN_POINT ( 'NONE',  ( -2.499999999999999556, 0.1000000000000016848, -7.049999999999999822 ) ) ;
#3890 = EDGE_LOOP ( 'NONE', ( #5402, #1490, #9156, #6681, #4247, #3768, #4073, #5731 ) ) ;
#3891 = CARTESIAN_POINT ( 'NONE',  ( 0.4000000000000001887, 0.3544119062935203179, -6.200000000000001954 ) ) ;
#3892 = VERTEX_POINT ( 'NONE', #3888 ) ;
#3893 = EDGE_CURVE ( 'NONE', #401, #8804, #6150, .T. ) ;
#3894 = ADVANCED_FACE ( 'NONE', ( #6255 ), #6359, .T. ) ;
#3895 = VECTOR ( 'NONE', #7413, 1000.000000000000000 ) ;
#3896 = VERTEX_POINT ( 'NONE', #3234 ) ;
#3897 = CARTESIAN_POINT ( 'NONE',  ( 3.880824640740575759, 0.4999999999999998890, -4.499999999999997335 ) ) ;
#3898 = CIRCLE ( 'NONE', #2793, 0.5000000000000004441 ) ;
#3899 = CARTESIAN_POINT ( 'NONE',  ( 3.880824640740575759, 0.4999999999999998890, -4.499999999999997335 ) ) ;
#3900 = CARTESIAN_POINT ( 'NONE',  ( -2.499999999999999556, 0.6999999999999998446, 7.549999999999998046 ) ) ;
#3901 = EDGE_CURVE ( 'NONE', #2424, #6228, #2805, .T. ) ;
#3902 = CARTESIAN_POINT ( 'NONE',  ( 6.399999999999998579, -0.6400000000000000133, 1.000000000000000000 ) ) ;
#3903 = CIRCLE ( 'NONE', #1039, 0.2999999999999999334 ) ;
#3904 = PLANE ( 'NONE',  #10354 ) ;
#3905 = AXIS2_PLACEMENT_3D ( 'NONE', #869, #7351, #9782 ) ;
#3906 = ORIENTED_EDGE ( 'NONE', *, *, #7993, .F. ) ;
#3907 = AXIS2_PLACEMENT_3D ( 'NONE', #4632, #9643, #6564 ) ;
#3908 = VERTEX_POINT ( 'NONE', #10505 ) ;
#3909 = CARTESIAN_POINT ( 'NONE',  ( 5.699999999999998401, 0.6000000000000007550, 3.000000000000000444 ) ) ;
#3910 = EDGE_CURVE ( 'NONE', #3095, #265, #6274, .T. ) ;
#3911 = CARTESIAN_POINT ( 'NONE',  ( -5.799999999999996270, 2.400000000000000355, 3.000000000000000000 ) ) ;
#3912 = PLANE ( 'NONE',  #7329 ) ;
#3913 = DIRECTION ( 'NONE',  ( -0.5735764363510473807, -0.8191520442889910214, 0.000000000000000000 ) ) ;
#3914 = FACE_OUTER_BOUND ( 'NONE', #8877, .T. ) ;
#3915 = VERTEX_POINT ( 'NONE', #9364 ) ;
#3916 = AXIS2_PLACEMENT_3D ( 'NONE', #2217, #6247, #10284 ) ;
#3917 = VECTOR ( 'NONE', #6665, 1000.000000000000000 ) ;
#3918 = ADVANCED_FACE ( 'NONE', ( #6057, #6401 ), #7901, .F. ) ;
#3919 = LINE ( 'NONE', #3205, #382 ) ;
#3920 = DIRECTION ( 'NONE',  ( 0.000000000000000000, 0.000000000000000000, 1.000000000000000000 ) ) ;
#3921 = EDGE_LOOP ( 'NONE', ( #8881, #4182, #6409, #6349, #7921, #3213, #6594, #4487 ) ) ;
#3922 = LINE ( 'NONE', #9285, #3645 ) ;
#3923 = DIRECTION ( 'NONE',  ( 1.327027319204863784E-16, -1.000000000000000000, 0.000000000000000000 ) ) ;
#3924 = DIRECTION ( 'NONE',  ( 0.000000000000000000, 1.000000000000000000, 0.000000000000000000 ) ) ;
#3925 = CARTESIAN_POINT ( 'NONE',  ( 4.250000000000000000, 6.700000000000000178, -5.099999999999999645 ) ) ;
#3926 = EDGE_CURVE ( 'NONE', #8998, #1120, #9808, .T. ) ;
#3927 = VECTOR ( 'NONE', #9380, 1000.000000000000114 ) ;
#3928 = ORIENTED_EDGE ( 'NONE', *, *, #4411, .F. ) ;
#3929 = CARTESIAN_POINT ( 'NONE',  ( 5.799999999999998046, -0.6400000000000000133, -1.000000000000000000 ) ) ;
#3930 = CARTESIAN_POINT ( 'NONE',  ( 6.236169591142200375, -0.7547152872702095339, 1.000000000000000000 ) ) ;
#3931 = AXIS2_PLACEMENT_3D ( 'NONE', #10520, #2713, #9182 ) ;
#3932 = DIRECTION ( 'NONE',  ( -0.000000000000000000, -0.000000000000000000, -1.000000000000000000 ) ) ;
#3933 = LINE ( 'NONE', #9205, #3950 ) ;
#3934 = PLANE ( 'NONE',  #9316 ) ;
#3935 = DIRECTION ( 'NONE',  ( -0.000000000000000000, -1.000000000000000000, -0.000000000000000000 ) ) ;
#3936 = ADVANCED_FACE ( 'NONE', ( #9952 ), #1200, .T. ) ;
#3937 = ORIENTED_EDGE ( 'NONE', *, *, #4651, .F. ) ;
#3938 = CIRCLE ( 'NONE', #6024, 0.4000000000000001887 ) ;
#3939 = DIRECTION ( 'NONE',  ( -1.000000000000000000, 0.000000000000000000, 0.000000000000000000 ) ) ;
#3940 = EDGE_CURVE ( 'NONE', #1120, #2012, #6042, .T. ) ;
#3941 = VECTOR ( 'NONE', #258, 1000.000000000000000 ) ;
#3942 = ORIENTED_EDGE ( 'NONE', *, *, #5229, .T. ) ;
#3943 = DIRECTION ( 'NONE',  ( 0.5735764363510463815, -0.8191520442889915765, 0.000000000000000000 ) ) ;
#3944 = EDGE_CURVE ( 'NONE', #155, #10332, #9593, .T. ) ;
#3945 = DIRECTION ( 'NONE',  ( 0.000000000000000000, 2.017120320903263702E-16, -1.000000000000000000 ) ) ;
#3946 = VECTOR ( 'NONE', #3515, 1000.000000000000000 ) ;
#3947 = DIRECTION ( 'NONE',  ( -1.000000000000000000, -0.000000000000000000, -0.000000000000000000 ) ) ;
#3948 = ADVANCED_FACE ( 'NONE', ( #6337 ), #8592, .F. ) ;
#3949 = AXIS2_PLACEMENT_3D ( 'NONE', #3889, #2073, #3001 ) ;
#3950 = VECTOR ( 'NONE', #1060, 1000.000000000000000 ) ;
#3951 = DIRECTION ( 'NONE',  ( 1.000000000000000000, 0.000000000000000000, 0.000000000000000000 ) ) ;
#3952 = ORIENTED_EDGE ( 'NONE', *, *, #7320, .T. ) ;
#3953 = DIRECTION ( 'NONE',  ( 0.000000000000000000, -0.000000000000000000, 1.000000000000000000 ) ) ;
#3954 = ORIENTED_EDGE ( 'NONE', *, *, #5439, .F. ) ;
#3955 = LINE ( 'NONE', #10295, #124 ) ;
#3956 = VERTEX_POINT ( 'NONE', #2996 ) ;
#3957 = FACE_OUTER_BOUND ( 'NONE', #8749, .T. ) ;
#3958 = EDGE_CURVE ( 'NONE', #8934, #8242, #9830, .T. ) ;
#3959 = ORIENTED_EDGE ( 'NONE', *, *, #3419, .T. ) ;
#3960 = PLANE ( 'NONE',  #4842 ) ;
#3961 = LINE ( 'NONE', #5529, #7507 ) ;
#3962 = EDGE_CURVE ( 'NONE', #8695, #2597, #9890, .T. ) ;
#3963 = DIRECTION ( 'NONE',  ( 0.000000000000000000, -1.000000000000000000, -2.460132057943349518E-16 ) ) ;
#3964 = DIRECTION ( 'NONE',  ( 0.000000000000000000, -1.000000000000000000, 0.000000000000000000 ) ) ;
#3965 = VECTOR ( 'NONE', #7173, 1000.000000000000000 ) ;
#3966 = DIRECTION ( 'NONE',  ( 0.000000000000000000, -1.000000000000000000, 0.000000000000000000 ) ) ;
#3967 = CARTESIAN_POINT ( 'NONE',  ( 3.850000000000000089, 1.000000000000000000, 6.700000000000000178 ) ) ;
#3968 = AXIS2_PLACEMENT_3D ( 'NONE', #1569, #3060, #3869 ) ;
#3969 = VERTEX_POINT ( 'NONE', #2221 ) ;
#3970 = ORIENTED_EDGE ( 'NONE', *, *, #9529, .F. ) ;
#3971 = CARTESIAN_POINT ( 'NONE',  ( -4.250000000000000000, 6.700000000000000178, 5.099999999999999645 ) ) ;
#3972 = ORIENTED_EDGE ( 'NONE', *, *, #4688, .T. ) ;
#3973 = PLANE ( 'NONE',  #4419 ) ;
#3974 = CARTESIAN_POINT ( 'NONE',  ( 3.880824640740575759, 0.09999999999999990841, -3.000000000000000000 ) ) ;
#3975 = CARTESIAN_POINT ( 'NONE',  ( -5.799999999999996270, 0.5000000000000004441, -3.000000000000000000 ) ) ;
#3976 = DIRECTION ( 'NONE',  ( 0.000000000000000000, -0.000000000000000000, 1.000000000000000000 ) ) ;
#3977 = ADVANCED_FACE ( 'NONE', ( #2864 ), #4649, .F. ) ;
#3978 = FACE_OUTER_BOUND ( 'NONE', #2667, .T. ) ;
#3979 = ORIENTED_EDGE ( 'NONE', *, *, #3962, .F. ) ;
#3980 = FACE_OUTER_BOUND ( 'NONE', #249, .T. ) ;
#3981 = LINE ( 'NONE', #5092, #7296 ) ;
#3982 = EDGE_CURVE ( 'NONE', #7810, #3793, #2512, .T. ) ;
#3983 = DIRECTION ( 'NONE',  ( 0.7071067811865489050, -0.000000000000000000, -0.7071067811865462405 ) ) ;
#3984 = DIRECTION ( 'NONE',  ( 0.000000000000000000, -1.000000000000000000, 0.000000000000000000 ) ) ;
#3985 = EDGE_LOOP ( 'NONE', ( #7851, #326, #4110, #6642, #10086, #7704, #6352 ) ) ;
#3986 = VERTEX_POINT ( 'NONE', #1453 ) ;
#3987 = AXIS2_PLACEMENT_3D ( 'NONE', #5183, #6187, #1074 ) ;
#3988 = DIRECTION ( 'NONE',  ( 1.000000000000000000, 0.000000000000000000, 0.000000000000000000 ) ) ;
#3989 = SURFACE_SIDE_STYLE ('',( #542 ) ) ;
#3990 = ORIENTED_EDGE ( 'NONE', *, *, #8889, .F. ) ;
#3991 = DIRECTION ( 'NONE',  ( 1.000000000000000000, 0.000000000000000000, -0.000000000000000000 ) ) ;
#3992 = VECTOR ( 'NONE', #9629, 1000.000000000000000 ) ;
#3993 = ORIENTED_EDGE ( 'NONE', *, *, #4137, .F. ) ;
#3994 = DIRECTION ( 'NONE',  ( 0.000000000000000000, 0.000000000000000000, -1.000000000000000000 ) ) ;
#3995 = CARTESIAN_POINT ( 'NONE',  ( -1.699999999999999956, 0.8499999999999999778, -6.750000000000001776 ) ) ;
#3996 = ADVANCED_FACE ( 'NONE', ( #9574 ), #4461, .F. ) ;
#3997 = DIRECTION ( 'NONE',  ( 0.000000000000000000, 1.000000000000000000, 0.000000000000000000 ) ) ;
#3998 = CIRCLE ( 'NONE', #2171, 0.5749999999999999556 ) ;
#3999 = CARTESIAN_POINT ( 'NONE',  ( 2.542012759203106320, 2.400000000000000355, -3.000000000000000000 ) ) ;
#4000 = EDGE_CURVE ( 'NONE', #10010, #4567, #6291, .T. ) ;
#4001 = ORIENTED_EDGE ( 'NONE', *, *, #6421, .F. ) ;
#4002 = ORIENTED_EDGE ( 'NONE', *, *, #10601, .F. ) ;
#4003 = ORIENTED_EDGE ( 'NONE', *, *, #7136, .T. ) ;
#4004 = ORIENTED_EDGE ( 'NONE', *, *, #2082, .T. ) ;
#4005 = AXIS2_PLACEMENT_3D ( 'NONE', #8685, #4600, #3026 ) ;
#4006 = ORIENTED_EDGE ( 'NONE', *, *, #6809, .F. ) ;
#4007 = LINE ( 'NONE', #3713, #718 ) ;
#4008 = ORIENTED_EDGE ( 'NONE', *, *, #957, .F. ) ;
#4009 = DIRECTION ( 'NONE',  ( 0.000000000000000000, 1.000000000000000000, 0.000000000000000000 ) ) ;
#4010 = CARTESIAN_POINT ( 'NONE',  ( 5.049999999999997158, 0.5000000000000001110, -4.499999999999997335 ) ) ;
#4011 = CIRCLE ( 'NONE', #9397, 0.6000000000000007550 ) ;
#4012 = CARTESIAN_POINT ( 'NONE',  ( 5.799999999999998934, 5.650000000000001243, 5.250000000000000000 ) ) ;
#4013 = EDGE_CURVE ( 'NONE', #5677, #6956, #2533, .T. ) ;
#4014 = LINE ( 'NONE', #2984, #4334 ) ;
#4015 = PLANE ( 'NONE',  #4806 ) ;
#4016 = DIRECTION ( 'NONE',  ( 0.000000000000000000, 0.000000000000000000, -1.000000000000000000 ) ) ;
#4017 = ADVANCED_FACE ( 'NONE', ( #6379 ), #9746, .F. ) ;
#4018 = EDGE_LOOP ( 'NONE', ( #4299, #3937, #193, #7529, #6116, #230, #9921 ) ) ;
#4019 = SURFACE_STYLE_USAGE ( .BOTH. , #5675 ) ;
#4020 = ORIENTED_EDGE ( 'NONE', *, *, #9571, .T. ) ;
#4021 = PLANE ( 'NONE',  #1133 ) ;
#4022 = ORIENTED_EDGE ( 'NONE', *, *, #10361, .T. ) ;
#4023 = LINE ( 'NONE', #7289, #7408 ) ;
#4024 = EDGE_LOOP ( 'NONE', ( #8058, #3427, #1524, #7995 ) ) ;
#4025 = DIRECTION ( 'NONE',  ( -0.000000000000000000, 4.430117370400858162E-17, -1.000000000000000000 ) ) ;
#4026 = AXIS2_PLACEMENT_3D ( 'NONE', #4905, #6651, #7449 ) ;
#4027 = CARTESIAN_POINT ( 'NONE',  ( 0.000000000000000000, 3.100000000000000089, -4.500000000000000888 ) ) ;
#4028 = AXIS2_PLACEMENT_3D ( 'NONE', #3688, #8537, #6107 ) ;
#4029 = VECTOR ( 'NONE', #3843, 1000.000000000000000 ) ;
#4030 = CARTESIAN_POINT ( 'NONE',  ( -1.699999999999999956, 1.099999999999998535, 6.349999999999997868 ) ) ;
#4031 = CARTESIAN_POINT ( 'NONE',  ( -5.750000000000000000, 5.700000000000000178, -6.400000000000000355 ) ) ;
#4032 = EDGE_CURVE ( 'NONE', #8795, #6691, #9542, .T. ) ;
#4033 = CARTESIAN_POINT ( 'NONE',  ( 4.549999999999997158, 4.986986664055304885, -5.850000000000000533 ) ) ;
#4034 = DIRECTION ( 'NONE',  ( 0.7071067811865489050, 0.000000000000000000, 0.7071067811865462405 ) ) ;
#4035 = ORIENTED_EDGE ( 'NONE', *, *, #5626, .T. ) ;
#4036 = ORIENTED_EDGE ( 'NONE', *, *, #10601, .T. ) ;
#4037 = ORIENTED_EDGE ( 'NONE', *, *, #6941, .T. ) ;
#4038 = AXIS2_PLACEMENT_3D ( 'NONE', #4873, #667, #863 ) ;
#4039 = ORIENTED_EDGE ( 'NONE', *, *, #9315, .F. ) ;
#4040 = CARTESIAN_POINT ( 'NONE',  ( 3.849999999999999201, 2.399999999999999467, 6.700000000000000178 ) ) ;
#4041 = ORIENTED_EDGE ( 'NONE', *, *, #3269, .T. ) ;
#4042 = CARTESIAN_POINT ( 'NONE',  ( 2.449999999999999289, 0.09999999999999974187, 7.699999999999997513 ) ) ;
#4043 = CARTESIAN_POINT ( 'NONE',  ( -3.299999999999999822, 2.650000000000000799, 7.549999999999999822 ) ) ;
#4044 = FACE_OUTER_BOUND ( 'NONE', #4379, .T. ) ;
#4045 = CARTESIAN_POINT ( 'NONE',  ( 0.05000000000000012768, -2.299999999999999822, 7.549999999999998046 ) ) ;
#4046 = VECTOR ( 'NONE', #5572, 1000.000000000000000 ) ;
#4047 = ORIENTED_EDGE ( 'NONE', *, *, #3836, .T. ) ;
#4048 = EDGE_CURVE ( 'NONE', #8204, #2025, #9757, .T. ) ;
#4049 = FACE_OUTER_BOUND ( 'NONE', #7133, .T. ) ;
#4050 = DIRECTION ( 'NONE',  ( 0.000000000000000000, 0.000000000000000000, 1.000000000000000000 ) ) ;
#4051 = EDGE_CURVE ( 'NONE', #4245, #2816, #9617, .T. ) ;
#4052 = ORIENTED_EDGE ( 'NONE', *, *, #7197, .T. ) ;
#4053 = ORIENTED_EDGE ( 'NONE', *, *, #3679, .T. ) ;
#4054 = EDGE_LOOP ( 'NONE', ( #6753, #7762, #1721, #376 ) ) ;
#4055 = DIRECTION ( 'NONE',  ( 0.000000000000000000, 0.000000000000000000, 1.000000000000000000 ) ) ;
#4056 = ORIENTED_EDGE ( 'NONE', *, *, #6878, .F. ) ;
#4057 = CARTESIAN_POINT ( 'NONE',  ( -5.799999999999996270, 0.000000000000000000, -6.400000000000000355 ) ) ;
#4058 = AXIS2_PLACEMENT_3D ( 'NONE', #4733, #7340, #8102 ) ;
#4059 = VERTEX_POINT ( 'NONE', #1729 ) ;
#4060 = CARTESIAN_POINT ( 'NONE',  ( 6.599999999999997868, -2.034757436496875016, -1.000000000000000000 ) ) ;
#4061 = CYLINDRICAL_SURFACE ( 'NONE', #7617, 0.1999999999999996503 ) ;
#4062 = ADVANCED_FACE ( 'NONE', ( #2700 ), #5741, .F. ) ;
#4063 = VECTOR ( 'NONE', #4558, 1000.000000000000000 ) ;
#4064 = VERTEX_POINT ( 'NONE', #848 ) ;
#4065 = DIRECTION ( 'NONE',  ( 0.000000000000000000, 1.000000000000000000, 2.460132057943349518E-16 ) ) ;
#4066 = VECTOR ( 'NONE', #9164, 999.9999999999998863 ) ;
#4067 = PLANE ( 'NONE',  #3907 ) ;
#4068 = CIRCLE ( 'NONE', #1344, 0.04999999999999969746 ) ;
#4069 = DIRECTION ( 'NONE',  ( -1.000000000000000000, 0.000000000000000000, -0.000000000000000000 ) ) ;
#4070 = EDGE_CURVE ( 'NONE', #2661, #9816, #6095, .T. ) ;
#4071 = EDGE_LOOP ( 'NONE', ( #6869, #8821, #1510, #5348 ) ) ;
#4072 = VERTEX_POINT ( 'NONE', #3458 ) ;
#4073 = ORIENTED_EDGE ( 'NONE', *, *, #10606, .T. ) ;
#4074 = EDGE_CURVE ( 'NONE', #9859, #81, #9636, .T. ) ;
#4075 = ORIENTED_EDGE ( 'NONE', *, *, #10544, .T. ) ;
#4076 = DIRECTION ( 'NONE',  ( 1.000000000000000000, 0.000000000000000000, 0.000000000000000000 ) ) ;
#4077 = ORIENTED_EDGE ( 'NONE', *, *, #5237, .T. ) ;
#4078 = VECTOR ( 'NONE', #7701, 999.9999999999998863 ) ;
#4079 = AXIS2_PLACEMENT_3D ( 'NONE', #6668, #1664, #5674 ) ;
#4080 = LINE ( 'NONE', #3475, #522 ) ;
#4081 = ORIENTED_EDGE ( 'NONE', *, *, #1363, .T. ) ;
#4082 = CARTESIAN_POINT ( 'NONE',  ( 3.850000000000000089, 1.000000000000000000, -5.850000000000000533 ) ) ;
#4083 = CARTESIAN_POINT ( 'NONE',  ( -1.699999999999999956, 3.249999999999998668, 6.349999999999997868 ) ) ;
#4084 = CARTESIAN_POINT ( 'NONE',  ( 4.250000000000000000, 6.100000000000000533, -5.099999999999999645 ) ) ;
#4085 = ADVANCED_FACE ( 'NONE', ( #2569 ), #4015, .F. ) ;
#4086 = VECTOR ( 'NONE', #2898, 1000.000000000000000 ) ;
#4087 = CARTESIAN_POINT ( 'NONE',  ( 0.000000000000000000, 8.099999999999999645, 0.000000000000000000 ) ) ;
#4088 = CARTESIAN_POINT ( 'NONE',  ( 6.399999999999998579, -0.6400000000000000133, 1.000000000000000000 ) ) ;
#4089 = CARTESIAN_POINT ( 'NONE',  ( 0.000000000000000000, 0.09999999999999971412, 4.500000000000000888 ) ) ;
#4090 = DIRECTION ( 'NONE',  ( 1.000000000000000000, 0.000000000000000000, 0.000000000000000000 ) ) ;
#4091 = EDGE_CURVE ( 'NONE', #4567, #6312, #6130, .T. ) ;
#4092 = VERTEX_POINT ( 'NONE', #4786 ) ;
#4093 = ORIENTED_EDGE ( 'NONE', *, *, #4013, .F. ) ;
#4094 = ORIENTED_EDGE ( 'NONE', *, *, #3194, .T. ) ;
#4095 = VERTEX_POINT ( 'NONE', #184 ) ;
#4096 = EDGE_CURVE ( 'NONE', #2647, #2275, #2616, .T. ) ;
#4097 = ORIENTED_EDGE ( 'NONE', *, *, #5237, .F. ) ;
#4098 = VECTOR ( 'NONE', #4909, 1000.000000000000000 ) ;
#4099 = FACE_OUTER_BOUND ( 'NONE', #10203, .T. ) ;
#4100 = ORIENTED_EDGE ( 'NONE', *, *, #218, .T. ) ;
#4101 = EDGE_CURVE ( 'NONE', #6579, #8045, #2632, .T. ) ;
#4102 = AXIS2_PLACEMENT_3D ( 'NONE', #4445, #3795, #6005 ) ;
#4103 = DIRECTION ( 'NONE',  ( -1.000000000000000000, 0.000000000000000000, 0.000000000000000000 ) ) ;
#4104 = CYLINDRICAL_SURFACE ( 'NONE', #5534, 0.5749999999999982903 ) ;
#4105 = DIRECTION ( 'NONE',  ( 0.000000000000000000, -4.430117370400858162E-17, 1.000000000000000000 ) ) ;
#4106 = PLANE ( 'NONE',  #3327 ) ;
#4107 = DIRECTION ( 'NONE',  ( 0.000000000000000000, 1.000000000000000000, 0.000000000000000000 ) ) ;
#4108 = DIRECTION ( 'NONE',  ( 0.000000000000000000, 0.000000000000000000, 1.000000000000000000 ) ) ;
#4109 = DIRECTION ( 'NONE',  ( 0.000000000000000000, 0.000000000000000000, 1.000000000000000000 ) ) ;
#4110 = ORIENTED_EDGE ( 'NONE', *, *, #8634, .F. ) ;
#4111 = ORIENTED_EDGE ( 'NONE', *, *, #5908, .T. ) ;
#4112 = ORIENTED_EDGE ( 'NONE', *, *, #647, .T. ) ;
#4113 = VERTEX_POINT ( 'NONE', #6505 ) ;
#4114 = CARTESIAN_POINT ( 'NONE',  ( -5.499999999999996447, 5.500000000000000888, 6.400000000000000355 ) ) ;
#4115 = ORIENTED_EDGE ( 'NONE', *, *, #1537, .F. ) ;
#4116 = DIRECTION ( 'NONE',  ( 0.000000000000000000, 0.000000000000000000, -1.000000000000000000 ) ) ;
#4117 = CARTESIAN_POINT ( 'NONE',  ( -0.4000000000000001887, 0.3544119062935203179, -6.200000000000001954 ) ) ;
#4118 = FACE_OUTER_BOUND ( 'NONE', #1550, .T. ) ;
#4119 = PLANE ( 'NONE',  #7673 ) ;
#4120 = EDGE_CURVE ( 'NONE', #10100, #10584, #2675, .T. ) ;
#4121 = LINE ( 'NONE', #8854, #4063 ) ;
#4122 = ORIENTED_EDGE ( 'NONE', *, *, #4570, .T. ) ;
#4123 = FACE_OUTER_BOUND ( 'NONE', #3985, .T. ) ;
#4124 = ADVANCED_FACE ( 'NONE', ( #6468 ), #4850, .T. ) ;
#4125 = CARTESIAN_POINT ( 'NONE',  ( 3.299999999999999822, 0.8000000000000001554, -6.750000000000001776 ) ) ;
#4126 = VERTEX_POINT ( 'NONE', #9837 ) ;
#4127 =( LENGTH_UNIT ( ) NAMED_UNIT ( * ) SI_UNIT ( .MILLI., .METRE. ) );
#4128 = ORIENTED_EDGE ( 'NONE', *, *, #8889, .T. ) ;
#4129 = VERTEX_POINT ( 'NONE', #2527 ) ;
#4130 = PLANE ( 'NONE',  #1781 ) ;
#4131 = DIRECTION ( 'NONE',  ( -1.000000000000000000, 0.000000000000000000, 0.000000000000000000 ) ) ;
#4132 = DIRECTION ( 'NONE',  ( -0.000000000000000000, 1.000000000000000000, -0.000000000000000000 ) ) ;
#4133 = ORIENTED_EDGE ( 'NONE', *, *, #1858, .F. ) ;
#4134 = CARTESIAN_POINT ( 'NONE',  ( 1.700000000000000178, 3.249999999999998668, 6.349999999999997868 ) ) ;
#4135 = DIRECTION ( 'NONE',  ( -0.000000000000000000, -1.000000000000000000, -0.000000000000000000 ) ) ;
#4136 = VECTOR ( 'NONE', #51, 1000.000000000000000 ) ;
#4137 = EDGE_CURVE ( 'NONE', #6956, #4064, #6729, .T. ) ;
#4138 = EDGE_CURVE ( 'NONE', #10134, #2915, #10012, .T. ) ;
#4139 = CARTESIAN_POINT ( 'NONE',  ( -0.7999999999999999334, 3.249999999999998668, 6.349999999999997868 ) ) ;
#4140 = DIRECTION ( 'NONE',  ( 1.000000000000000000, -0.000000000000000000, -0.000000000000000000 ) ) ;
#4141 = EDGE_CURVE ( 'NONE', #2402, #951, #6566, .T. ) ;
#4142 = VERTEX_POINT ( 'NONE', #6746 ) ;
#4143 = AXIS2_PLACEMENT_3D ( 'NONE', #2518, #3451, #4219 ) ;
#4144 = ORIENTED_EDGE ( 'NONE', *, *, #5039, .T. ) ;
#4145 = ORIENTED_EDGE ( 'NONE', *, *, #4319, .F. ) ;
#4146 = PRESENTATION_STYLE_ASSIGNMENT (( #9035 ) ) ;
#4147 = DIRECTION ( 'NONE',  ( -1.000000000000000000, 0.000000000000000000, 0.000000000000000000 ) ) ;
#4148 = EDGE_CURVE ( 'NONE', #9226, #3689, #3008, .T. ) ;
#4149 = VERTEX_POINT ( 'NONE', #10594 ) ;
#4150 = PLANE ( 'NONE',  #4026 ) ;
#4151 = VECTOR ( 'NONE', #6788, 1000.000000000000000 ) ;
#4152 = ADVANCED_FACE ( 'NONE', ( #10213 ), #3118, .F. ) ;
#4153 = CIRCLE ( 'NONE', #8835, 0.1999999999999996503 ) ;
#4154 = CARTESIAN_POINT ( 'NONE',  ( 5.908508773426603966, -0.9841458618106281309, 1.000000000000000000 ) ) ;
#4155 = CARTESIAN_POINT ( 'NONE',  ( 2.900000000000000355, 0.8000000000000001554, -6.800000000000001599 ) ) ;
#4156 = AXIS2_PLACEMENT_3D ( 'NONE', #7435, #6303, #7940 ) ;
#4157 =( LENGTH_UNIT ( ) NAMED_UNIT ( * ) SI_UNIT ( .MILLI., .METRE. ) );
#4158 = CARTESIAN_POINT ( 'NONE',  ( -2.100000000000000089, 0.3544119062935215392, -7.050000000000001599 ) ) ;
#4159 = DIRECTION ( 'NONE',  ( 0.000000000000000000, 0.000000000000000000, 1.000000000000000000 ) ) ;
#4160 = CARTESIAN_POINT ( 'NONE',  ( 6.399999999999998579, -2.034757436496875016, -1.000000000000000000 ) ) ;
#4161 = ORIENTED_EDGE ( 'NONE', *, *, #5119, .F. ) ;
#4162 = ORIENTED_EDGE ( 'NONE', *, *, #837, .T. ) ;
#4163 = ORIENTED_EDGE ( 'NONE', *, *, #10487, .T. ) ;
#4164 = ORIENTED_EDGE ( 'NONE', *, *, #4378, .F. ) ;
#4165 = EDGE_CURVE ( 'NONE', #3662, #6083, #9990, .T. ) ;
#4166 = AXIS2_PLACEMENT_3D ( 'NONE', #8372, #8561, #6223 ) ;
#4167 = EDGE_LOOP ( 'NONE', ( #9568, #5887, #8227, #5804, #2958, #9776, #10144, #2450 ) ) ;
#4168 = VECTOR ( 'NONE', #8514, 1000.000000000000000 ) ;
#4169 = LINE ( 'NONE', #1493, #502 ) ;
#4170 = CARTESIAN_POINT ( 'NONE',  ( 2.500000000000000000, -2.299999999999998046, -7.200000000000001066 ) ) ;
#4171 = DIRECTION ( 'NONE',  ( 1.000000000000000000, 0.000000000000000000, -0.000000000000000000 ) ) ;
#4172 = AXIS2_PLACEMENT_3D ( 'NONE', #9502, #7131, #7065 ) ;
#4173 = ADVANCED_FACE ( 'NONE', ( #3056 ), #7034, .T. ) ;
#4174 = DIRECTION ( 'NONE',  ( 0.8191520442889909104, 0.5735764363510472696, 0.000000000000000000 ) ) ;
#4175 = DIRECTION ( 'NONE',  ( 0.000000000000000000, -1.000000000000000000, -4.430117370400858162E-17 ) ) ;
#4176 = DIRECTION ( 'NONE',  ( 0.9396926207859082059, -0.3420201433256695456, 0.000000000000000000 ) ) ;
#4177 = CARTESIAN_POINT ( 'NONE',  ( 2.900000000000000355, -3.099999999999997424, -6.800000000000002487 ) ) ;
#4178 = DIRECTION ( 'NONE',  ( 0.000000000000000000, -1.000000000000000000, 0.000000000000000000 ) ) ;
#4179 = EDGE_LOOP ( 'NONE', ( #1369, #9494, #4950, #2956 ) ) ;
#4180 = ORIENTED_EDGE ( 'NONE', *, *, #6984, .T. ) ;
#4181 = ORIENTED_EDGE ( 'NONE', *, *, #8893, .F. ) ;
#4182 = ORIENTED_EDGE ( 'NONE', *, *, #9370, .T. ) ;
#4183 = CIRCLE ( 'NONE', #2543, 0.2999999999999999334 ) ;
#4184 = VERTEX_POINT ( 'NONE', #4607 ) ;
#4185 = CARTESIAN_POINT ( 'NONE',  ( 0.000000000000000000, 15.00000000000000000, 0.000000000000000000 ) ) ;
#4186 = CARTESIAN_POINT ( 'NONE',  ( 5.499999999999996447, 5.500000000000000888, -6.500000000000000888 ) ) ;
#4187 = EDGE_CURVE ( 'NONE', #644, #2896, #3267, .T. ) ;
#4188 = DIRECTION ( 'NONE',  ( 0.000000000000000000, -1.000000000000000000, 0.000000000000000000 ) ) ;
#4189 = EDGE_CURVE ( 'NONE', #3274, #293, #6528, .T. ) ;
#4190 = FACE_OUTER_BOUND ( 'NONE', #1754, .T. ) ;
#4191 = PRESENTATION_LAYER_ASSIGNMENT (  '', '', ( #2194 ) ) ;
#4192 = CARTESIAN_POINT ( 'NONE',  ( 6.200000000000000178, 0.6000000000000006439, 4.500000000000000888 ) ) ;
#4193 = ORIENTED_EDGE ( 'NONE', *, *, #6769, .T. ) ;
#4194 = ORIENTED_EDGE ( 'NONE', *, *, #9571, .F. ) ;
#4195 = ORIENTED_EDGE ( 'NONE', *, *, #7912, .T. ) ;
#4196 = CARTESIAN_POINT ( 'NONE',  ( -0.05000000000000012768, -2.299999999999999822, 7.549999999999998046 ) ) ;
#4197 = EDGE_LOOP ( 'NONE', ( #4578, #8335, #3361, #1983 ) ) ;
#4198 = CARTESIAN_POINT ( 'NONE',  ( -5.799999999999998934, 5.650000000000002132, -2.999999999999998224 ) ) ;
#4199 = DIRECTION ( 'NONE',  ( -0.000000000000000000, 8.673617379883880855E-15, 1.000000000000000000 ) ) ;
#4200 = ORIENTED_EDGE ( 'NONE', *, *, #487, .T. ) ;
#4201 = DIRECTION ( 'NONE',  ( 1.000000000000000000, 0.000000000000000000, 0.000000000000000000 ) ) ;
#4202 = LINE ( 'NONE', #3504, #483 ) ;
#4203 = VECTOR ( 'NONE', #6220, 1000.000000000000000 ) ;
#4204 = EDGE_CURVE ( 'NONE', #4967, #3915, #10090, .T. ) ;
#4205 = CARTESIAN_POINT ( 'NONE',  ( 0.05000000000000100198, 0.7000000000000000666, 7.549999999999998046 ) ) ;
#4206 = LINE ( 'NONE', #10158, #7804 ) ;
#4207 = EDGE_CURVE ( 'NONE', #6801, #9599, #10115, .T. ) ;
#4208 = CARTESIAN_POINT ( 'NONE',  ( 4.549999999999997158, 1.000000000000000000, -5.850000000000000533 ) ) ;
#4209 = CARTESIAN_POINT ( 'NONE',  ( -5.799999999999996270, 1.000000000000000000, 5.000000000000000888 ) ) ;
#4210 = AXIS2_PLACEMENT_3D ( 'NONE', #3848, #10534, #5555 ) ;
#4211 = VERTEX_POINT ( 'NONE', #4678 ) ;
#4212 = VERTEX_POINT ( 'NONE', #675 ) ;
#4213 = EDGE_LOOP ( 'NONE', ( #4194, #9689 ) ) ;
#4214 = ORIENTED_EDGE ( 'NONE', *, *, #2997, .F. ) ;
#4215 = DIRECTION ( 'NONE',  ( 0.000000000000000000, 0.000000000000000000, 1.000000000000000000 ) ) ;
#4216 = VERTEX_POINT ( 'NONE', #7990 ) ;
#4217 = LINE ( 'NONE', #4155, #4098 ) ;
#4218 = FACE_OUTER_BOUND ( 'NONE', #10223, .T. ) ;
#4219 = DIRECTION ( 'NONE',  ( 0.000000000000000000, -0.000000000000000000, -1.000000000000000000 ) ) ;
#4220 = CARTESIAN_POINT ( 'NONE',  ( -2.499999999999999556, 0.6999999999999998446, 7.549999999999999822 ) ) ;
#4221 = DIRECTION ( 'NONE',  ( 0.000000000000000000, -1.000000000000000000, 0.000000000000000000 ) ) ;
#4222 = CARTESIAN_POINT ( 'NONE',  ( -2.100000000000000089, 0.3544119062935214837, -6.800000000000001599 ) ) ;
#4223 = FACE_OUTER_BOUND ( 'NONE', #4197, .T. ) ;
#4224 = CARTESIAN_POINT ( 'NONE',  ( 6.563830408857795895, -1.920042149226665718, 1.000000000000000000 ) ) ;
#4225 = EDGE_CURVE ( 'NONE', #2693, #8212, #3226, .T. ) ;
#4226 = CARTESIAN_POINT ( 'NONE',  ( 5.799999999999996270, 0.5000000000000002220, 3.000000000000000000 ) ) ;
#4227 = DIRECTION ( 'NONE',  ( 0.000000000000000000, -1.000000000000000000, -0.000000000000000000 ) ) ;
#4228 = CARTESIAN_POINT ( 'NONE',  ( -1.734723475976807094E-15, 0.000000000000000000, -5.850000000000000533 ) ) ;
#4229 = CARTESIAN_POINT ( 'NONE',  ( -2.900000000000000355, -3.099999999999998757, 7.299999999999998934 ) ) ;
#4230 = ORIENTED_EDGE ( 'NONE', *, *, #5663, .T. ) ;
#4231 = EDGE_CURVE ( 'NONE', #6417, #6098, #10357, .T. ) ;
#4232 = EDGE_LOOP ( 'NONE', ( #1069, #2409, #3039, #2682 ) ) ;
#4233 = DIRECTION ( 'NONE',  ( 0.000000000000000000, 0.000000000000000000, 1.000000000000000000 ) ) ;
#4234 = ORIENTED_EDGE ( 'NONE', *, *, #222, .F. ) ;
#4235 = VERTEX_POINT ( 'NONE', #2348 ) ;
#4236 = VECTOR ( 'NONE', #7896, 1000.000000000000000 ) ;
#4237 = ADVANCED_FACE ( 'NONE', ( #6771 ), #10325, .T. ) ;
#4238 = DIRECTION ( 'NONE',  ( 0.8191520442889909104, -0.5735764363510473807, 0.000000000000000000 ) ) ;
#4239 = CARTESIAN_POINT ( 'NONE',  ( 1.734723475976807094E-15, 0.000000000000000000, -5.850000000000000533 ) ) ;
#4240 = VECTOR ( 'NONE', #281, 1000.000000000000000 ) ;
#4241 = DIRECTION ( 'NONE',  ( 0.000000000000000000, -0.000000000000000000, 1.000000000000000000 ) ) ;
#4242 = CARTESIAN_POINT ( 'NONE',  ( 3.299999999999999822, 0.8000000000000001554, -7.050000000000001599 ) ) ;
#4243 = PLANE ( 'NONE',  #4748 ) ;
#4244 = CARTESIAN_POINT ( 'NONE',  ( -3.299999999999999822, 2.949999999999998401, 7.549999999999999822 ) ) ;
#4245 = VERTEX_POINT ( 'NONE', #6459 ) ;
#4246 = VECTOR ( 'NONE', #6492, 1000.000000000000000 ) ;
#4247 = ORIENTED_EDGE ( 'NONE', *, *, #4148, .T. ) ;
#4248 = ORIENTED_EDGE ( 'NONE', *, *, #892, .T. ) ;
#4249 = DIRECTION ( 'NONE',  ( 0.000000000000000000, -0.000000000000000000, -1.000000000000000000 ) ) ;
#4250 = AXIS2_PLACEMENT_3D ( 'NONE', #1748, #7743, #2624 ) ;
#4251 = VERTEX_POINT ( 'NONE', #1227 ) ;
#4252 = CARTESIAN_POINT ( 'NONE',  ( 0.8000000000000001554, 0.7999999999999983791, 7.299999999999998934 ) ) ;
#4253 = CARTESIAN_POINT ( 'NONE',  ( -6.399999999999998579, -2.034757436496875016, 1.000000000000000000 ) ) ;
#4254 = FACE_OUTER_BOUND ( 'NONE', #2386, .T. ) ;
#4255 = CARTESIAN_POINT ( 'NONE',  ( 3.880824640740575759, 0.09999999999999990841, -4.499999999999997335 ) ) ;
#4256 = EDGE_CURVE ( 'NONE', #9599, #3000, #6789, .T. ) ;
#4257 = ADVANCED_FACE ( 'NONE', ( #6488 ), #3698, .F. ) ;
#4258 = DIRECTION ( 'NONE',  ( 0.000000000000000000, -1.000000000000000000, 0.000000000000000000 ) ) ;
#4259 = ORIENTED_EDGE ( 'NONE', *, *, #160, .T. ) ;
#4260 = CIRCLE ( 'NONE', #6269, 0.2000000000000000944 ) ;
#4261 = ORIENTED_EDGE ( 'NONE', *, *, #786, .T. ) ;
#4262 = DIRECTION ( 'NONE',  ( 0.000000000000000000, 0.000000000000000000, -1.000000000000000000 ) ) ;
#4263 = EDGE_CURVE ( 'NONE', #6465, #3896, #10072, .T. ) ;
#4264 = ORIENTED_EDGE ( 'NONE', *, *, #10049, .T. ) ;
#4265 = FACE_OUTER_BOUND ( 'NONE', #9290, .T. ) ;
#4266 = CARTESIAN_POINT ( 'NONE',  ( 5.799999999999998046, 0.5000000000000004441, -2.999999999999999112 ) ) ;
#4267 = VERTEX_POINT ( 'NONE', #456 ) ;
#4268 = PLANE ( 'NONE',  #8824 ) ;
#4269 = EDGE_CURVE ( 'NONE', #5307, #4516, #6709, .T. ) ;
#4270 = VECTOR ( 'NONE', #177, 1000.000000000000000 ) ;
#4271 = CIRCLE ( 'NONE', #8449, 0.4000000000000001887 ) ;
#4272 = DIRECTION ( 'NONE',  ( 3.614007241618348278E-16, 1.000000000000000000, 4.430117370400858162E-17 ) ) ;
#4273 = AXIS2_PLACEMENT_3D ( 'NONE', #2812, #4942, #3653 ) ;
#4274 = AXIS2_PLACEMENT_3D ( 'NONE', #10486, #7237, #3997 ) ;
#4275 = LINE ( 'NONE', #10078, #8024 ) ;
#4276 = CARTESIAN_POINT ( 'NONE',  ( 3.299999999999999822, 0.8000000000000001554, -7.050000000000001599 ) ) ;
#4277 = CARTESIAN_POINT ( 'NONE',  ( -6.399999999999998579, -2.034757436496875016, 1.000000000000000000 ) ) ;
#4278 = EDGE_CURVE ( 'NONE', #6312, #746, #3075, .T. ) ;
#4279 = ORIENTED_EDGE ( 'NONE', *, *, #239, .T. ) ;
#4280 = LINE ( 'NONE', #1984, #7582 ) ;
#4281 = ORIENTED_EDGE ( 'NONE', *, *, #6902, .T. ) ;
#4282 = AXIS2_PLACEMENT_3D ( 'NONE', #6019, #357, #6251 ) ;
#4283 = VERTEX_POINT ( 'NONE', #6283 ) ;
#4284 = DIRECTION ( 'NONE',  ( -0.000000000000000000, -0.000000000000000000, -1.000000000000000000 ) ) ;
#4285 = EDGE_LOOP ( 'NONE', ( #8973, #6080, #964, #4484 ) ) ;
#4286 = CARTESIAN_POINT ( 'NONE',  ( 5.049999999999997158, 9.735735021710614441E-14, 4.500000000000001776 ) ) ;
#4287 = VECTOR ( 'NONE', #6737, 1000.000000000000000 ) ;
#4288 = FACE_OUTER_BOUND ( 'NONE', #3411, .T. ) ;
#4289 = DIRECTION ( 'NONE',  ( 0.000000000000000000, 1.000000000000000000, 4.430117370400858162E-17 ) ) ;
#4290 = DIRECTION ( 'NONE',  ( -0.3420201433256695456, 0.9396926207859082059, 4.162948602181157199E-17 ) ) ;
#4291 = CARTESIAN_POINT ( 'NONE',  ( 2.550000000000000266, -2.299999999999998046, -7.050000000000000711 ) ) ;
#4292 = CIRCLE ( 'NONE', #1422, 1.000000000000000000 ) ;
#4293 = DIRECTION ( 'NONE',  ( 0.000000000000000000, 0.000000000000000000, -1.000000000000000000 ) ) ;
#4294 = MANIFOLD_SOLID_BREP ( 'LPattern2', #924 ) ;
#4295 = CARTESIAN_POINT ( 'NONE',  ( 0.000000000000000000, 15.00000000000000000, -2.500000000000000444 ) ) ;
#4296 = EDGE_CURVE ( 'NONE', #3061, #10332, #3096, .T. ) ;
#4297 = DIRECTION ( 'NONE',  ( 0.000000000000000000, 1.000000000000000000, 0.000000000000000000 ) ) ;
#4298 = CARTESIAN_POINT ( 'NONE',  ( 1.700000000000000178, 0.7999999999999982681, 7.549999999999999822 ) ) ;
#4299 = ORIENTED_EDGE ( 'NONE', *, *, #8688, .T. ) ;
#4300 = VECTOR ( 'NONE', #9877, 1000.000000000000000 ) ;
#4301 = DIRECTION ( 'NONE',  ( 0.000000000000000000, 1.000000000000000000, 0.000000000000000000 ) ) ;
#4302 = VERTEX_POINT ( 'NONE', #84 ) ;
#4303 = AXIS2_PLACEMENT_3D ( 'NONE', #4434, #5210, #3788 ) ;
#4304 = ORIENTED_EDGE ( 'NONE', *, *, #9582, .T. ) ;
#4305 = LINE ( 'NONE', #4643, #4236 ) ;
#4306 = VERTEX_POINT ( 'NONE', #2641 ) ;
#4307 = FACE_OUTER_BOUND ( 'NONE', #3471, .T. ) ;
#4308 = DIRECTION ( 'NONE',  ( -0.000000000000000000, -0.000000000000000000, -1.000000000000000000 ) ) ;
#4309 = DIRECTION ( 'NONE',  ( 0.000000000000000000, 0.000000000000000000, -1.000000000000000000 ) ) ;
#4310 = DIRECTION ( 'NONE',  ( -1.000000000000000000, 0.000000000000000000, 0.000000000000000000 ) ) ;
#4311 = PLANE ( 'NONE',  #1478 ) ;
#4312 = EDGE_CURVE ( 'NONE', #1295, #554, #6666, .T. ) ;
#4313 = DIRECTION ( 'NONE',  ( 0.000000000000000000, -0.000000000000000000, -1.000000000000000000 ) ) ;
#4314 = DIRECTION ( 'NONE',  ( -0.000000000000000000, 4.430117370400858162E-17, -1.000000000000000000 ) ) ;
#4315 = DIRECTION ( 'NONE',  ( 0.000000000000000000, 1.000000000000000000, 0.000000000000000000 ) ) ;
#4316 = EDGE_LOOP ( 'NONE', ( #9230, #5690, #5441, #3601 ) ) ;
#4317 = LINE ( 'NONE', #9730, #7853 ) ;
#4318 = ORIENTED_EDGE ( 'NONE', *, *, #6343, .T. ) ;
#4319 = EDGE_CURVE ( 'NONE', #1907, #10351, #3192, .T. ) ;
#4320 = DIRECTION ( 'NONE',  ( 0.9396926207859082059, -0.3420201433256695456, -8.414147190578587988E-17 ) ) ;
#4321 = ORIENTED_EDGE ( 'NONE', *, *, #7088, .T. ) ;
#4322 = DIRECTION ( 'NONE',  ( 0.000000000000000000, 0.000000000000000000, 1.000000000000000000 ) ) ;
#4323 = FACE_OUTER_BOUND ( 'NONE', #2198, .T. ) ;
#4324 = CARTESIAN_POINT ( 'NONE',  ( 5.750000000000000000, 6.100000000000000533, 6.700000000000000178 ) ) ;
#4325 = DIRECTION ( 'NONE',  ( 1.000000000000000000, -0.000000000000000000, -0.000000000000000000 ) ) ;
#4326 = CARTESIAN_POINT ( 'NONE',  ( -5.699999999999998401, 0.6000000000000007550, 5.250000000000000000 ) ) ;
#4327 = VECTOR ( 'NONE', #6497, 1000.000000000000000 ) ;
#4328 = AXIS2_PLACEMENT_3D ( 'NONE', #7095, #5265, #6966 ) ;
#4329 = CARTESIAN_POINT ( 'NONE',  ( -5.499999999999996447, 0.000000000000000000, 6.400000000000000355 ) ) ;
#4330 = ADVANCED_FACE ( 'NONE', ( #2986 ), #4119, .T. ) ;
#4331 = CARTESIAN_POINT ( 'NONE',  ( 5.799999999999996270, 0.5000000000000002220, -4.499999999999997335 ) ) ;
#4332 = CARTESIAN_POINT ( 'NONE',  ( -2.598076211353316900, 14.49999999999999645, 1.499999999999999112 ) ) ;
#4333 = ORIENTED_EDGE ( 'NONE', *, *, #4721, .F. ) ;
#4334 = VECTOR ( 'NONE', #7892, 1000.000000000000000 ) ;
#4335 = ORIENTED_EDGE ( 'NONE', *, *, #9187, .T. ) ;
#4336 = DIRECTION ( 'NONE',  ( 0.000000000000000000, -1.000000000000000000, -2.460132057943349518E-16 ) ) ;
#4337 = VERTEX_POINT ( 'NONE', #7548 ) ;
#4338 = DIRECTION ( 'NONE',  ( -0.000000000000000000, -0.000000000000000000, 1.000000000000000000 ) ) ;
#4339 = LINE ( 'NONE', #4889, #859 ) ;
#4340 = FACE_OUTER_BOUND ( 'NONE', #2990, .T. ) ;
#4341 = COLOUR_RGB ( '',0.7921568627450980005, 0.8196078431372548767, 0.9333333333333333481 ) ;
#4342 = AXIS2_PLACEMENT_3D ( 'NONE', #1549, #994, #5776 ) ;
#4343 = ADVANCED_FACE ( 'NONE', ( #6607 ), #3208, .T. ) ;
#4344 = CARTESIAN_POINT ( 'NONE',  ( 2.550000000000000266, -2.299999999999998046, -7.050000000000000711 ) ) ;
#4345 = CARTESIAN_POINT ( 'NONE',  ( 6.999999999999997335, -2.034757436496875016, -1.000000000000000000 ) ) ;
#4346 = ORIENTED_EDGE ( 'NONE', *, *, #6938, .F. ) ;
#4347 = CIRCLE ( 'NONE', #7580, 3.000000000000000444 ) ;
#4348 = ORIENTED_EDGE ( 'NONE', *, *, #4838, .T. ) ;
#4349 = EDGE_LOOP ( 'NONE', ( #6739, #10105, #6102, #5941 ) ) ;
#4350 = LINE ( 'NONE', #4198, #4410 ) ;
#4351 = DIRECTION ( 'NONE',  ( 1.535153518563545837E-16, -1.000000000000000000, 0.000000000000000000 ) ) ;
#4352 = VECTOR ( 'NONE', #7915, 1000.000000000000000 ) ;
#4353 = VERTEX_POINT ( 'NONE', #7425 ) ;
#4354 = EDGE_CURVE ( 'NONE', #4516, #8529, #2900, .T. ) ;
#4355 = DIRECTION ( 'NONE',  ( -0.5735764363510463815, -0.8191520442889915765, 0.000000000000000000 ) ) ;
#4356 = CARTESIAN_POINT ( 'NONE',  ( -5.450000000000000178, 6.100000000000000533, 6.400000000000000355 ) ) ;
#4357 = DIRECTION ( 'NONE',  ( 0.000000000000000000, -1.000000000000000000, 0.000000000000000000 ) ) ;
#4358 = DIRECTION ( 'NONE',  ( -1.000000000000000000, 0.000000000000000000, -0.000000000000000000 ) ) ;
#4359 = AXIS2_PLACEMENT_3D ( 'NONE', #1414, #9781, #9614 ) ;
#4360 = CARTESIAN_POINT ( 'NONE',  ( 0.000000000000000000, 2.100000000000000089, 1.599999999999999867 ) ) ;
#4361 = PLANE ( 'NONE',  #1293 ) ;
#4362 = CARTESIAN_POINT ( 'NONE',  ( 3.880824640740575759, 0.5000000000000004441, -4.499999999999997335 ) ) ;
#4363 = ORIENTED_EDGE ( 'NONE', *, *, #3819, .T. ) ;
#4364 = SURFACE_STYLE_USAGE ( .BOTH. , #5199 ) ;
#4365 = VECTOR ( 'NONE', #10419, 999.9999999999998863 ) ;
#4366 = EDGE_LOOP ( 'NONE', ( #7721, #6695, #482, #8602 ) ) ;
#4367 = ORIENTED_EDGE ( 'NONE', *, *, #3408, .F. ) ;
#4368 = VECTOR ( 'NONE', #10120, 1000.000000000000000 ) ;
#4369 = CIRCLE ( 'NONE', #7629, 0.2000000000000005107 ) ;
#4370 = ORIENTED_EDGE ( 'NONE', *, *, #5883, .T. ) ;
#4371 = EDGE_CURVE ( 'NONE', #4126, #8586, #2943, .T. ) ;
#4372 = DIRECTION ( 'NONE',  ( 0.000000000000000000, 0.000000000000000000, -1.000000000000000000 ) ) ;
#4373 = CARTESIAN_POINT ( 'NONE',  ( -5.599999999999996092, 5.700000000000000178, 6.400000000000000355 ) ) ;
#4374 = MECHANICAL_DESIGN_GEOMETRIC_PRESENTATION_REPRESENTATION (  '', ( #2414 ), #6732 ) ;
#4375 = CARTESIAN_POINT ( 'NONE',  ( 6.999999999999997335, -2.034757436496875016, 1.000000000000000000 ) ) ;
#4376 = DIRECTION ( 'NONE',  ( -0.000000000000000000, -1.000000000000000000, 0.000000000000000000 ) ) ;
#4377 = DIRECTION ( 'NONE',  ( -0.000000000000000000, 2.017120320903263702E-16, -1.000000000000000000 ) ) ;
#4378 = EDGE_CURVE ( 'NONE', #2471, #392, #6507, .T. ) ;
#4379 = EDGE_LOOP ( 'NONE', ( #606, #1145, #9195, #1671 ) ) ;
#4380 = VECTOR ( 'NONE', #2292, 1000.000000000000000 ) ;
#4381 = ADVANCED_FACE ( 'NONE', ( #10050 ), #6698, .T. ) ;
#4382 = ORIENTED_EDGE ( 'NONE', *, *, #9727, .T. ) ;
#4383 = CARTESIAN_POINT ( 'NONE',  ( 3.880824640740575315, 2.935823076413500043, 3.000000000000000000 ) ) ;
#4384 = EDGE_CURVE ( 'NONE', #2994, #8204, #6546, .T. ) ;
#4385 = LINE ( 'NONE', #5369, #797 ) ;
#4386 = DIRECTION ( 'NONE',  ( 0.000000000000000000, 0.000000000000000000, -1.000000000000000000 ) ) ;
#4387 = CARTESIAN_POINT ( 'NONE',  ( 0.2000000000000013989, 0.6999999999999992895, 7.549999999999999822 ) ) ;
#4388 = LINE ( 'NONE', #8827, #4412 ) ;
#4389 = VERTEX_POINT ( 'NONE', #6619 ) ;
#4390 = CARTESIAN_POINT ( 'NONE',  ( 3.880824640740575315, 2.935823076413500043, 4.500000000000000888 ) ) ;
#4391 = CARTESIAN_POINT ( 'NONE',  ( 0.8000000000000001554, 2.949999999999998845, 7.299999999999998934 ) ) ;
#4392 = DIRECTION ( 'NONE',  ( -0.8191520442889909104, -0.5735764363510473807, 0.000000000000000000 ) ) ;
#4393 = LINE ( 'NONE', #5297, #4380 ) ;
#4394 = ORIENTED_EDGE ( 'NONE', *, *, #1751, .F. ) ;
#4395 = AXIS2_PLACEMENT_3D ( 'NONE', #2089, #8758, #4597 ) ;
#4396 = AXIS2_PLACEMENT_3D ( 'NONE', #1241, #1101, #3646 ) ;
#4397 = DIRECTION ( 'NONE',  ( 0.000000000000000000, 1.000000000000000000, 2.460132057943349518E-16 ) ) ;
#4398 = DIRECTION ( 'NONE',  ( 1.000000000000000000, 0.000000000000000000, 0.000000000000000000 ) ) ;
#4399 = VECTOR ( 'NONE', #4999, 1000.000000000000000 ) ;
#4400 = EDGE_CURVE ( 'NONE', #7177, #10123, #6946, .T. ) ;
#4401 = ADVANCED_FACE ( 'NONE', ( #6931 ), #7159, .T. ) ;
#4402 = DIRECTION ( 'NONE',  ( 0.000000000000000000, 0.000000000000000000, 1.000000000000000000 ) ) ;
#4403 = AXIS2_PLACEMENT_3D ( 'NONE', #9432, #6017, #6934 ) ;
#4404 = DIRECTION ( 'NONE',  ( -1.000000000000000000, 0.000000000000000000, 0.000000000000000000 ) ) ;
#4405 = DIRECTION ( 'NONE',  ( 0.000000000000000000, 0.000000000000000000, -1.000000000000000000 ) ) ;
#4406 = DIRECTION ( 'NONE',  ( 0.000000000000000000, 0.000000000000000000, -1.000000000000000000 ) ) ;
#4407 = VECTOR ( 'NONE', #8056, 1000.000000000000000 ) ;
#4408 = VERTEX_POINT ( 'NONE', #8378 ) ;
#4409 = VERTEX_POINT ( 'NONE', #9951 ) ;
#4410 = VECTOR ( 'NONE', #2572, 1000.000000000000000 ) ;
#4411 = EDGE_CURVE ( 'NONE', #1685, #2597, #10612, .T. ) ;
#4412 = VECTOR ( 'NONE', #9682, 1000.000000000000000 ) ;
#4413 = PLANE ( 'NONE',  #1620 ) ;
#4414 = DIRECTION ( 'NONE',  ( 0.5735764363510463815, -0.8191520442889915765, 0.000000000000000000 ) ) ;
#4415 = EDGE_CURVE ( 'NONE', #10571, #2099, #10414, .T. ) ;
#4416 = CARTESIAN_POINT ( 'NONE',  ( 5.450000000000000178, 6.100000000000000533, 6.400000000000000355 ) ) ;
#4417 = CARTESIAN_POINT ( 'NONE',  ( 3.299999999999999822, 2.949999999999998401, 7.549999999999999822 ) ) ;
#4418 = CARTESIAN_POINT ( 'NONE',  ( 5.750000000000000000, 5.700000000000000178, -6.700000000000000178 ) ) ;
#4419 = AXIS2_PLACEMENT_3D ( 'NONE', #4185, #4940, #4741 ) ;
#4420 = DIRECTION ( 'NONE',  ( 0.000000000000000000, 0.000000000000000000, 1.000000000000000000 ) ) ;
#4421 = DIRECTION ( 'NONE',  ( 0.000000000000000000, 1.000000000000000000, 4.430117370400858162E-17 ) ) ;
#4422 = CARTESIAN_POINT ( 'NONE',  ( 2.550000000000001155, 0.1000000000000017542, -7.200000000000000178 ) ) ;
#4423 = CYLINDRICAL_SURFACE ( 'NONE', #146, 0.4000000000000001887 ) ;
#4424 = ORIENTED_EDGE ( 'NONE', *, *, #9229, .F. ) ;
#4425 = ORIENTED_EDGE ( 'NONE', *, *, #7077, .F. ) ;
#4426 = VECTOR ( 'NONE', #1560, 1000.000000000000000 ) ;
#4427 = VECTOR ( 'NONE', #5768, 1000.000000000000000 ) ;
#4428 = ORIENTED_EDGE ( 'NONE', *, *, #905, .T. ) ;
#4429 = EDGE_CURVE ( 'NONE', #2116, #6833, #3481, .T. ) ;
#4430 = CARTESIAN_POINT ( 'NONE',  ( 0.000000000000000000, 9.999999999999998224, 0.000000000000000000 ) ) ;
#4431 = CARTESIAN_POINT ( 'NONE',  ( -1.699999999999999956, 0.8000000000000001554, -6.750000000000001776 ) ) ;
#4432 = EDGE_CURVE ( 'NONE', #8481, #5926, #10597, .T. ) ;
#4433 = DIRECTION ( 'NONE',  ( -1.000000000000000000, 0.000000000000000000, 0.000000000000000000 ) ) ;
#4434 = CARTESIAN_POINT ( 'NONE',  ( -1.699999999999999956, 0.8000000000000001554, -6.750000000000001776 ) ) ;
#4435 = CIRCLE ( 'NONE', #1178, 0.2999999999999999334 ) ;
#4436 = CARTESIAN_POINT ( 'NONE',  ( 5.799999999999996270, 0.000000000000000000, 6.700000000000000178 ) ) ;
#4437 = DIRECTION ( 'NONE',  ( 0.000000000000000000, 1.000000000000000000, 0.000000000000000000 ) ) ;
#4438 = AXIS2_PLACEMENT_3D ( 'NONE', #4654, #9585, #651 ) ;
#4439 = CARTESIAN_POINT ( 'NONE',  ( -5.799999999999996270, 0.1000000000000001721, -2.000000000000000000 ) ) ;
#4440 = VECTOR ( 'NONE', #3664, 999.9999999999998863 ) ;
#4441 = ORIENTED_EDGE ( 'NONE', *, *, #3560, .T. ) ;
#4442 = ORIENTED_EDGE ( 'NONE', *, *, #1127, .F. ) ;
#4443 = DIRECTION ( 'NONE',  ( 0.000000000000000000, 0.000000000000000000, 1.000000000000000000 ) ) ;
#4444 = VERTEX_POINT ( 'NONE', #4255 ) ;
#4445 = CARTESIAN_POINT ( 'NONE',  ( -4.250000000000000000, 6.700000000000000178, -5.099999999999999645 ) ) ;
#4446 = CARTESIAN_POINT ( 'NONE',  ( 0.000000000000000000, 15.00000000000000000, 0.000000000000000000 ) ) ;
#4447 = VECTOR ( 'NONE', #210, 1000.000000000000000 ) ;
#4448 = CARTESIAN_POINT ( 'NONE',  ( -5.799999999999996270, 0.1000000000000001721, -2.000000000000000000 ) ) ;
#4449 = PLANE ( 'NONE',  #5505 ) ;
#4450 = EDGE_CURVE ( 'NONE', #8868, #9323, #7111, .T. ) ;
#4451 = CIRCLE ( 'NONE', #1199, 0.1999999999999996503 ) ;
#4452 = CARTESIAN_POINT ( 'NONE',  ( 2.500000000000000000, -2.350000000000000089, 7.699999999999997513 ) ) ;
#4453 = FACE_OUTER_BOUND ( 'NONE', #1895, .T. ) ;
#4454 = ORIENTED_EDGE ( 'NONE', *, *, #8663, .T. ) ;
#4455 = AXIS2_PLACEMENT_3D ( 'NONE', #8987, #7350, #2253 ) ;
#4456 = ADVANCED_FACE ( 'NONE', ( #7094 ), #6893, .T. ) ;
#4457 = ORIENTED_EDGE ( 'NONE', *, *, #5051, .T. ) ;
#4458 = CARTESIAN_POINT ( 'NONE',  ( -0.05000000000000012768, -2.299999999999999822, 7.699999999999997513 ) ) ;
#4459 = CARTESIAN_POINT ( 'NONE',  ( 5.499999999999996447, 5.500000000000000888, 6.400000000000000355 ) ) ;
#4460 = FACE_OUTER_BOUND ( 'NONE', #5743, .T. ) ;
#4461 = PLANE ( 'NONE',  #9036 ) ;
#4462 = PLANE ( 'NONE',  #6072 ) ;
#4463 = CARTESIAN_POINT ( 'NONE',  ( -5.450000000000000178, 5.700000000000000178, -6.700000000000000178 ) ) ;
#4464 = FACE_OUTER_BOUND ( 'NONE', #4366, .T. ) ;
#4465 = EDGE_CURVE ( 'NONE', #9554, #10495, #3576, .T. ) ;
#4466 = LINE ( 'NONE', #9349, #4483 ) ;
#4467 = ORIENTED_EDGE ( 'NONE', *, *, #3603, .T. ) ;
#4468 = VERTEX_POINT ( 'NONE', #3655 ) ;
#4469 = AXIS2_PLACEMENT_3D ( 'NONE', #7125, #7830, #8579 ) ;
#4470 = LINE ( 'NONE', #4886, #953 ) ;
#4471 = DIRECTION ( 'NONE',  ( -0.000000000000000000, 4.430117370400858162E-17, -1.000000000000000000 ) ) ;
#4472 = CIRCLE ( 'NONE', #9491, 0.1999999999999996503 ) ;
#4473 = ADVANCED_FACE ( 'NONE', ( #3377 ), #5288, .F. ) ;
#4474 = DIRECTION ( 'NONE',  ( 1.000000000000000000, 0.000000000000000000, 0.000000000000000000 ) ) ;
#4475 = CARTESIAN_POINT ( 'NONE',  ( -2.542012759203106320, 0.1000000000000001721, 2.000000000000000000 ) ) ;
#4476 = CARTESIAN_POINT ( 'NONE',  ( 2.598076211353316456, 14.49999999999999645, 1.499999999999999112 ) ) ;
#4477 = DIRECTION ( 'NONE',  ( -0.5735764363510473807, 0.8191520442889910214, 0.000000000000000000 ) ) ;
#4478 = FACE_OUTER_BOUND ( 'NONE', #9836, .T. ) ;
#4479 = DIRECTION ( 'NONE',  ( -0.9396926207859082059, -0.3420201433256695456, -8.414147190578587988E-17 ) ) ;
#4480 = CARTESIAN_POINT ( 'NONE',  ( 5.799999999999996270, 0.000000000000000000, 6.700000000000000178 ) ) ;
#4481 = DIRECTION ( 'NONE',  ( -1.327027319204863784E-16, -1.000000000000000000, 0.000000000000000000 ) ) ;
#4482 = DIRECTION ( 'NONE',  ( 1.000000000000000000, 0.000000000000000000, -0.000000000000000000 ) ) ;
#4483 = VECTOR ( 'NONE', #4392, 1000.000000000000114 ) ;
#4484 = ORIENTED_EDGE ( 'NONE', *, *, #1521, .F. ) ;
#4485 = DIRECTION ( 'NONE',  ( 0.000000000000000000, -0.000000000000000000, 1.000000000000000000 ) ) ;
#4486 = EDGE_CURVE ( 'NONE', #1611, #3156, #3536, .T. ) ;
#4487 = ORIENTED_EDGE ( 'NONE', *, *, #4492, .T. ) ;
#4488 = ORIENTED_EDGE ( 'NONE', *, *, #4924, .F. ) ;
#4489 = EDGE_CURVE ( 'NONE', #4468, #6691, #7030, .T. ) ;
#4490 = FACE_OUTER_BOUND ( 'NONE', #6015, .T. ) ;
#4491 = AXIS2_PLACEMENT_3D ( 'NONE', #7467, #2539, #3467 ) ;
#4492 = EDGE_CURVE ( 'NONE', #8360, #1327, #7013, .T. ) ;
#4493 = CARTESIAN_POINT ( 'NONE',  ( 5.908508773426603966, -0.9841458618106281309, 1.000000000000000000 ) ) ;
#4494 = ADVANCED_FACE ( 'NONE', ( #3562 ), #1179, .F. ) ;
#4495 = CARTESIAN_POINT ( 'NONE',  ( -5.799999999999996270, 0.1000000000000001721, -3.000000000000000000 ) ) ;
#4496 = DIRECTION ( 'NONE',  ( -1.000000000000000000, -0.000000000000000000, -0.000000000000000000 ) ) ;
#4497 = CIRCLE ( 'NONE', #2486, 0.1499999999999999667 ) ;
#4498 = DIRECTION ( 'NONE',  ( 0.000000000000000000, -0.000000000000000000, -1.000000000000000000 ) ) ;
#4499 = DIRECTION ( 'NONE',  ( -0.7071067811865489050, 0.000000000000000000, 0.7071067811865462405 ) ) ;
#4500 = CIRCLE ( 'NONE', #5859, 0.1499999999999999667 ) ;
#4501 = ORIENTED_EDGE ( 'NONE', *, *, #7437, .F. ) ;
#4502 = DIRECTION ( 'NONE',  ( -1.000000000000000000, -0.000000000000000000, -0.000000000000000000 ) ) ;
#4503 = VECTOR ( 'NONE', #6689, 1000.000000000000000 ) ;
#4504 = ORIENTED_EDGE ( 'NONE', *, *, #8344, .F. ) ;
#4505 = DIRECTION ( 'NONE',  ( 1.000000000000000000, 0.000000000000000000, 0.000000000000000000 ) ) ;
#4506 = CARTESIAN_POINT ( 'NONE',  ( -6.200000000000000178, 3.100000000000000089, -1.599999999999999867 ) ) ;
#4507 = ADVANCED_FACE ( 'NONE', ( #7062 ), #8439, .T. ) ;
#4508 = AXIS2_PLACEMENT_3D ( 'NONE', #11, #4928, #984 ) ;
#4509 = AXIS2_PLACEMENT_3D ( 'NONE', #946, #4201, #5235 ) ;
#4510 = DIRECTION ( 'NONE',  ( -0.000000000000000000, 4.430117370400858162E-17, -1.000000000000000000 ) ) ;
#4511 = LINE ( 'NONE', #622, #4722 ) ;
#4512 = DIRECTION ( 'NONE',  ( 0.000000000000000000, -1.000000000000000000, 0.000000000000000000 ) ) ;
#4513 = EDGE_CURVE ( 'NONE', #9323, #775, #10566, .T. ) ;
#4514 = VECTOR ( 'NONE', #10519, 1000.000000000000000 ) ;
#4515 = VERTEX_POINT ( 'NONE', #2974 ) ;
#4516 = VERTEX_POINT ( 'NONE', #2053 ) ;
#4517 = CARTESIAN_POINT ( 'NONE',  ( -5.450000000000000178, 5.700000000000000178, 6.400000000000000355 ) ) ;
#4518 = EDGE_LOOP ( 'NONE', ( #4832, #8343, #5766, #2418 ) ) ;
#4519 = DIRECTION ( 'NONE',  ( 0.000000000000000000, -0.000000000000000000, -1.000000000000000000 ) ) ;
#4520 = DIRECTION ( 'NONE',  ( -1.000000000000000000, 0.000000000000000000, -0.000000000000000000 ) ) ;
#4521 = DIRECTION ( 'NONE',  ( 0.000000000000000000, 0.000000000000000000, 1.000000000000000000 ) ) ;
#4522 = CARTESIAN_POINT ( 'NONE',  ( 3.880824640740575759, 0.09999999999999990841, -4.499999999999997335 ) ) ;
#4523 = LINE ( 'NONE', #3794, #4792 ) ;
#4524 = EDGE_CURVE ( 'NONE', #8695, #4212, #10539, .T. ) ;
#4525 = ORIENTED_EDGE ( 'NONE', *, *, #8730, .T. ) ;
#4526 = EDGE_CURVE ( 'NONE', #3138, #9420, #3301, .T. ) ;
#4527 = ADVANCED_FACE ( 'NONE', ( #54 ), #10195, .F. ) ;
#4528 = ORIENTED_EDGE ( 'NONE', *, *, #9133, .T. ) ;
#4529 = LINE ( 'NONE', #565, #7922 ) ;
#4530 = CARTESIAN_POINT ( 'NONE',  ( 2.299999999999999822, -2.299999999999999822, 7.549999999999999822 ) ) ;
#4531 = AXIS2_PLACEMENT_3D ( 'NONE', #6469, #8927, #9711 ) ;
#4532 = CARTESIAN_POINT ( 'NONE',  ( 5.750000000000000000, 5.700000000000000178, 6.700000000000000178 ) ) ;
#4533 = CARTESIAN_POINT ( 'NONE',  ( 3.299999999999999822, 0.8000000000000001554, -6.800000000000001599 ) ) ;
#4534 = DIRECTION ( 'NONE',  ( 0.000000000000000000, 0.000000000000000000, -1.000000000000000000 ) ) ;
#4535 = CARTESIAN_POINT ( 'NONE',  ( 1.700000000000000178, 1.099999999999998535, 6.349999999999997868 ) ) ;
#4536 = UNCERTAINTY_MEASURE_WITH_UNIT (LENGTH_MEASURE( 1.000000000000000082E-05 ), #6633, 'distance_accuracy_value', 'NONE');
#4537 = CIRCLE ( 'NONE', #9958, 0.2999999999999999334 ) ;
#4538 = CARTESIAN_POINT ( 'NONE',  ( 6.200000000000000178, 2.100000000000000089, -1.000000000000000000 ) ) ;
#4539 = CARTESIAN_POINT ( 'NONE',  ( 3.850000000000000089, 1.000000000000000000, 5.850000000000000533 ) ) ;
#4540 = DIRECTION ( 'NONE',  ( 0.000000000000000000, -0.000000000000000000, -1.000000000000000000 ) ) ;
#4541 = CARTESIAN_POINT ( 'NONE',  ( -5.049999999999997158, 0.1000000000000001721, -2.599999999999997424 ) ) ;
#4542 = EDGE_CURVE ( 'NONE', #585, #8456, #38, .T. ) ;
#4543 =( NAMED_UNIT ( * ) SI_UNIT ( $, .STERADIAN. ) SOLID_ANGLE_UNIT ( ) );
#4544 = LINE ( 'NONE', #7577, #1253 ) ;
#4545 = ORIENTED_EDGE ( 'NONE', *, *, #2040, .F. ) ;
#4546 = DIRECTION ( 'NONE',  ( 0.000000000000000000, 0.000000000000000000, -1.000000000000000000 ) ) ;
#4547 = ORIENTED_EDGE ( 'NONE', *, *, #4120, .F. ) ;
#4548 = EDGE_CURVE ( 'NONE', #5559, #1768, #3417, .T. ) ;
#4549 = ORIENTED_EDGE ( 'NONE', *, *, #8970, .F. ) ;
#4550 = EDGE_LOOP ( 'NONE', ( #5129, #1954, #3113, #4545 ) ) ;
#4551 = ADVANCED_FACE ( 'NONE', ( #3610 ), #3465, .T. ) ;
#4552 = AXIS2_PLACEMENT_3D ( 'NONE', #2730, #1912, #6145 ) ;
#4553 = DIRECTION ( 'NONE',  ( 0.000000000000000000, -1.000000000000000000, -2.460132057943349518E-16 ) ) ;
#4554 = CARTESIAN_POINT ( 'NONE',  ( -6.199999999999998401, 0.6000000000000006439, -3.000000000000000000 ) ) ;
#4555 = CARTESIAN_POINT ( 'NONE',  ( 5.799999999999998934, 5.650000000000001243, 5.250000000000000000 ) ) ;
#4556 = LINE ( 'NONE', #4208, #8100 ) ;
#4557 = DIRECTION ( 'NONE',  ( 0.000000000000000000, -1.000000000000000000, 0.000000000000000000 ) ) ;
#4558 = DIRECTION ( 'NONE',  ( 0.000000000000000000, -1.000000000000000000, -0.000000000000000000 ) ) ;
#4559 = DIRECTION ( 'NONE',  ( 0.000000000000000000, 0.000000000000000000, -1.000000000000000000 ) ) ;
#4560 = FACE_OUTER_BOUND ( 'NONE', #9712, .T. ) ;
#4561 = ORIENTED_EDGE ( 'NONE', *, *, #8200, .F. ) ;
#4562 = ORIENTED_EDGE ( 'NONE', *, *, #8478, .F. ) ;
#4563 = EDGE_CURVE ( 'NONE', #636, #2076, #86, .T. ) ;
#4564 = DIRECTION ( 'NONE',  ( -1.000000000000000000, 1.341711765540131426E-16, -0.000000000000000000 ) ) ;
#4565 = VERTEX_POINT ( 'NONE', #851 ) ;
#4566 = CARTESIAN_POINT ( 'NONE',  ( -6.514715287270208322, -2.198587845354674108, 1.000000000000000000 ) ) ;
#4567 = VERTEX_POINT ( 'NONE', #4229 ) ;
#4568 = EDGE_CURVE ( 'NONE', #412, #1295, #10373, .T. ) ;
#4569 = CARTESIAN_POINT ( 'NONE',  ( 5.699999999999998401, 0.6000000000000007550, 4.500000000000000888 ) ) ;
#4570 = EDGE_CURVE ( 'NONE', #5230, #8496, #6965, .T. ) ;
#4571 = AXIS2_PLACEMENT_3D ( 'NONE', #991, #7620, #1761 ) ;
#4572 = ADVANCED_FACE ( 'NONE', ( #10466 ), #5050, .F. ) ;
#4573 = DIRECTION ( 'NONE',  ( 0.000000000000000000, 0.000000000000000000, 1.000000000000000000 ) ) ;
#4574 = LINE ( 'NONE', #6918, #992 ) ;
#4575 = DIRECTION ( 'NONE',  ( 1.000000000000000000, 0.000000000000000000, -0.000000000000000000 ) ) ;
#4576 = LINE ( 'NONE', #7381, #8252 ) ;
#4577 = ORIENTED_EDGE ( 'NONE', *, *, #5527, .F. ) ;
#4578 = ORIENTED_EDGE ( 'NONE', *, *, #5872, .T. ) ;
#4579 = CARTESIAN_POINT ( 'NONE',  ( 5.699999999999996625, 0.09999999999999971412, 4.500000000000000888 ) ) ;
#4580 = ORIENTED_EDGE ( 'NONE', *, *, #6151, .T. ) ;
#4581 = DIRECTION ( 'NONE',  ( 0.000000000000000000, 0.000000000000000000, -1.000000000000000000 ) ) ;
#4582 = PLANE ( 'NONE',  #2052 ) ;
#4583 = EDGE_CURVE ( 'NONE', #2896, #7224, #7047, .T. ) ;
#4584 = DIRECTION ( 'NONE',  ( 0.000000000000000000, -1.000000000000000000, 0.000000000000000000 ) ) ;
#4585 = ORIENTED_EDGE ( 'NONE', *, *, #602, .F. ) ;
#4586 = DIRECTION ( 'NONE',  ( 0.000000000000000000, -2.017120320903263702E-16, 1.000000000000000000 ) ) ;
#4587 = DIRECTION ( 'NONE',  ( -1.000000000000000000, -0.000000000000000000, -0.000000000000000000 ) ) ;
#4588 = LINE ( 'NONE', #3831, #1197 ) ;
#4589 = ORIENTED_EDGE ( 'NONE', *, *, #5787, .F. ) ;
#4590 = VECTOR ( 'NONE', #7947, 1000.000000000000000 ) ;
#4591 = DIRECTION ( 'NONE',  ( -1.000000000000000000, -1.327027319204863784E-16, 0.000000000000000000 ) ) ;
#4592 = ORIENTED_EDGE ( 'NONE', *, *, #2679, .F. ) ;
#4593 = ORIENTED_EDGE ( 'NONE', *, *, #10184, .F. ) ;
#4594 = CARTESIAN_POINT ( 'NONE',  ( 3.880824640740575759, 0.4999999999999998890, 4.500000000000000888 ) ) ;
#4595 = DIRECTION ( 'NONE',  ( 0.000000000000000000, 0.000000000000000000, 1.000000000000000000 ) ) ;
#4596 = CARTESIAN_POINT ( 'NONE',  ( 1.700000000000000178, 0.4999999999999998890, 6.700000000000000178 ) ) ;
#4597 = DIRECTION ( 'NONE',  ( 0.000000000000000000, 1.000000000000000000, 0.000000000000000000 ) ) ;
#4598 = DIRECTION ( 'NONE',  ( 0.000000000000000000, -1.000000000000000000, 0.000000000000000000 ) ) ;
#4599 = EDGE_CURVE ( 'NONE', #10008, #5116, #3322, .T. ) ;
#4600 = DIRECTION ( 'NONE',  ( 0.000000000000000000, 1.000000000000000000, 0.000000000000000000 ) ) ;
#4601 = LINE ( 'NONE', #9283, #8723 ) ;
#4602 = CARTESIAN_POINT ( 'NONE',  ( -3.299999999999999822, 0.8000000000000001554, -6.750000000000001776 ) ) ;
#4603 = EDGE_CURVE ( 'NONE', #10098, #7267, #6877, .T. ) ;
#4604 = DIRECTION ( 'NONE',  ( 0.000000000000000000, 1.000000000000000000, 4.430117370400858162E-17 ) ) ;
#4605 = CARTESIAN_POINT ( 'NONE',  ( -2.542012759203106320, 2.400000000000000355, 3.000000000000000000 ) ) ;
#4606 = CIRCLE ( 'NONE', #10437, 0.04999999999999969746 ) ;
#4607 = CARTESIAN_POINT ( 'NONE',  ( 5.049999999999997158, 2.399999999999999023, -4.499999999999997335 ) ) ;
#4608 = ADVANCED_FACE ( 'NONE', ( #10430 ), #10503, .T. ) ;
#4609 = EDGE_CURVE ( 'NONE', #9427, #3409, #3433, .T. ) ;
#4610 = AXIS2_PLACEMENT_3D ( 'NONE', #1081, #5735, #2381 ) ;
#4611 = CARTESIAN_POINT ( 'NONE',  ( -5.049999999999997158, 1.000000000000000000, 5.350000000000001421 ) ) ;
#4612 = ORIENTED_EDGE ( 'NONE', *, *, #5215, .T. ) ;
#4613 = EDGE_CURVE ( 'NONE', #5298, #2896, #3491, .T. ) ;
#4614 = CARTESIAN_POINT ( 'NONE',  ( 1.700000000000000178, 0.8000000000000001554, -6.750000000000001776 ) ) ;
#4615 = STYLED_ITEM ( 'NONE', ( #8381 ), #8891 ) ;
#4616 = DIRECTION ( 'NONE',  ( 1.000000000000000000, -0.000000000000000000, -0.000000000000000000 ) ) ;
#4617 = DIRECTION ( 'NONE',  ( -1.000000000000000000, 0.000000000000000000, 0.000000000000000000 ) ) ;
#4618 = VECTOR ( 'NONE', #5798, 1000.000000000000000 ) ;
#4619 = DIRECTION ( 'NONE',  ( 1.000000000000000000, 0.000000000000000000, 0.000000000000000000 ) ) ;
#4620 = CARTESIAN_POINT ( 'NONE',  ( -3.850000000000000089, 2.400000000000000355, -5.850000000000000533 ) ) ;
#4621 = ADVANCED_BREP_SHAPE_REPRESENTATION ( 'PEC12R-4215F-S0024', ( #5064, #3115, #1678, #8891, #9447, #1323, #7813, #630, #461, #2066, #1249, #6020, #4294, #3399 ), #5725 ) ;
#4622 = DIRECTION ( 'NONE',  ( -0.000000000000000000, -1.000000000000000000, 0.000000000000000000 ) ) ;
#4623 = LINE ( 'NONE', #8275, #8354 ) ;
#4624 = ORIENTED_EDGE ( 'NONE', *, *, #9460, .T. ) ;
#4625 = DIRECTION ( 'NONE',  ( 0.000000000000000000, 1.000000000000000000, 0.000000000000000000 ) ) ;
#4626 = CIRCLE ( 'NONE', #7628, 0.05000000000000012768 ) ;
#4627 = CARTESIAN_POINT ( 'NONE',  ( -6.514715287270208322, -2.198587845354674108, -1.000000000000000000 ) ) ;
#4628 = AXIS2_PLACEMENT_3D ( 'NONE', #2500, #9801, #9000 ) ;
#4629 = ORIENTED_EDGE ( 'NONE', *, *, #704, .F. ) ;
#4630 = AXIS2_PLACEMENT_3D ( 'NONE', #6655, #2380, #4289 ) ;
#4631 = ADVANCED_FACE ( 'NONE', ( #3501 ), #242, .T. ) ;
#4632 = CARTESIAN_POINT ( 'NONE',  ( 0.8000000000000001554, 0.7999999999999982681, 7.549999999999999822 ) ) ;
#4633 = EDGE_CURVE ( 'NONE', #7660, #7905, #7419, .T. ) ;
#4634 = DIRECTION ( 'NONE',  ( -1.000000000000000000, 0.000000000000000000, 0.000000000000000000 ) ) ;
#4635 = ORIENTED_EDGE ( 'NONE', *, *, #6066, .T. ) ;
#4636 = AXIS2_PLACEMENT_3D ( 'NONE', #9646, #2286, #4769 ) ;
#4637 = DIRECTION ( 'NONE',  ( 0.000000000000000000, 4.869470219022243768E-16, -1.000000000000000000 ) ) ;
#4638 = LINE ( 'NONE', #7116, #8036 ) ;
#4639 = DIRECTION ( 'NONE',  ( 0.000000000000000000, 1.000000000000000000, 0.000000000000000000 ) ) ;
#4640 = FACE_OUTER_BOUND ( 'NONE', #9344, .T. ) ;
#4641 = ORIENTED_EDGE ( 'NONE', *, *, #1518, .F. ) ;
#4642 = ORIENTED_EDGE ( 'NONE', *, *, #7950, .F. ) ;
#4643 = CARTESIAN_POINT ( 'NONE',  ( 4.286263797015736595E-16, 8.099999999999999645, 3.500000000000000000 ) ) ;
#4644 = LINE ( 'NONE', #8250, #4368 ) ;
#4645 = DIRECTION ( 'NONE',  ( 1.000000000000000000, -0.000000000000000000, -0.000000000000000000 ) ) ;
#4646 = ORIENTED_EDGE ( 'NONE', *, *, #7376, .F. ) ;
#4647 = CARTESIAN_POINT ( 'NONE',  ( 5.750000000000000000, 3.100000000000000089, 5.250000000000000000 ) ) ;
#4648 = EDGE_CURVE ( 'NONE', #9373, #2647, #272, .T. ) ;
#4649 = PLANE ( 'NONE',  #7199 ) ;
#4650 = DIRECTION ( 'NONE',  ( -0.9396926207859082059, -0.3420201433256695456, -1.515189377974040262E-17 ) ) ;
#4651 = EDGE_CURVE ( 'NONE', #10147, #9813, #7399, .T. ) ;
#4652 = ORIENTED_EDGE ( 'NONE', *, *, #8525, .F. ) ;
#4653 = ADVANCED_FACE ( 'NONE', ( #3814 ), #3720, .T. ) ;
#4654 = CARTESIAN_POINT ( 'NONE',  ( -1.734723475976807094E-15, 3.903127820947790719E-14, 4.500000000000001776 ) ) ;
#4655 = DIRECTION ( 'NONE',  ( 0.000000000000000000, 1.000000000000000000, 0.000000000000000000 ) ) ;
#4656 = VECTOR ( 'NONE', #1863, 1000.000000000000000 ) ;
#4657 = AXIS2_PLACEMENT_3D ( 'NONE', #10587, #18, #2250 ) ;
#4658 = VECTOR ( 'NONE', #734, 1000.000000000000000 ) ;
#4659 = ORIENTED_EDGE ( 'NONE', *, *, #10365, .T. ) ;
#4660 = ORIENTED_EDGE ( 'NONE', *, *, #3745, .F. ) ;
#4661 = CARTESIAN_POINT ( 'NONE',  ( -0.7999999999999999334, 2.650000000000000799, 7.249999999999999112 ) ) ;
#4662 = CARTESIAN_POINT ( 'NONE',  ( 3.016417413042201456, 0.02086324578292339874, -7.050000000000001599 ) ) ;
#4663 = DIRECTION ( 'NONE',  ( -0.000000000000000000, 2.409338161078894743E-16, 1.000000000000000000 ) ) ;
#4664 = ADVANCED_FACE ( 'NONE', ( #3755 ), #2532, .T. ) ;
#4665 = CARTESIAN_POINT ( 'NONE',  ( 3.880824640740575759, 0.09999999999999990841, -6.700000000000000178 ) ) ;
#4666 = DIRECTION ( 'NONE',  ( -0.000000000000000000, 1.000000000000000000, 1.445602896647339163E-16 ) ) ;
#4667 = EDGE_CURVE ( 'NONE', #3675, #6413, #3797, .T. ) ;
#4668 = DIRECTION ( 'NONE',  ( 0.000000000000000000, 1.000000000000000000, 0.000000000000000000 ) ) ;
#4669 = VERTEX_POINT ( 'NONE', #4362 ) ;
#4670 = EDGE_CURVE ( 'NONE', #6960, #3148, #3737, .T. ) ;
#4671 = FACE_OUTER_BOUND ( 'NONE', #3800, .T. ) ;
#4672 = DIRECTION ( 'NONE',  ( -0.000000000000000000, 1.445602896647339163E-16, 1.000000000000000000 ) ) ;
#4673 = DIRECTION ( 'NONE',  ( -0.000000000000000000, 8.673617379883977096E-15, 1.000000000000000000 ) ) ;
#4674 = DIRECTION ( 'NONE',  ( 0.000000000000000000, 1.000000000000000000, 0.000000000000000000 ) ) ;
#4675 = VECTOR ( 'NONE', #7506, 999.9999999999998863 ) ;
#4676 = ORIENTED_EDGE ( 'NONE', *, *, #6284, .T. ) ;
#4677 = AXIS2_PLACEMENT_3D ( 'NONE', #2529, #7460, #7959 ) ;
#4678 = CARTESIAN_POINT ( 'NONE',  ( 5.799999999999996270, 5.500000000000000888, -6.400000000000000355 ) ) ;
#4679 = ORIENTED_EDGE ( 'NONE', *, *, #2283, .T. ) ;
#4680 = ORIENTED_EDGE ( 'NONE', *, *, #7471, .T. ) ;
#4681 = LINE ( 'NONE', #1283, #8248 ) ;
#4682 = DIRECTION ( 'NONE',  ( -1.000000000000000000, -0.000000000000000000, 0.000000000000000000 ) ) ;
#4683 = PLANE ( 'NONE',  #5481 ) ;
#4684 = CARTESIAN_POINT ( 'NONE',  ( -5.599999999999996092, 5.500000000000000888, -6.400000000000000355 ) ) ;
#4685 = CIRCLE ( 'NONE', #6816, 0.1999999999999996503 ) ;
#4686 = CARTESIAN_POINT ( 'NONE',  ( 3.850000000000000089, 2.400000000000000355, -6.700000000000000178 ) ) ;
#4687 = SURFACE_STYLE_USAGE ( .BOTH. , #3989 ) ;
#4688 = EDGE_CURVE ( 'NONE', #2261, #2475, #7524, .T. ) ;
#4689 = FACE_OUTER_BOUND ( 'NONE', #6936, .T. ) ;
#4690 = ORIENTED_EDGE ( 'NONE', *, *, #9418, .T. ) ;
#4691 = ADVANCED_FACE ( 'NONE', ( #7366 ), #2051, .T. ) ;
#4692 = ORIENTED_EDGE ( 'NONE', *, *, #4165, .T. ) ;
#4693 = DIRECTION ( 'NONE',  ( -1.000000000000000000, 0.000000000000000000, 0.000000000000000000 ) ) ;
#4694 = VECTOR ( 'NONE', #4995, 1000.000000000000000 ) ;
#4695 = DIRECTION ( 'NONE',  ( -1.807003620809174632E-16, 1.000000000000000000, 6.531284371341748864E-17 ) ) ;
#4696 = ORIENTED_EDGE ( 'NONE', *, *, #4278, .F. ) ;
#4697 = ORIENTED_EDGE ( 'NONE', *, *, #6881, .F. ) ;
#4698 = CARTESIAN_POINT ( 'NONE',  ( 0.000000000000000000, 3.100000000000000089, -1.599999999999999867 ) ) ;
#4699 = CARTESIAN_POINT ( 'NONE',  ( -5.049999999999997158, 2.399999999999999023, -4.499999999999997335 ) ) ;
#4700 = DIRECTION ( 'NONE',  ( 0.000000000000000000, 4.869470219022243768E-16, -1.000000000000000000 ) ) ;
#4701 = TOROIDAL_SURFACE ( 'NONE', #6044, 0.05000000000000010686, 0.1499999999999999944 ) ;
#4702 = VERTEX_POINT ( 'NONE', #3292 ) ;
#4703 = DIRECTION ( 'NONE',  ( 0.000000000000000000, 1.000000000000000000, -0.000000000000000000 ) ) ;
#4704 = LINE ( 'NONE', #2552, #8084 ) ;
#4705 = CARTESIAN_POINT ( 'NONE',  ( -5.799999999999997158, 0.1000000000000006994, 1.999999999999999112 ) ) ;
#4706 = VECTOR ( 'NONE', #6570, 1000.000000000000000 ) ;
#4707 = ORIENTED_EDGE ( 'NONE', *, *, #7480, .F. ) ;
#4708 = EDGE_CURVE ( 'NONE', #6034, #3000, #7347, .T. ) ;
#4709 = DIRECTION ( 'NONE',  ( 0.000000000000000000, 0.000000000000000000, 1.000000000000000000 ) ) ;
#4710 = CARTESIAN_POINT ( 'NONE',  ( 2.500000000000000444, 0.1000000000000016848, -7.049999999999999822 ) ) ;
#4711 = ORIENTED_EDGE ( 'NONE', *, *, #1521, .T. ) ;
#4712 = CARTESIAN_POINT ( 'NONE',  ( 3.299999999999999822, 1.099999999999999867, -6.750000000000001776 ) ) ;
#4713 = AXIS2_PLACEMENT_3D ( 'NONE', #2848, #6813, #176 ) ;
#4714 = ADVANCED_FACE ( 'NONE', ( #7309 ), #3851, .T. ) ;
#4715 = DIRECTION ( 'NONE',  ( 0.000000000000000000, 1.000000000000000000, -0.000000000000000000 ) ) ;
#4716 = LINE ( 'NONE', #5472, #4427 ) ;
#4717 = DIRECTION ( 'NONE',  ( 0.000000000000000000, 1.000000000000000000, 0.000000000000000000 ) ) ;
#4718 = ORIENTED_EDGE ( 'NONE', *, *, #8192, .T. ) ;
#4719 = CARTESIAN_POINT ( 'NONE',  ( 6.200000000000000178, 3.100000000000000089, -1.599999999999999867 ) ) ;
#4720 = DIRECTION ( 'NONE',  ( 0.000000000000000000, 0.000000000000000000, 1.000000000000000000 ) ) ;
#4721 = EDGE_CURVE ( 'NONE', #6004, #5383, #3961, .T. ) ;
#4722 = VECTOR ( 'NONE', #2201, 1000.000000000000000 ) ;
#4723 = LINE ( 'NONE', #6648, #1269 ) ;
#4724 = ORIENTED_EDGE ( 'NONE', *, *, #8688, .F. ) ;
#4725 = LINE ( 'NONE', #4239, #4694 ) ;
#4726 = EDGE_CURVE ( 'NONE', #10512, #9509, #3654, .T. ) ;
#4727 = DIRECTION ( 'NONE',  ( -0.000000000000000000, -1.000000000000000000, -0.000000000000000000 ) ) ;
#4728 = ORIENTED_EDGE ( 'NONE', *, *, #9634, .F. ) ;
#4729 = ORIENTED_EDGE ( 'NONE', *, *, #898, .F. ) ;
#4730 = DIRECTION ( 'NONE',  ( 0.000000000000000000, 1.000000000000000000, 0.000000000000000000 ) ) ;
#4731 = CARTESIAN_POINT ( 'NONE',  ( -3.850000000000000089, 2.400000000000000355, -5.850000000000000533 ) ) ;
#4732 = EDGE_CURVE ( 'NONE', #3112, #1525, #3898, .T. ) ;
#4733 = CARTESIAN_POINT ( 'NONE',  ( -3.880824640740575759, 0.4999999999999998890, -4.499999999999997335 ) ) ;
#4734 = CARTESIAN_POINT ( 'NONE',  ( 6.199999999999999289, 5.650000000000001243, -5.250000000000000000 ) ) ;
#4735 = ADVANCED_FACE ( 'NONE', ( #3980 ), #3829, .F. ) ;
#4736 = AXIS2_PLACEMENT_3D ( 'NONE', #9843, #60, #5902 ) ;
#4737 = AXIS2_PLACEMENT_3D ( 'NONE', #4698, #5508, #6399 ) ;
#4738 = VECTOR ( 'NONE', #10339, 1000.000000000000000 ) ;
#4739 = DIRECTION ( 'NONE',  ( 0.000000000000000000, 1.000000000000000000, 0.000000000000000000 ) ) ;
#4740 = EDGE_CURVE ( 'NONE', #7828, #608, #7209, .T. ) ;
#4741 = DIRECTION ( 'NONE',  ( 0.000000000000000000, -0.000000000000000000, 1.000000000000000000 ) ) ;
#4742 = DIRECTION ( 'NONE',  ( 0.000000000000000000, 0.000000000000000000, 1.000000000000000000 ) ) ;
#4743 = DIRECTION ( 'NONE',  ( 0.000000000000000000, -4.430117370400858162E-17, 1.000000000000000000 ) ) ;
#4744 = VECTOR ( 'NONE', #2542, 1000.000000000000114 ) ;
#4745 = EDGE_LOOP ( 'NONE', ( #3383, #8932, #9612, #1960 ) ) ;
#4746 = DIRECTION ( 'NONE',  ( 0.000000000000000000, 1.000000000000000000, 4.430117370400858162E-17 ) ) ;
#4747 = ORIENTED_EDGE ( 'NONE', *, *, #7222, .T. ) ;
#4748 = AXIS2_PLACEMENT_3D ( 'NONE', #7539, #1682, #5068 ) ;
#4749 = VECTOR ( 'NONE', #3359, 1000.000000000000000 ) ;
#4750 = ORIENTED_EDGE ( 'NONE', *, *, #8033, .F. ) ;
#4751 = ORIENTED_EDGE ( 'NONE', *, *, #5601, .T. ) ;
#4752 = ADVANCED_FACE ( 'NONE', ( #7277 ), #3670, .T. ) ;
#4753 = VECTOR ( 'NONE', #4178, 1000.000000000000000 ) ;
#4754 = CARTESIAN_POINT ( 'NONE',  ( -6.744145861810626030, -2.526248663070268741, -1.000000000000000000 ) ) ;
#4755 = CARTESIAN_POINT ( 'NONE',  ( 6.200000000000000178, 0.6000000000000007550, 3.000000000000000444 ) ) ;
#4756 = CARTESIAN_POINT ( 'NONE',  ( 3.299999999999999822, 2.949999999999998845, 7.299999999999999822 ) ) ;
#4757 = LINE ( 'NONE', #6226, #1111 ) ;
#4758 = CARTESIAN_POINT ( 'NONE',  ( 3.850000000000000089, 4.986986664055304885, -5.850000000000000533 ) ) ;
#4759 = CARTESIAN_POINT ( 'NONE',  ( 5.799999999999996270, 0.5000000000000004441, 4.500000000000000888 ) ) ;
#4760 = VECTOR ( 'NONE', #5471, 1000.000000000000000 ) ;
#4761 = ORIENTED_EDGE ( 'NONE', *, *, #5390, .T. ) ;
#4762 = EDGE_CURVE ( 'NONE', #8842, #7616, #112, .T. ) ;
#4763 = CARTESIAN_POINT ( 'NONE',  ( -3.299999999999999822, 2.650000000000001243, -6.200000000000001954 ) ) ;
#4764 = DIRECTION ( 'NONE',  ( 0.000000000000000000, 1.000000000000000000, -0.000000000000000000 ) ) ;
#4765 = ORIENTED_EDGE ( 'NONE', *, *, #6267, .F. ) ;
#4766 = AXIS2_PLACEMENT_3D ( 'NONE', #7349, #6366, #867 ) ;
#4767 = ORIENTED_EDGE ( 'NONE', *, *, #3637, .T. ) ;
#4768 = CARTESIAN_POINT ( 'NONE',  ( 4.250000000000000000, 6.550000000000000711, -4.524999999999999467 ) ) ;
#4769 = DIRECTION ( 'NONE',  ( 0.000000000000000000, 0.000000000000000000, -1.000000000000000000 ) ) ;
#4770 = FACE_OUTER_BOUND ( 'NONE', #5993, .T. ) ;
#4771 = FACE_OUTER_BOUND ( 'NONE', #3403, .T. ) ;
#4772 = DIRECTION ( 'NONE',  ( 0.000000000000000000, -0.000000000000000000, 1.000000000000000000 ) ) ;
#4773 = EDGE_CURVE ( 'NONE', #4567, #1666, #7228, .T. ) ;
#4774 = CARTESIAN_POINT ( 'NONE',  ( -5.049999999999997158, 2.400000000000000355, -4.999999999999997335 ) ) ;
#4775 = CIRCLE ( 'NONE', #3621, 0.1499999999999999667 ) ;
#4776 = ORIENTED_EDGE ( 'NONE', *, *, #8361, .F. ) ;
#4777 = ADVANCED_FACE ( 'NONE', ( #129 ), #114, .F. ) ;
#4778 = DIRECTION ( 'NONE',  ( 0.000000000000000000, -1.000000000000000000, 2.409338161078895729E-16 ) ) ;
#4779 = EDGE_CURVE ( 'NONE', #6597, #7679, #165, .T. ) ;
#4780 = LINE ( 'NONE', #153, #4749 ) ;
#4781 = CARTESIAN_POINT ( 'NONE',  ( 5.049999999999997158, 0.1000000000000001721, 3.000000000000000000 ) ) ;
#4782 = ORIENTED_EDGE ( 'NONE', *, *, #9187, .F. ) ;
#4783 = DIRECTION ( 'NONE',  ( 0.000000000000000000, 1.807003620809174385E-16, -1.000000000000000000 ) ) ;
#4784 = ORIENTED_EDGE ( 'NONE', *, *, #3926, .T. ) ;
#4785 = AXIS2_PLACEMENT_3D ( 'NONE', #4228, #9100, #5826 ) ;
#4786 = CARTESIAN_POINT ( 'NONE',  ( -6.200000000000000178, 0.6000000000000007550, -3.000000000000000444 ) ) ;
#4787 = LINE ( 'NONE', #7717, #7951 ) ;
#4788 = DIRECTION ( 'NONE',  ( 0.000000000000000000, 1.000000000000000000, 0.000000000000000000 ) ) ;
#4789 = CARTESIAN_POINT ( 'NONE',  ( 5.750000000000000000, 5.700000000000000178, -6.700000000000000178 ) ) ;
#4790 = DIRECTION ( 'NONE',  ( -1.807003620809174139E-16, 1.000000000000000000, 4.430117370400858162E-17 ) ) ;
#4791 = CARTESIAN_POINT ( 'NONE',  ( -5.049999999999997158, 4.986986664055304885, 5.000000000000000888 ) ) ;
#4792 = VECTOR ( 'NONE', #4564, 1000.000000000000000 ) ;
#4793 = LINE ( 'NONE', #7271, #4827 ) ;
#4794 = VERTEX_POINT ( 'NONE', #2462 ) ;
#4795 = ORIENTED_EDGE ( 'NONE', *, *, #9495, .F. ) ;
#4796 = EDGE_CURVE ( 'NONE', #5294, #8919, #3779, .T. ) ;
#4797 = DIRECTION ( 'NONE',  ( 0.000000000000000000, 1.000000000000000000, 0.000000000000000000 ) ) ;
#4798 = CARTESIAN_POINT ( 'NONE',  ( 3.880824640740575759, 0.4999999999999998890, 3.000000000000000000 ) ) ;
#4799 = EDGE_CURVE ( 'NONE', #8586, #7925, #3702, .T. ) ;
#4800 = ORIENTED_EDGE ( 'NONE', *, *, #3722, .T. ) ;
#4801 = ADVANCED_FACE ( 'NONE', ( #7382 ), #10506, .T. ) ;
#4802 = CARTESIAN_POINT ( 'NONE',  ( -5.049999999999998046, 1.000000000000000000, -5.350000000000001421 ) ) ;
#4803 = DIRECTION ( 'NONE',  ( -3.614007241618349264E-16, -1.000000000000000000, -1.807003620809174632E-16 ) ) ;
#4804 = DIRECTION ( 'NONE',  ( -0.7071067811865456854, 0.000000000000000000, 0.7071067811865493491 ) ) ;
#4805 = VECTOR ( 'NONE', #8239, 1000.000000000000000 ) ;
#4806 = AXIS2_PLACEMENT_3D ( 'NONE', #1158, #9312, #10245 ) ;
#4807 = ORIENTED_EDGE ( 'NONE', *, *, #9315, .T. ) ;
#4808 = LINE ( 'NONE', #6872, #4656 ) ;
#4809 = SURFACE_SIDE_STYLE ('',( #7771 ) ) ;
#4810 = PLANE ( 'NONE',  #10369 ) ;
#4811 = CARTESIAN_POINT ( 'NONE',  ( -2.550000000000000266, -2.299999999999999822, 7.549999999999998046 ) ) ;
#4812 = LINE ( 'NONE', #635, #996 ) ;
#4813 = ORIENTED_EDGE ( 'NONE', *, *, #44, .T. ) ;
#4814 = DIRECTION ( 'NONE',  ( 3.614007241618348278E-16, 1.000000000000000000, 4.430117370400858162E-17 ) ) ;
#4815 = LINE ( 'NONE', #8257, #1352 ) ;
#4816 = ORIENTED_EDGE ( 'NONE', *, *, #7877, .F. ) ;
#4817 = EDGE_CURVE ( 'NONE', #8575, #4216, #290, .T. ) ;
#4818 = LINE ( 'NONE', #5037, #907 ) ;
#4819 = CARTESIAN_POINT ( 'NONE',  ( -2.449999999999999734, -2.299999999999998046, -7.200000000000001066 ) ) ;
#4820 = AXIS2_PLACEMENT_3D ( 'NONE', #6153, #3809, #4575 ) ;
#4821 = DIRECTION ( 'NONE',  ( 0.8191520442889915765, -0.5735764363510463815, 0.000000000000000000 ) ) ;
#4822 = VECTOR ( 'NONE', #4960, 1000.000000000000000 ) ;
#4823 = CARTESIAN_POINT ( 'NONE',  ( 3.880824640740575315, 2.935823076413500043, -4.499999999999997335 ) ) ;
#4824 = PLANE ( 'NONE',  #7868 ) ;
#4825 = CARTESIAN_POINT ( 'NONE',  ( -5.799999999999998934, 5.650000000000001243, 5.250000000000000000 ) ) ;
#4826 = DIRECTION ( 'NONE',  ( -1.327027319204863784E-16, -1.000000000000000000, -0.000000000000000000 ) ) ;
#4827 = VECTOR ( 'NONE', #1467, 1000.000000000000000 ) ;
#4828 = VERTEX_POINT ( 'NONE', #7393 ) ;
#4829 = ORIENTED_EDGE ( 'NONE', *, *, #7910, .T. ) ;
#4830 = CARTESIAN_POINT ( 'NONE',  ( -3.880824640740575759, 0.4999999999999998890, 3.000000000000000000 ) ) ;
#4831 = ORIENTED_EDGE ( 'NONE', *, *, #1193, .T. ) ;
#4832 = ORIENTED_EDGE ( 'NONE', *, *, #9271, .F. ) ;
#4833 = CARTESIAN_POINT ( 'NONE',  ( -0.4000000000000001887, -3.099999999999998757, 7.549999999999999822 ) ) ;
#4834 = ADVANCED_FACE ( 'NONE', ( #321 ), #7262, .T. ) ;
#4835 = DIRECTION ( 'NONE',  ( 0.000000000000000000, -0.000000000000000000, 1.000000000000000000 ) ) ;
#4836 = LINE ( 'NONE', #618, #1342 ) ;
#4837 = VERTEX_POINT ( 'NONE', #3390 ) ;
#4838 = EDGE_CURVE ( 'NONE', #9977, #10155, #183, .T. ) ;
#4839 = VECTOR ( 'NONE', #4521, 1000.000000000000000 ) ;
#4840 = CARTESIAN_POINT ( 'NONE',  ( -3.299999999999999822, 0.8000000000000001554, -7.050000000000001599 ) ) ;
#4841 = EDGE_CURVE ( 'NONE', #554, #9722, #349, .T. ) ;
#4842 = AXIS2_PLACEMENT_3D ( 'NONE', #4027, #10, #1466 ) ;
#4843 = LINE ( 'NONE', #104, #8271 ) ;
#4844 = CARTESIAN_POINT ( 'NONE',  ( -3.999999999999998224, 0.000000000000000000, 5.850000000000000533 ) ) ;
#4845 = VECTOR ( 'NONE', #4103, 1000.000000000000000 ) ;
#4846 = CARTESIAN_POINT ( 'NONE',  ( 1.700000000000000178, 0.7999999999999983791, 7.299999999999998934 ) ) ;
#4847 = DIRECTION ( 'NONE',  ( 1.327027319204863784E-16, -1.000000000000000000, -0.000000000000000000 ) ) ;
#4848 = EDGE_CURVE ( 'NONE', #2384, #8253, #7294, .T. ) ;
#4849 = ORIENTED_EDGE ( 'NONE', *, *, #4256, .T. ) ;
#4850 = PLANE ( 'NONE',  #3085 ) ;
#4851 = CIRCLE ( 'NONE', #9347, 0.5749999999999999556 ) ;
#4852 = DIRECTION ( 'NONE',  ( 1.000000000000000000, 0.000000000000000000, 0.000000000000000000 ) ) ;
#4853 = EDGE_LOOP ( 'NONE', ( #1319, #4750, #8190, #9807 ) ) ;
#4854 = CARTESIAN_POINT ( 'NONE',  ( 6.200000000000000178, 3.100000000000000089, 3.000000000000000000 ) ) ;
#4855 = DIRECTION ( 'NONE',  ( 0.000000000000000000, 2.017120320903263702E-16, -1.000000000000000000 ) ) ;
#4856 = CARTESIAN_POINT ( 'NONE',  ( -3.880824640740575759, 0.4999999999999998890, -4.499999999999997335 ) ) ;
#4857 = DIRECTION ( 'NONE',  ( 1.000000000000000000, 0.000000000000000000, 0.000000000000000000 ) ) ;
#4858 = TOROIDAL_SURFACE ( 'NONE', #3949, 0.05000000000000075218, 0.1499999999999999944 ) ;
#4859 = SURFACE_STYLE_FILL_AREA ( #8900 ) ;
#4860 = ADVANCED_FACE ( 'NONE', ( #7479 ), #7754, .T. ) ;
#4861 = ORIENTED_EDGE ( 'NONE', *, *, #7104, .F. ) ;
#4862 = VECTOR ( 'NONE', #1050, 1000.000000000000114 ) ;
#4863 = MECHANICAL_DESIGN_GEOMETRIC_PRESENTATION_REPRESENTATION (  '', ( #5097 ), #1030 ) ;
#4864 = VERTEX_POINT ( 'NONE', #787 ) ;
#4865 = AXIS2_PLACEMENT_3D ( 'NONE', #8348, #4221, #9376 ) ;
#4866 = CARTESIAN_POINT ( 'NONE',  ( -2.900000000000000355, 0.3544119062935187636, 6.700000000000000178 ) ) ;
#4867 = VERTEX_POINT ( 'NONE', #10315 ) ;
#4868 = PLANE ( 'NONE',  #6002 ) ;
#4869 = DIRECTION ( 'NONE',  ( -1.000000000000000000, -0.000000000000000000, 0.000000000000000000 ) ) ;
#4870 = EDGE_CURVE ( 'NONE', #1700, #6833, #4275, .T. ) ;
#4871 = FACE_OUTER_BOUND ( 'NONE', #7550, .T. ) ;
#4872 = DIRECTION ( 'NONE',  ( -1.000000000000000000, 0.000000000000000000, 0.000000000000000000 ) ) ;
#4873 = CARTESIAN_POINT ( 'NONE',  ( 6.236169591142200375, -0.7547152872702095339, -1.000000000000000000 ) ) ;
#4874 = VERTEX_POINT ( 'NONE', #9235 ) ;
#4875 = AXIS2_PLACEMENT_3D ( 'NONE', #1329, #2138, #5449 ) ;
#4876 = VECTOR ( 'NONE', #6174, 1000.000000000000000 ) ;
#4877 = DIRECTION ( 'NONE',  ( 1.341711765540131426E-16, 1.000000000000000000, -0.000000000000000000 ) ) ;
#4878 = CARTESIAN_POINT ( 'NONE',  ( -5.049999999999997158, 2.128355624055937206E-16, -6.700000000000000178 ) ) ;
#4879 = CARTESIAN_POINT ( 'NONE',  ( -2.100000000000000089, 2.504411906293519507, 7.299999999999998934 ) ) ;
#4880 = CARTESIAN_POINT ( 'NONE',  ( -3.999999999999998224, -3.551475717527321367E-16, -6.700000000000000178 ) ) ;
#4881 = CARTESIAN_POINT ( 'NONE',  ( 3.299999999999999822, 0.8000000000000001554, -6.750000000000001776 ) ) ;
#4882 = FACE_OUTER_BOUND ( 'NONE', #5556, .T. ) ;
#4883 = ORIENTED_EDGE ( 'NONE', *, *, #758, .T. ) ;
#4884 = ORIENTED_EDGE ( 'NONE', *, *, #6874, .F. ) ;
#4885 = ADVANCED_FACE ( 'NONE', ( #4464 ), #451, .T. ) ;
#4886 = CARTESIAN_POINT ( 'NONE',  ( 5.799999999999997158, 1.000000000000000222, 4.500000000000000888 ) ) ;
#4887 = CARTESIAN_POINT ( 'NONE',  ( -2.500942654747430272, 14.66824025516126184, 1.331759744838736603 ) ) ;
#4888 = FILL_AREA_STYLE ('',( #5836 ) ) ;
#4889 = CARTESIAN_POINT ( 'NONE',  ( 5.049999999999997158, 0.1000000000000001721, -2.000000000000000000 ) ) ;
#4890 = LINE ( 'NONE', #6426, #8399 ) ;
#4891 = DIRECTION ( 'NONE',  ( 0.000000000000000000, -0.000000000000000000, 1.000000000000000000 ) ) ;
#4892 = AXIS2_PLACEMENT_3D ( 'NONE', #1367, #8783, #10254 ) ;
#4893 = CARTESIAN_POINT ( 'NONE',  ( 3.299999999999999822, 3.249999999999998668, 6.349999999999997868 ) ) ;
#4894 = VECTOR ( 'NONE', #6049, 1000.000000000000000 ) ;
#4895 = LINE ( 'NONE', #7336, #4845 ) ;
#4896 = PLANE ( 'NONE',  #6558 ) ;
#4897 = ORIENTED_EDGE ( 'NONE', *, *, #6323, .F. ) ;
#4898 = EDGE_LOOP ( 'NONE', ( #6798, #5959 ) ) ;
#4899 = DIRECTION ( 'NONE',  ( 0.000000000000000000, 1.000000000000000000, 0.000000000000000000 ) ) ;
#4900 = CARTESIAN_POINT ( 'NONE',  ( -3.880824640740575315, 2.935823076413500043, 3.000000000000000000 ) ) ;
#4901 = EDGE_CURVE ( 'NONE', #5805, #6484, #4451, .T. ) ;
#4902 = LINE ( 'NONE', #3207, #4932 ) ;
#4903 = FACE_OUTER_BOUND ( 'NONE', #3569, .T. ) ;
#4904 = CARTESIAN_POINT ( 'NONE',  ( -5.799999999999996270, 0.5000000000000002220, -4.499999999999997335 ) ) ;
#4905 = CARTESIAN_POINT ( 'NONE',  ( -6.649821042359578429E-17, 0.4999999999999993339, 0.000000000000000000 ) ) ;
#4906 = LINE ( 'NONE', #65, #5020 ) ;
#4907 = AXIS2_PLACEMENT_3D ( 'NONE', #2179, #3913, #6123 ) ;
#4908 = CARTESIAN_POINT ( 'NONE',  ( -2.700000000000000622, -2.299999999999999822, 7.549999999999999822 ) ) ;
#4909 = DIRECTION ( 'NONE',  ( 0.000000000000000000, 1.000000000000000000, 0.000000000000000000 ) ) ;
#4910 = FACE_OUTER_BOUND ( 'NONE', #6586, .T. ) ;
#4911 = DIRECTION ( 'NONE',  ( 0.000000000000000000, 0.000000000000000000, -1.000000000000000000 ) ) ;
#4912 = EDGE_LOOP ( 'NONE', ( #7591, #7664, #6000, #3212 ) ) ;
#4913 = CARTESIAN_POINT ( 'NONE',  ( 5.943206300660539121, -2.598762745933357543, 1.000000000000000000 ) ) ;
#4914 = ORIENTED_EDGE ( 'NONE', *, *, #1033, .F. ) ;
#4915 = ADVANCED_FACE ( 'NONE', ( #4478 ), #5823, .T. ) ;
#4916 = CARTESIAN_POINT ( 'NONE',  ( 1.700000000000000178, 0.8000000000000001554, -7.050000000000001599 ) ) ;
#4917 = LINE ( 'NONE', #1171, #8571 ) ;
#4918 = DIRECTION ( 'NONE',  ( 1.000000000000000000, 0.000000000000000000, 0.000000000000000000 ) ) ;
#4919 = CARTESIAN_POINT ( 'NONE',  ( -5.599999999999996092, 5.500000000000000888, 6.700000000000000178 ) ) ;
#4920 = DIRECTION ( 'NONE',  ( 1.000000000000000000, 0.000000000000000000, 0.000000000000000000 ) ) ;
#4921 = EDGE_CURVE ( 'NONE', #6801, #6034, #740, .T. ) ;
#4922 = CARTESIAN_POINT ( 'NONE',  ( 1.734723475976807094E-15, 0.000000000000000000, -6.700000000000000178 ) ) ;
#4923 = VECTOR ( 'NONE', #5532, 1000.000000000000000 ) ;
#4924 = EDGE_CURVE ( 'NONE', #6208, #6484, #4206, .T. ) ;
#4925 = LINE ( 'NONE', #1112, #4862 ) ;
#4926 = CARTESIAN_POINT ( 'NONE',  ( 0.000000000000000000, 3.100000000000000089, 4.500000000000000888 ) ) ;
#4927 = ORIENTED_EDGE ( 'NONE', *, *, #1399, .F. ) ;
#4928 = DIRECTION ( 'NONE',  ( 0.000000000000000000, 1.000000000000000000, 0.000000000000000000 ) ) ;
#4929 = ORIENTED_EDGE ( 'NONE', *, *, #2064, .F. ) ;
#4930 = CARTESIAN_POINT ( 'NONE',  ( 3.880824640740575759, 0.09999999999999990841, -6.700000000000000178 ) ) ;
#4931 = CIRCLE ( 'NONE', #4949, 0.1999999999999996503 ) ;
#4932 = VECTOR ( 'NONE', #824, 1000.000000000000000 ) ;
#4933 = CARTESIAN_POINT ( 'NONE',  ( -5.049999999999997158, 1.929479379815013440E-14, -4.500000000000000000 ) ) ;
#4934 = CARTESIAN_POINT ( 'NONE',  ( -1.699999999999999956, 2.949999999999998845, 7.249999999999999112 ) ) ;
#4935 = ORIENTED_EDGE ( 'NONE', *, *, #4465, .T. ) ;
#4936 = CARTESIAN_POINT ( 'NONE',  ( -5.049999999999997158, 2.399999999999999023, -4.499999999999997335 ) ) ;
#4937 = VERTEX_POINT ( 'NONE', #1153 ) ;
#4938 = VECTOR ( 'NONE', #9030, 1000.000000000000000 ) ;
#4939 = CARTESIAN_POINT ( 'NONE',  ( 2.100000000000000089, 2.504411906293519507, 7.549999999999999822 ) ) ;
#4940 = DIRECTION ( 'NONE',  ( 0.000000000000000000, 1.000000000000000000, 0.000000000000000000 ) ) ;
#4941 = DIRECTION ( 'NONE',  ( 1.000000000000000000, -0.000000000000000000, 0.000000000000000000 ) ) ;
#4942 = DIRECTION ( 'NONE',  ( 0.000000000000000000, 1.000000000000000000, -0.000000000000000000 ) ) ;
#4943 = CARTESIAN_POINT ( 'NONE',  ( 6.200000000000000178, 3.100000000000000089, 3.000000000000000000 ) ) ;
#4944 = FACE_OUTER_BOUND ( 'NONE', #2255, .T. ) ;
#4945 = DIRECTION ( 'NONE',  ( 1.000000000000000000, 0.000000000000000000, 0.000000000000000000 ) ) ;
#4946 = EDGE_CURVE ( 'NONE', #9928, #4702, #506, .T. ) ;
#4947 = ADVANCED_FACE ( 'NONE', ( #7545 ), #185, .F. ) ;
#4948 = VECTOR ( 'NONE', #3535, 1000.000000000000000 ) ;
#4949 = AXIS2_PLACEMENT_3D ( 'NONE', #8321, #1553, #226 ) ;
#4950 = ORIENTED_EDGE ( 'NONE', *, *, #7182, .F. ) ;
#4951 = ORIENTED_EDGE ( 'NONE', *, *, #5491, .T. ) ;
#4952 = CARTESIAN_POINT ( 'NONE',  ( -5.499999999999996447, 1.000000000000000000, -6.700000000000000178 ) ) ;
#4953 = LINE ( 'NONE', #4789, #8487 ) ;
#4954 = CARTESIAN_POINT ( 'NONE',  ( 2.542012759203106320, 0.1000000000000001721, 2.000000000000000000 ) ) ;
#4955 = CARTESIAN_POINT ( 'NONE',  ( 3.880824640740575759, 0.4999999999999998890, -4.499999999999997335 ) ) ;
#4956 = LINE ( 'NONE', #2783, #1333 ) ;
#4957 = CARTESIAN_POINT ( 'NONE',  ( 4.250000000000000000, 6.550000000000000711, -5.099999999999999645 ) ) ;
#4958 = ORIENTED_EDGE ( 'NONE', *, *, #3597, .T. ) ;
#4959 = ADVANCED_FACE ( 'NONE', ( #7992 ), #6118, .F. ) ;
#4960 = DIRECTION ( 'NONE',  ( 0.000000000000000000, 0.000000000000000000, -1.000000000000000000 ) ) ;
#4961 = EDGE_CURVE ( 'NONE', #5655, #10571, #4011, .T. ) ;
#4962 = CARTESIAN_POINT ( 'NONE',  ( 3.299999999999999822, 2.949999999999998845, 7.299999999999998934 ) ) ;
#4963 = AXIS2_PLACEMENT_3D ( 'NONE', #8023, #8809, #9660 ) ;
#4964 = VECTOR ( 'NONE', #8635, 1000.000000000000000 ) ;
#4965 = EDGE_LOOP ( 'NONE', ( #10617, #9117, #3626, #3660 ) ) ;
#4966 = EDGE_CURVE ( 'NONE', #3485, #812, #8008, .T. ) ;
#4967 = VERTEX_POINT ( 'NONE', #8474 ) ;
#4968 = LINE ( 'NONE', #6338, #8521 ) ;
#4969 = EDGE_CURVE ( 'NONE', #5547, #4515, #931, .T. ) ;
#4970 = LINE ( 'NONE', #9538, #5036 ) ;
#4971 = CARTESIAN_POINT ( 'NONE',  ( -3.850000000000000089, 1.000000000000000000, -6.700000000000000178 ) ) ;
#4972 = DIRECTION ( 'NONE',  ( 1.535153518563546084E-16, 1.000000000000000000, 0.000000000000000000 ) ) ;
#4973 = LINE ( 'NONE', #8097, #8390 ) ;
#4974 = CARTESIAN_POINT ( 'NONE',  ( 0.2000000000000000944, -2.299999999999999822, 7.549999999999999822 ) ) ;
#4976 = ORIENTED_EDGE ( 'NONE', *, *, #4225, .T. ) ;
#4975 = ORIENTED_EDGE ( 'NONE', *, *, #7816, .F. ) ;
#4977 = CARTESIAN_POINT ( 'NONE',  ( 2.500000000000000000, -2.499999999999998224, -7.050000000000002487 ) ) ;
#4978 = EDGE_LOOP ( 'NONE', ( #8882, #9452, #3821, #3005 ) ) ;
#4979 = DIRECTION ( 'NONE',  ( -1.000000000000000000, -1.341711765540131426E-16, 0.000000000000000000 ) ) ;
#4980 = VECTOR ( 'NONE', #4663, 1000.000000000000000 ) ;
#4981 = DIRECTION ( 'NONE',  ( 1.535153518563546084E-16, 1.000000000000000000, 0.000000000000000000 ) ) ;
#4982 = CARTESIAN_POINT ( 'NONE',  ( 5.450000000000000178, 5.700000000000000178, -6.700000000000000178 ) ) ;
#4983 = ORIENTED_EDGE ( 'NONE', *, *, #6166, .F. ) ;
#4984 = DIRECTION ( 'NONE',  ( 1.000000000000000000, -0.000000000000000000, -0.000000000000000000 ) ) ;
#4985 = CARTESIAN_POINT ( 'NONE',  ( -5.750000000000000000, 5.700000000000000178, 5.250000000000000000 ) ) ;
#4986 = VERTEX_POINT ( 'NONE', #9384 ) ;
#4987 = CARTESIAN_POINT ( 'NONE',  ( 3.999999999999998224, -3.551475717527321367E-16, -4.500000000000000888 ) ) ;
#4988 = LINE ( 'NONE', #8520, #4923 ) ;
#4989 = AXIS2_PLACEMENT_3D ( 'NONE', #9003, #9886, #882 ) ;
#4990 = VECTOR ( 'NONE', #5615, 1000.000000000000000 ) ;
#4991 = EDGE_CURVE ( 'NONE', #1736, #9722, #469, .T. ) ;
#4992 = CARTESIAN_POINT ( 'NONE',  ( -6.599999999999997868, -2.034757436496875016, 1.000000000000000000 ) ) ;
#4993 = CARTESIAN_POINT ( 'NONE',  ( -4.549999999999997158, 2.400000000000000355, -5.850000000000000533 ) ) ;
#4994 = ORIENTED_EDGE ( 'NONE', *, *, #4051, .T. ) ;
#4995 = DIRECTION ( 'NONE',  ( -1.000000000000000000, -0.000000000000000000, -0.000000000000000000 ) ) ;
#4996 = ORIENTED_EDGE ( 'NONE', *, *, #9705, .T. ) ;
#4997 = DIRECTION ( 'NONE',  ( -1.000000000000000000, 0.000000000000000000, 0.000000000000000000 ) ) ;
#4998 = CARTESIAN_POINT ( 'NONE',  ( 3.999999999999998224, -3.551475717527321367E-16, -6.700000000000000178 ) ) ;
#4999 = DIRECTION ( 'NONE',  ( -1.000000000000000000, -1.341711765540131426E-16, 0.000000000000000000 ) ) ;
#5000 = ORIENTED_EDGE ( 'NONE', *, *, #4648, .T. ) ;
#5001 = LINE ( 'NONE', #4276, #1486 ) ;
#5002 = CARTESIAN_POINT ( 'NONE',  ( 6.200000000000000178, 2.100000000000000089, -1.000000000000000000 ) ) ;
#5003 = DIRECTION ( 'NONE',  ( -1.000000000000000000, 0.000000000000000000, 0.000000000000000000 ) ) ;
#5004 = DIRECTION ( 'NONE',  ( 0.000000000000000000, 0.000000000000000000, -1.000000000000000000 ) ) ;
#5005 = EDGE_CURVE ( 'NONE', #7908, #2705, #448, .T. ) ;
#5006 = PLANE ( 'NONE',  #8176 ) ;
#5007 = FACE_OUTER_BOUND ( 'NONE', #6356, .T. ) ;
#5008 = DIRECTION ( 'NONE',  ( -1.000000000000000000, 0.000000000000000000, 0.000000000000000000 ) ) ;
#5009 = EDGE_CURVE ( 'NONE', #6786, #1559, #7714, .T. ) ;
#5010 = ORIENTED_EDGE ( 'NONE', *, *, #5094, .F. ) ;
#5011 = ORIENTED_EDGE ( 'NONE', *, *, #8752, .T. ) ;
#5012 = AXIS2_PLACEMENT_3D ( 'NONE', #7820, #8562, #10481 ) ;
#5013 = FACE_OUTER_BOUND ( 'NONE', #10264, .T. ) ;
#5014 = DIRECTION ( 'NONE',  ( 0.000000000000000000, 0.000000000000000000, -1.000000000000000000 ) ) ;
#5015 = DIRECTION ( 'NONE',  ( 0.000000000000000000, -4.430117370400858162E-17, 1.000000000000000000 ) ) ;
#5016 = CARTESIAN_POINT ( 'NONE',  ( -4.250000000000000000, 6.700000000000000178, -4.524999999999999467 ) ) ;
#5017 = LINE ( 'NONE', #7141, #1331 ) ;
#5018 = CARTESIAN_POINT ( 'NONE',  ( -4.250000000000000000, 6.550000000000000711, -5.099999999999999645 ) ) ;
#5019 = DIRECTION ( 'NONE',  ( 0.000000000000000000, 0.000000000000000000, -1.000000000000000000 ) ) ;
#5020 = VECTOR ( 'NONE', #9037, 1000.000000000000000 ) ;
#5021 = ADVANCED_FACE ( 'NONE', ( #4190 ), #2696, .F. ) ;
#5022 = EDGE_CURVE ( 'NONE', #9404, #10572, #7786, .T. ) ;
#5023 = DIRECTION ( 'NONE',  ( -1.000000000000000000, -0.000000000000000000, 0.000000000000000000 ) ) ;
#5025 = VERTEX_POINT ( 'NONE', #8542 ) ;
#5024 = EDGE_LOOP ( 'NONE', ( #5401, #8982, #2086, #7102, #2353, #8647, #8027, #1785 ) ) ;
#5026 = VERTEX_POINT ( 'NONE', #6364 ) ;
#5027 = ORIENTED_EDGE ( 'NONE', *, *, #9948, .F. ) ;
#5028 = CARTESIAN_POINT ( 'NONE',  ( 2.299999999999999822, 0.6999999999999997335, 7.549999999999999822 ) ) ;
#5029 = FACE_OUTER_BOUND ( 'NONE', #10107, .T. ) ;
#5030 = AXIS2_PLACEMENT_3D ( 'NONE', #323, #2611, #5898 ) ;
#5031 = VERTEX_POINT ( 'NONE', #5625 ) ;
#5032 = VERTEX_POINT ( 'NONE', #8836 ) ;
#5033 = VECTOR ( 'NONE', #4586, 1000.000000000000000 ) ;
#5034 = CARTESIAN_POINT ( 'NONE',  ( -5.799999999999996270, 1.000000000000000000, -4.999999999999997335 ) ) ;
#5035 = DIRECTION ( 'NONE',  ( 0.000000000000000000, -1.000000000000000000, 8.673617379883977096E-15 ) ) ;
#5036 = VECTOR ( 'NONE', #1952, 1000.000000000000000 ) ;
#5037 = CARTESIAN_POINT ( 'NONE',  ( 5.049999999999997158, 2.400000000000000355, 2.000000000000000000 ) ) ;
#5038 = DIRECTION ( 'NONE',  ( -1.000000000000000000, 0.000000000000000000, 0.000000000000000000 ) ) ;
#5039 = EDGE_CURVE ( 'NONE', #8512, #5298, #4292, .T. ) ;
#5041 = VERTEX_POINT ( 'NONE', #1412 ) ;
#5040 = EDGE_LOOP ( 'NONE', ( #1278, #7841, #4425, #4624 ) ) ;
#5042 = CARTESIAN_POINT ( 'NONE',  ( 5.049999999999997158, 2.128355624055937206E-16, -6.700000000000000178 ) ) ;
#5043 = VERTEX_POINT ( 'NONE', #4040 ) ;
#5044 = ADVANCED_FACE ( 'NONE', ( #4123 ), #742, .T. ) ;
#5045 = EDGE_CURVE ( 'NONE', #6004, #5778, #896, .T. ) ;
#5046 = VECTOR ( 'NONE', #337, 1000.000000000000000 ) ;
#5047 = DIRECTION ( 'NONE',  ( 0.000000000000000000, 0.000000000000000000, -1.000000000000000000 ) ) ;
#5048 = DIRECTION ( 'NONE',  ( 0.7071067811865462405, 0.000000000000000000, 0.7071067811865489050 ) ) ;
#5049 = ORIENTED_EDGE ( 'NONE', *, *, #7970, .T. ) ;
#5050 = PLANE ( 'NONE',  #9828 ) ;
#5051 = EDGE_CURVE ( 'NONE', #2712, #1907, #4435, .T. ) ;
#5052 =( NAMED_UNIT ( * ) PLANE_ANGLE_UNIT ( ) SI_UNIT ( $, .RADIAN. ) );
#5053 = AXIS2_PLACEMENT_3D ( 'NONE', #8396, #9972, #8455 ) ;
#5054 = EDGE_LOOP ( 'NONE', ( #900, #2318, #2790, #8138 ) ) ;
#5055 = FACE_OUTER_BOUND ( 'NONE', #7845, .T. ) ;
#5056 = FACE_OUTER_BOUND ( 'NONE', #3040, .T. ) ;
#5057 = CIRCLE ( 'NONE', #4273, 0.5749999999999982903 ) ;
#5058 = DIRECTION ( 'NONE',  ( -1.000000000000000000, 0.000000000000000000, -0.000000000000000000 ) ) ;
#5060 = ORIENTED_EDGE ( 'NONE', *, *, #1209, .F. ) ;
#5059 = ORIENTED_EDGE ( 'NONE', *, *, #5272, .F. ) ;
#5061 = CARTESIAN_POINT ( 'NONE',  ( -3.880824640740575759, 0.09999999999999990841, 4.500000000000000888 ) ) ;
#5062 = ORIENTED_EDGE ( 'NONE', *, *, #10273, .T. ) ;
#5063 = DIRECTION ( 'NONE',  ( 0.000000000000000000, -1.000000000000000000, 0.000000000000000000 ) ) ;
#5064 = MANIFOLD_SOLID_BREP ( 'Split1[3]', #3137 ) ;
#5065 = DIRECTION ( 'NONE',  ( 0.000000000000000000, 1.000000000000000000, 0.000000000000000000 ) ) ;
#5066 = LINE ( 'NONE', #7203, #1446 ) ;
#5067 = CARTESIAN_POINT ( 'NONE',  ( 0.000000000000000000, 2.100000000000000089, 1.599999999999999867 ) ) ;
#5068 = DIRECTION ( 'NONE',  ( -1.000000000000000000, 0.000000000000000000, 0.000000000000000000 ) ) ;
#5069 = ORIENTED_EDGE ( 'NONE', *, *, #9490, .T. ) ;
#5070 = EDGE_CURVE ( 'NONE', #1559, #6208, #707, .T. ) ;
#5071 = DIRECTION ( 'NONE',  ( 0.000000000000000000, 0.000000000000000000, -1.000000000000000000 ) ) ;
#5072 = VERTEX_POINT ( 'NONE', #8686 ) ;
#5073 = CARTESIAN_POINT ( 'NONE',  ( -2.499999999999999556, 0.6999999999999997335, 7.699999999999997513 ) ) ;
#5074 = VERTEX_POINT ( 'NONE', #8764 ) ;
#5075 = LINE ( 'NONE', #1203, #8541 ) ;
#5076 = CARTESIAN_POINT ( 'NONE',  ( 3.880824640740575759, 0.09999999999999990841, 3.000000000000000000 ) ) ;
#5077 = AXIS2_PLACEMENT_3D ( 'NONE', #309, #5885, #958 ) ;
#5078 = DIRECTION ( 'NONE',  ( 0.000000000000000000, -2.460132057943349518E-16, 1.000000000000000000 ) ) ;
#5079 = DIRECTION ( 'NONE',  ( -0.9396926207859082059, -0.3420201433256695456, -1.515189377974040262E-17 ) ) ;
#5080 = CARTESIAN_POINT ( 'NONE',  ( 0.000000000000000000, 6.100000000000000533, 0.000000000000000000 ) ) ;
#5081 = CARTESIAN_POINT ( 'NONE',  ( -5.799999999999996270, 0.1000000000000001721, 2.000000000000000000 ) ) ;
#5082 = EDGE_CURVE ( 'NONE', #3896, #3510, #7686, .T. ) ;
#5083 = CARTESIAN_POINT ( 'NONE',  ( 5.908508773426603966, -0.9841458618106281309, 1.000000000000000000 ) ) ;
#5084 = ORIENTED_EDGE ( 'NONE', *, *, #1727, .T. ) ;
#5085 = ORIENTED_EDGE ( 'NONE', *, *, #9350, .T. ) ;
#5086 = VECTOR ( 'NONE', #4315, 1000.000000000000000 ) ;
#5087 = ORIENTED_EDGE ( 'NONE', *, *, #10460, .F. ) ;
#5088 = CARTESIAN_POINT ( 'NONE',  ( 5.049999999999997158, 0.000000000000000000, 4.500000000000001776 ) ) ;
#5089 = EDGE_CURVE ( 'NONE', #4142, #5032, #598, .T. ) ;
#5090 = VERTEX_POINT ( 'NONE', #2413 ) ;
#5091 = ADVANCED_FACE ( 'NONE', ( #7974 ), #4104, .T. ) ;
#5092 = CARTESIAN_POINT ( 'NONE',  ( -1.603581858547019623, 2.685093333532154070, 7.299999999999998934 ) ) ;
#5093 = TOROIDAL_SURFACE ( 'NONE', #2969, 0.05000000000000010686, 0.1499999999999999944 ) ;
#5094 = EDGE_CURVE ( 'NONE', #429, #4444, #7655, .T. ) ;
#5095 = FACE_OUTER_BOUND ( 'NONE', #7739, .T. ) ;
#5096 = DIRECTION ( 'NONE',  ( 1.000000000000000000, 0.000000000000000000, 0.000000000000000000 ) ) ;
#5097 = STYLED_ITEM ( 'NONE', ( #9153 ), #630 ) ;
#5098 = EDGE_LOOP ( 'NONE', ( #5274, #9895, #3642, #10438, #1163 ) ) ;
#5099 = AXIS2_PLACEMENT_3D ( 'NONE', #5251, #178, #254 ) ;
#5100 = VERTEX_POINT ( 'NONE', #10527 ) ;
#5101 = CYLINDRICAL_SURFACE ( 'NONE', #4713, 0.6000000000000007550 ) ;
#5102 = CARTESIAN_POINT ( 'NONE',  ( 5.049999999999997158, 2.400000000000000355, 5.000000000000000888 ) ) ;
#5103 = CARTESIAN_POINT ( 'NONE',  ( -5.799999999999996270, 0.5000000000000002220, 4.500000000000000888 ) ) ;
#5104 = EDGE_CURVE ( 'NONE', #2915, #7543, #7833, .T. ) ;
#5105 = ORIENTED_EDGE ( 'NONE', *, *, #7169, .T. ) ;
#5106 = ORIENTED_EDGE ( 'NONE', *, *, #4070, .T. ) ;
#5107 = AXIS2_PLACEMENT_3D ( 'NONE', #9575, #5303, #9738 ) ;
#5108 = VERTEX_POINT ( 'NONE', #7986 ) ;
#5109 = CYLINDRICAL_SURFACE ( 'NONE', #611, 0.1499999999999999667 ) ;
#5110 = CARTESIAN_POINT ( 'NONE',  ( 0.8000000000000001554, 0.7999999999999982681, 7.549999999999999822 ) ) ;
#5111 =( NAMED_UNIT ( * ) PLANE_ANGLE_UNIT ( ) SI_UNIT ( $, .RADIAN. ) );
#5112 = ADVANCED_FACE ( 'NONE', ( #614 ), #527, .T. ) ;
#5113 = DIRECTION ( 'NONE',  ( 0.5735764363510492680, -0.8191520442889894671, 0.000000000000000000 ) ) ;
#5114 = DIRECTION ( 'NONE',  ( -0.5735764363510473807, 0.8191520442889910214, 0.000000000000000000 ) ) ;
#5115 = DIRECTION ( 'NONE',  ( 0.000000000000000000, 0.000000000000000000, -1.000000000000000000 ) ) ;
#5116 = VERTEX_POINT ( 'NONE', #10453 ) ;
#5117 = PLANE ( 'NONE',  #5240 ) ;
#5118 = ORIENTED_EDGE ( 'NONE', *, *, #3421, .F. ) ;
#5119 = EDGE_CURVE ( 'NONE', #4986, #4059, #7737, .T. ) ;
#5120 = AXIS2_PLACEMENT_3D ( 'NONE', #5322, #5963, #6189 ) ;
#5121 = CYLINDRICAL_SURFACE ( 'NONE', #1633, 0.5749999999999982903 ) ;
#5122 = CARTESIAN_POINT ( 'NONE',  ( -6.399999999999998579, -0.6400000000000000133, 1.000000000000000000 ) ) ;
#5123 = EDGE_CURVE ( 'NONE', #4149, #1646, #652, .T. ) ;
#5124 = ORIENTED_EDGE ( 'NONE', *, *, #6060, .F. ) ;
#5125 = DIRECTION ( 'NONE',  ( 0.8191520442889912434, -0.5735764363510468256, 0.000000000000000000 ) ) ;
#5126 = DIRECTION ( 'NONE',  ( -0.5735764363510473807, -0.8191520442889910214, 0.000000000000000000 ) ) ;
#5127 = ORIENTED_EDGE ( 'NONE', *, *, #6028, .F. ) ;
#5128 = CARTESIAN_POINT ( 'NONE',  ( 0.7999999999999999334, 2.650000000000000799, 7.299999999999998934 ) ) ;
#5129 = ORIENTED_EDGE ( 'NONE', *, *, #1368, .T. ) ;
#5130 = LINE ( 'NONE', #1711, #1449 ) ;
#5131 = AXIS2_PLACEMENT_3D ( 'NONE', #6217, #7875, #8630 ) ;
#5132 = LINE ( 'NONE', #601, #8508 ) ;
#5133 = CARTESIAN_POINT ( 'NONE',  ( 2.500000000000000000, -2.299999999999998046, -7.050000000000000711 ) ) ;
#5134 = ORIENTED_EDGE ( 'NONE', *, *, #2789, .F. ) ;
#5135 = CARTESIAN_POINT ( 'NONE',  ( -3.299999999999999822, 2.949999999999998845, 7.299999999999999822 ) ) ;
#5136 = ORIENTED_EDGE ( 'NONE', *, *, #9735, .T. ) ;
#5137 = ORIENTED_EDGE ( 'NONE', *, *, #4048, .T. ) ;
#5138 = ADVANCED_FACE ( 'NONE', ( #4223 ), #7276, .T. ) ;
#5139 = CARTESIAN_POINT ( 'NONE',  ( -5.049999999999997158, 4.986986664055304885, 5.350000000000001421 ) ) ;
#5140 = CARTESIAN_POINT ( 'NONE',  ( -1.699999999999999956, 0.7999999999999982681, 7.549999999999999822 ) ) ;
#5141 = EDGE_CURVE ( 'NONE', #5900, #2915, #687, .T. ) ;
#5142 = VECTOR ( 'NONE', #9805, 1000.000000000000000 ) ;
#5143 = DIRECTION ( 'NONE',  ( -1.000000000000000000, -0.000000000000000000, -0.000000000000000000 ) ) ;
#5144 = DIRECTION ( 'NONE',  ( 0.000000000000000000, 1.000000000000000000, 0.000000000000000000 ) ) ;
#5145 = VERTEX_POINT ( 'NONE', #4939 ) ;
#5146 = CARTESIAN_POINT ( 'NONE',  ( 6.399999999999998579, -0.6400000000000000133, -1.000000000000000000 ) ) ;
#5147 = ORIENTED_EDGE ( 'NONE', *, *, #4524, .F. ) ;
#5148 = EDGE_CURVE ( 'NONE', #908, #10296, #8054, .T. ) ;
#5149 = ORIENTED_EDGE ( 'NONE', *, *, #4966, .F. ) ;
#5150 = DIRECTION ( 'NONE',  ( -0.000000000000000000, -1.000000000000000000, -0.000000000000000000 ) ) ;
#5151 = CARTESIAN_POINT ( 'NONE',  ( -3.850000000000000089, 2.400000000000000355, -6.700000000000000178 ) ) ;
#5152 = DIRECTION ( 'NONE',  ( -0.000000000000000000, -1.000000000000000000, -0.000000000000000000 ) ) ;
#5153 = FACE_OUTER_BOUND ( 'NONE', #2537, .T. ) ;
#5154 = AXIS2_PLACEMENT_3D ( 'NONE', #6894, #1155, #4421 ) ;
#5155 = CARTESIAN_POINT ( 'NONE',  ( 0.000000000000000000, 14.49999999999999645, 0.000000000000000000 ) ) ;
#5156 = PLANE ( 'NONE',  #9076 ) ;
#5157 = ORIENTED_EDGE ( 'NONE', *, *, #999, .T. ) ;
#5158 = ORIENTED_EDGE ( 'NONE', *, *, #8778, .T. ) ;
#5159 = VECTOR ( 'NONE', #4351, 1000.000000000000000 ) ;
#5160 = COLOUR_RGB ( '',0.2509803921568627416, 0.2509803921568627416, 0.2509803921568627416 ) ;
#5161 = DIRECTION ( 'NONE',  ( 0.000000000000000000, -1.000000000000000000, 0.000000000000000000 ) ) ;
#5162 = EDGE_CURVE ( 'NONE', #9398, #310, #959, .T. ) ;
#5163 = ORIENTED_EDGE ( 'NONE', *, *, #10106, .F. ) ;
#5164 = VERTEX_POINT ( 'NONE', #9052 ) ;
#5165 = FACE_OUTER_BOUND ( 'NONE', #7015, .T. ) ;
#5166 = CARTESIAN_POINT ( 'NONE',  ( 2.100000000000000089, 2.504411906293520396, -6.200000000000001954 ) ) ;
#5167 = EDGE_CURVE ( 'NONE', #8934, #608, #1161, .T. ) ;
#5168 = CARTESIAN_POINT ( 'NONE',  ( 5.799999999999998046, -0.6400000000000000133, -1.000000000000000000 ) ) ;
#5169 = VECTOR ( 'NONE', #1251, 999.9999999999998863 ) ;
#5170 = AXIS2_PLACEMENT_3D ( 'NONE', #5901, #2614, #3316 ) ;
#5171 = LINE ( 'NONE', #8498, #8712 ) ;
#5172 = PLANE ( 'NONE',  #9424 ) ;
#5173 = ORIENTED_EDGE ( 'NONE', *, *, #5148, .F. ) ;
#5174 = ORIENTED_EDGE ( 'NONE', *, *, #7355, .F. ) ;
#5175 = VECTOR ( 'NONE', #2081, 1000.000000000000000 ) ;
#5176 = DIRECTION ( 'NONE',  ( 1.000000000000000000, 0.000000000000000000, 0.000000000000000000 ) ) ;
#5177 = DIRECTION ( 'NONE',  ( 1.000000000000000000, 0.000000000000000000, 0.000000000000000000 ) ) ;
#5178 = CARTESIAN_POINT ( 'NONE',  ( -1.699999999999999956, 2.999999999999998224, 6.349999999999997868 ) ) ;
#5179 = FACE_OUTER_BOUND ( 'NONE', #9769, .T. ) ;
#5180 = ORIENTED_EDGE ( 'NONE', *, *, #10389, .F. ) ;
#5181 = ADVANCED_FACE ( 'NONE', ( #1279 ), #1688, .T. ) ;
#5182 = LINE ( 'NONE', #4719, #1345 ) ;
#5183 = CARTESIAN_POINT ( 'NONE',  ( -6.199999999999999289, 5.650000000000001243, 5.250000000000000000 ) ) ;
#5184 = DIRECTION ( 'NONE',  ( -1.807003620809174139E-16, 1.000000000000000000, -1.153875183674998759E-16 ) ) ;
#5185 = EDGE_CURVE ( 'NONE', #1400, #6431, #4537, .T. ) ;
#5186 = CARTESIAN_POINT ( 'NONE',  ( 6.744145861810626918, -2.526248663070270073, -1.000000000000000000 ) ) ;
#5187 = CARTESIAN_POINT ( 'NONE',  ( -6.744145861810626030, -2.526248663070268741, -1.000000000000000000 ) ) ;
#5188 = DIRECTION ( 'NONE',  ( 1.000000000000000000, 0.000000000000000000, 0.000000000000000000 ) ) ;
#5189 = DIRECTION ( 'NONE',  ( 0.000000000000000000, 0.000000000000000000, 1.000000000000000000 ) ) ;
#5191 = ORIENTED_EDGE ( 'NONE', *, *, #8610, .F. ) ;
#5190 = ORIENTED_EDGE ( 'NONE', *, *, #10026, .F. ) ;
#5192 = DIRECTION ( 'NONE',  ( -1.000000000000000000, -0.000000000000000000, -0.000000000000000000 ) ) ;
#5193 = AXIS2_PLACEMENT_3D ( 'NONE', #1999, #9581, #9664 ) ;
#5194 = VERTEX_POINT ( 'NONE', #7418 ) ;
#5195 = CARTESIAN_POINT ( 'NONE',  ( 4.250000000000000000, 6.700000000000000178, 5.099999999999999645 ) ) ;
#5196 = CARTESIAN_POINT ( 'NONE',  ( 2.550000000000001155, 0.1000000000000017264, -7.049999999999999822 ) ) ;
#5197 = DIRECTION ( 'NONE',  ( 0.000000000000000000, 0.000000000000000000, 1.000000000000000000 ) ) ;
#5198 = ORIENTED_EDGE ( 'NONE', *, *, #7671, .F. ) ;
#5199 = SURFACE_SIDE_STYLE ('',( #5399 ) ) ;
#5200 = ORIENTED_EDGE ( 'NONE', *, *, #7952, .F. ) ;
#5201 = LINE ( 'NONE', #7257, #8505 ) ;
#5202 = ADVANCED_FACE ( 'NONE', ( #1210 ), #5999, .T. ) ;
#5203 = DIRECTION ( 'NONE',  ( 1.000000000000000000, 0.000000000000000000, -0.000000000000000000 ) ) ;
#5204 = EDGE_CURVE ( 'NONE', #5805, #1528, #4704, .T. ) ;
#5205 = ORIENTED_EDGE ( 'NONE', *, *, #9154, .T. ) ;
#5206 = ORIENTED_EDGE ( 'NONE', *, *, #5070, .T. ) ;
#5207 = DIRECTION ( 'NONE',  ( 0.000000000000000000, 0.000000000000000000, 1.000000000000000000 ) ) ;
#5208 = EDGE_CURVE ( 'NONE', #7763, #6611, #4574, .T. ) ;
#5209 = AXIS2_PLACEMENT_3D ( 'NONE', #10514, #10573, #726 ) ;
#5210 = DIRECTION ( 'NONE',  ( 1.000000000000000000, 0.000000000000000000, 0.000000000000000000 ) ) ;
#5211 = VECTOR ( 'NONE', #5713, 1000.000000000000000 ) ;
#5212 = CARTESIAN_POINT ( 'NONE',  ( -5.799999999999996270, 3.100000000000000089, -1.599999999999999867 ) ) ;
#5213 = CARTESIAN_POINT ( 'NONE',  ( -2.500000000000000000, -3.099999999999997424, -7.050000000000002487 ) ) ;
#5214 = DIRECTION ( 'NONE',  ( 0.000000000000000000, 2.017120320903263702E-16, -1.000000000000000000 ) ) ;
#5215 = EDGE_CURVE ( 'NONE', #5041, #9714, #1195, .T. ) ;
#5216 = ORIENTED_EDGE ( 'NONE', *, *, #4486, .T. ) ;
#5217 = ORIENTED_EDGE ( 'NONE', *, *, #9741, .F. ) ;
#5218 = CARTESIAN_POINT ( 'NONE',  ( -3.299999999999999822, 0.8000000000000001554, -6.800000000000001599 ) ) ;
#5219 = EDGE_CURVE ( 'NONE', #10493, #2950, #8284, .T. ) ;
#5220 = CARTESIAN_POINT ( 'NONE',  ( 5.750000000000000000, 6.100000000000000533, 6.700000000000000178 ) ) ;
#5222 = VERTEX_POINT ( 'NONE', #3413 ) ;
#5221 = ORIENTED_EDGE ( 'NONE', *, *, #160, .F. ) ;
#5223 = ORIENTED_EDGE ( 'NONE', *, *, #4384, .F. ) ;
#5224 = ADVANCED_FACE ( 'NONE', ( #8352 ), #10189, .T. ) ;
#5225 = VECTOR ( 'NONE', #4727, 1000.000000000000000 ) ;
#5226 = CARTESIAN_POINT ( 'NONE',  ( 0.000000000000000000, 0.09999999999999971412, 3.000000000000000444 ) ) ;
#5227 = VECTOR ( 'NONE', #1494, 1000.000000000000000 ) ;
#5228 = PLANE ( 'NONE',  #3868 ) ;
#5229 = EDGE_CURVE ( 'NONE', #6630, #2950, #1062, .T. ) ;
#5230 = VERTEX_POINT ( 'NONE', #213 ) ;
#5231 = LINE ( 'NONE', #3032, #1770 ) ;
#5232 = AXIS2_PLACEMENT_3D ( 'NONE', #8473, #7726, #9305 ) ;
#5233 = AXIS2_PLACEMENT_3D ( 'NONE', #834, #9815, #10553 ) ;
#5234 = DIRECTION ( 'NONE',  ( 0.000000000000000000, -1.000000000000000000, -2.460132057943349518E-16 ) ) ;
#5235 = DIRECTION ( 'NONE',  ( 0.000000000000000000, 0.000000000000000000, -1.000000000000000000 ) ) ;
#5236 = TOROIDAL_SURFACE ( 'NONE', #4359, 0.05000000000000010686, 0.1499999999999999944 ) ;
#5237 = EDGE_CURVE ( 'NONE', #9088, #5025, #8269, .T. ) ;
#5238 = CARTESIAN_POINT ( 'NONE',  ( -5.799999999999996270, 0.5000000000000002220, -3.000000000000000000 ) ) ;
#5239 = ORIENTED_EDGE ( 'NONE', *, *, #1260, .F. ) ;
#5240 = AXIS2_PLACEMENT_3D ( 'NONE', #3567, #5966, #2932 ) ;
#5241 = VERTEX_POINT ( 'NONE', #5002 ) ;
#5242 = CARTESIAN_POINT ( 'NONE',  ( -2.500000000000000000, -2.299999999999999822, 7.699999999999997513 ) ) ;
#5243 = DIRECTION ( 'NONE',  ( 0.000000000000000000, 2.017120320903263702E-16, -1.000000000000000000 ) ) ;
#5244 = LINE ( 'NONE', #9357, #5442 ) ;
#5245 = ORIENTED_EDGE ( 'NONE', *, *, #1579, .F. ) ;
#5246 = ORIENTED_EDGE ( 'NONE', *, *, #5141, .F. ) ;
#5247 = EDGE_CURVE ( 'NONE', #10387, #3231, #8198, .T. ) ;
#5248 = DIRECTION ( 'NONE',  ( -1.535153518563545837E-16, -1.000000000000000000, 0.000000000000000000 ) ) ;
#5249 = LINE ( 'NONE', #8497, #1849 ) ;
#5250 = DIRECTION ( 'NONE',  ( 1.000000000000000000, 0.000000000000000000, -0.000000000000000000 ) ) ;
#5251 = CARTESIAN_POINT ( 'NONE',  ( 2.500000000000000444, 0.6999999999999998446, 7.549999999999999822 ) ) ;
#5252 = EDGE_CURVE ( 'NONE', #10008, #5074, #1075, .T. ) ;
#5253 = DIRECTION ( 'NONE',  ( 0.000000000000000000, 1.000000000000000000, 0.000000000000000000 ) ) ;
#5255 = ORIENTED_EDGE ( 'NONE', *, *, #333, .F. ) ;
#5254 = EDGE_LOOP ( 'NONE', ( #8703, #8621, #7981, #9642, #1515, #639 ) ) ;
#5256 = DIRECTION ( 'NONE',  ( 0.000000000000000000, 0.000000000000000000, -1.000000000000000000 ) ) ;
#5257 = CYLINDRICAL_SURFACE ( 'NONE', #9560, 0.04999999999999969746 ) ;
#5258 = CARTESIAN_POINT ( 'NONE',  ( 5.049999999999997158, 2.128355624055937206E-16, -6.700000000000000178 ) ) ;
#5259 = ORIENTED_EDGE ( 'NONE', *, *, #547, .T. ) ;
#5260 = EDGE_LOOP ( 'NONE', ( #5313, #7181, #2741, #3748 ) ) ;
#5261 = LINE ( 'NONE', #5540, #8775 ) ;
#5262 = AXIS2_PLACEMENT_3D ( 'NONE', #7774, #3154, #2992 ) ;
#5263 = LINE ( 'NONE', #6552, #9062 ) ;
#5264 = DIRECTION ( 'NONE',  ( -1.000000000000000000, -0.000000000000000000, 0.000000000000000000 ) ) ;
#5265 = DIRECTION ( 'NONE',  ( 0.000000000000000000, 1.000000000000000000, 0.000000000000000000 ) ) ;
#5266 = DIRECTION ( 'NONE',  ( -1.000000000000000000, 0.000000000000000000, 0.000000000000000000 ) ) ;
#5267 = ORIENTED_EDGE ( 'NONE', *, *, #5414, .F. ) ;
#5268 = DIRECTION ( 'NONE',  ( 0.000000000000000000, 0.000000000000000000, -1.000000000000000000 ) ) ;
#5269 = ORIENTED_EDGE ( 'NONE', *, *, #3726, .F. ) ;
#5270 = ADVANCED_FACE ( 'NONE', ( #8183 ), #1107, .F. ) ;
#5271 = LINE ( 'NONE', #9749, #8763 ) ;
#5272 = EDGE_CURVE ( 'NONE', #812, #9554, #8338, .T. ) ;
#5273 = DIRECTION ( 'NONE',  ( 0.8191520442889912434, 0.5735764363510468256, 0.000000000000000000 ) ) ;
#5275 = ORIENTED_EDGE ( 'NONE', *, *, #7728, .F. ) ;
#5274 = ORIENTED_EDGE ( 'NONE', *, *, #7495, .F. ) ;
#5276 = EDGE_CURVE ( 'NONE', #7002, #440, #4757, .T. ) ;
#5277 = ORIENTED_EDGE ( 'NONE', *, *, #5527, .T. ) ;
#5278 = DIRECTION ( 'NONE',  ( 3.614007241618348278E-16, 1.000000000000000000, 4.430117370400858162E-17 ) ) ;
#5279 = DIRECTION ( 'NONE',  ( 1.000000000000000000, 0.000000000000000000, 0.000000000000000000 ) ) ;
#5280 = AXIS2_PLACEMENT_3D ( 'NONE', #5770, #7685, #6848 ) ;
#5281 = DIRECTION ( 'NONE',  ( -1.000000000000000000, 0.000000000000000000, 0.000000000000000000 ) ) ;
#5282 = ORIENTED_EDGE ( 'NONE', *, *, #2046, .F. ) ;
#5283 = ORIENTED_EDGE ( 'NONE', *, *, #3532, .T. ) ;
#5284 = FACE_OUTER_BOUND ( 'NONE', #8447, .T. ) ;
#5285 = CARTESIAN_POINT ( 'NONE',  ( -5.799999999999996270, 2.400000000000000355, 3.000000000000000000 ) ) ;
#5286 = CARTESIAN_POINT ( 'NONE',  ( 2.100000000000000089, -3.100000000000000089, 6.699999999999999289 ) ) ;
#5287 = FACE_OUTER_BOUND ( 'NONE', #8679, .T. ) ;
#5288 = PLANE ( 'NONE',  #4552 ) ;
#5289 = ADVANCED_FACE ( 'NONE', ( #4771 ), #2048, .T. ) ;
#5290 = CARTESIAN_POINT ( 'NONE',  ( 0.000000000000000000, 8.099999999999999645, -3.000000000000000444 ) ) ;
#5291 = VECTOR ( 'NONE', #852, 1000.000000000000000 ) ;
#5292 = EDGE_CURVE ( 'NONE', #1685, #4212, #8118, .T. ) ;
#5293 = ORIENTED_EDGE ( 'NONE', *, *, #5930, .F. ) ;
#5294 = VERTEX_POINT ( 'NONE', #10409 ) ;
#5295 = UNCERTAINTY_MEASURE_WITH_UNIT (LENGTH_MEASURE( 1.000000000000000082E-05 ), #9463, 'distance_accuracy_value', 'NONE');
#5296 = LINE ( 'NONE', #2659, #5500 ) ;
#5297 = CARTESIAN_POINT ( 'NONE',  ( 0.4000000000000001887, 0.7999999999999983791, 7.299999999999998934 ) ) ;
#5298 = VERTEX_POINT ( 'NONE', #10267 ) ;
#5299 = AXIS2_PLACEMENT_3D ( 'NONE', #2665, #6940, #3437 ) ;
#5300 = ORIENTED_EDGE ( 'NONE', *, *, #4991, .T. ) ;
#5301 = VECTOR ( 'NONE', #4481, 1000.000000000000000 ) ;
#5302 = CARTESIAN_POINT ( 'NONE',  ( -1.983582586957798544, 2.170863245782921780, 7.299999999999998934 ) ) ;
#5303 = DIRECTION ( 'NONE',  ( -1.000000000000000000, -0.000000000000000000, -0.000000000000000000 ) ) ;
#5304 = DIRECTION ( 'NONE',  ( 0.000000000000000000, 0.000000000000000000, -1.000000000000000000 ) ) ;
#5305 = CIRCLE ( 'NONE', #6113, 0.2000000000000000944 ) ;
#5306 = CARTESIAN_POINT ( 'NONE',  ( -5.450000000000000178, 5.700000000000000178, 6.700000000000000178 ) ) ;
#5307 = VERTEX_POINT ( 'NONE', #5218 ) ;
#5308 = ORIENTED_EDGE ( 'NONE', *, *, #8422, .F. ) ;
#5309 = LINE ( 'NONE', #7016, #8532 ) ;
#5310 = CARTESIAN_POINT ( 'NONE',  ( -1.699999999999999956, 1.100000000000000089, -5.850000000000000533 ) ) ;
#5311 = DIRECTION ( 'NONE',  ( 0.000000000000000000, 0.000000000000000000, 1.000000000000000000 ) ) ;
#5312 = LINE ( 'NONE', #756, #5227 ) ;
#5313 = ORIENTED_EDGE ( 'NONE', *, *, #300, .T. ) ;
#5314 = EDGE_CURVE ( 'NONE', #7616, #5090, #8232, .T. ) ;
#5315 = EDGE_LOOP ( 'NONE', ( #8563, #1078, #7486, #10472 ) ) ;
#5316 = ORIENTED_EDGE ( 'NONE', *, *, #1794, .F. ) ;
#5317 = VECTOR ( 'NONE', #6667, 1000.000000000000000 ) ;
#5318 = EDGE_CURVE ( 'NONE', #6083, #6697, #4511, .T. ) ;
#5319 = AXIS2_PLACEMENT_3D ( 'NONE', #415, #3072, #6320 ) ;
#5320 = DIRECTION ( 'NONE',  ( 0.000000000000000000, 1.000000000000000000, 0.000000000000000000 ) ) ;
#5321 = LINE ( 'NONE', #8839, #2003 ) ;
#5322 = CARTESIAN_POINT ( 'NONE',  ( 5.499999999999996447, 5.500000000000000888, 6.400000000000000355 ) ) ;
#5323 = CARTESIAN_POINT ( 'NONE',  ( -5.799999999999996270, 0.5000000000000002220, 4.500000000000000888 ) ) ;
#5324 = DIRECTION ( 'NONE',  ( 0.000000000000000000, -1.000000000000000000, 8.673617379883880855E-15 ) ) ;
#5325 = CARTESIAN_POINT ( 'NONE',  ( -6.199999999999999289, 5.650000000000001243, 5.250000000000000000 ) ) ;
#5327 = ORIENTED_EDGE ( 'NONE', *, *, #7127, .F. ) ;
#5326 = ORIENTED_EDGE ( 'NONE', *, *, #1132, .T. ) ;
#5328 = CARTESIAN_POINT ( 'NONE',  ( 5.049999999999997158, 1.000000000000000000, 5.350000000000001421 ) ) ;
#5329 = VERTEX_POINT ( 'NONE', #402 ) ;
#5330 = DIRECTION ( 'NONE',  ( 0.000000000000000000, 0.000000000000000000, 1.000000000000000000 ) ) ;
#5331 = CYLINDRICAL_SURFACE ( 'NONE', #5107, 0.04999999999999969746 ) ;
#5332 = DIRECTION ( 'NONE',  ( 0.000000000000000000, 0.000000000000000000, 1.000000000000000000 ) ) ;
#5333 = DIRECTION ( 'NONE',  ( -0.000000000000000000, -1.000000000000000000, -0.000000000000000000 ) ) ;
#5334 = ORIENTED_EDGE ( 'NONE', *, *, #6368, .F. ) ;
#5335 = FILL_AREA_STYLE ('',( #10317 ) ) ;
#5336 = DIRECTION ( 'NONE',  ( 1.000000000000000000, 0.000000000000000000, -0.000000000000000000 ) ) ;
#5337 = ORIENTED_EDGE ( 'NONE', *, *, #7197, .F. ) ;
#5338 = CARTESIAN_POINT ( 'NONE',  ( 1.700000000000000178, 2.650000000000000799, 7.549999999999999822 ) ) ;
#5339 = DIRECTION ( 'NONE',  ( 0.000000000000000000, -1.000000000000000000, 0.000000000000000000 ) ) ;
#5340 = EDGE_CURVE ( 'NONE', #5116, #8109, #978, .T. ) ;
#5341 = ORIENTED_EDGE ( 'NONE', *, *, #2278, .F. ) ;
#5342 = CIRCLE ( 'NONE', #1866, 0.04999999999999883010 ) ;
#5343 = VECTOR ( 'NONE', #5773, 1000.000000000000114 ) ;
#5344 = AXIS2_PLACEMENT_3D ( 'NONE', #2596, #4471, #5320 ) ;
#5345 = DIRECTION ( 'NONE',  ( 1.000000000000000000, 0.000000000000000000, 0.000000000000000000 ) ) ;
#5347 = ORIENTED_EDGE ( 'NONE', *, *, #3057, .T. ) ;
#5346 = VERTEX_POINT ( 'NONE', #5285 ) ;
#5348 = ORIENTED_EDGE ( 'NONE', *, *, #3618, .F. ) ;
#5349 = CARTESIAN_POINT ( 'NONE',  ( 1.700000000000000178, 2.650000000000000799, 7.249999999999999112 ) ) ;
#5350 = EDGE_CURVE ( 'NONE', #8895, #7925, #4685, .T. ) ;
#5351 = VECTOR ( 'NONE', #2748, 1000.000000000000000 ) ;
#5352 = CARTESIAN_POINT ( 'NONE',  ( 0.000000000000000000, 0.09999999999999971412, -4.500000000000000888 ) ) ;
#5353 = DIRECTION ( 'NONE',  ( -1.000000000000000000, -1.341711765540131426E-16, 0.000000000000000000 ) ) ;
#5354 = ORIENTED_EDGE ( 'NONE', *, *, #2929, .F. ) ;
#5355 = ORIENTED_EDGE ( 'NONE', *, *, #1812, .F. ) ;
#5356 = ADVANCED_FACE ( 'NONE', ( #8300 ), #1174, .F. ) ;
#5357 = VECTOR ( 'NONE', #8366, 1000.000000000000000 ) ;
#5358 = DIRECTION ( 'NONE',  ( 0.000000000000000000, 0.000000000000000000, -1.000000000000000000 ) ) ;
#5359 = CYLINDRICAL_SURFACE ( 'NONE', #761, 0.5999999999999989786 ) ;
#5360 = DIRECTION ( 'NONE',  ( 0.000000000000000000, 0.000000000000000000, -1.000000000000000000 ) ) ;
#5361 = LINE ( 'NONE', #202, #5398 ) ;
#5362 = FACE_OUTER_BOUND ( 'NONE', #9756, .T. ) ;
#5364 = VERTEX_POINT ( 'NONE', #1248 ) ;
#5363 = ORIENTED_EDGE ( 'NONE', *, *, #6902, .F. ) ;
#5365 = EDGE_LOOP ( 'NONE', ( #7796, #10122, #3108, #3990, #6224, #732, #6819 ) ) ;
#5366 = AXIS2_PLACEMENT_3D ( 'NONE', #203, #3519, #4310 ) ;
#5367 = CARTESIAN_POINT ( 'NONE',  ( -6.399999999999998579, -0.6400000000000000133, 1.000000000000000000 ) ) ;
#5368 = AXIS2_PLACEMENT_3D ( 'NONE', #9913, #5038, #109 ) ;
#5369 = CARTESIAN_POINT ( 'NONE',  ( -3.299999999999999822, 3.249999999999998668, 6.349999999999997868 ) ) ;
#5370 = VECTOR ( 'NONE', #10047, 1000.000000000000000 ) ;
#5371 = DIRECTION ( 'NONE',  ( 0.000000000000000000, 1.000000000000000000, 2.460132057943349518E-16 ) ) ;
#5372 = EDGE_CURVE ( 'NONE', #9169, #8266, #1093, .T. ) ;
#5373 = ORIENTED_EDGE ( 'NONE', *, *, #2385, .F. ) ;
#5374 = ORIENTED_EDGE ( 'NONE', *, *, #6530, .T. ) ;
#5375 = LINE ( 'NONE', #3707, #9101 ) ;
#5376 = CIRCLE ( 'NONE', #3685, 0.4000000000000001887 ) ;
#5377 = AXIS2_PLACEMENT_3D ( 'NONE', #1004, #1705, #6550 ) ;
#5378 = CARTESIAN_POINT ( 'NONE',  ( 1.700000000000000178, 0.8000000000000001554, -7.050000000000001599 ) ) ;
#5379 = DIRECTION ( 'NONE',  ( 0.000000000000000000, -1.000000000000000000, -2.460132057943349518E-16 ) ) ;
#5380 = DIRECTION ( 'NONE',  ( 0.000000000000000000, -1.000000000000000000, 0.000000000000000000 ) ) ;
#5381 = VECTOR ( 'NONE', #4742, 1000.000000000000000 ) ;
#5382 = ADVANCED_FACE ( 'NONE', ( #4671 ), #8787, .T. ) ;
#5383 = VERTEX_POINT ( 'NONE', #9558 ) ;
#5384 = VERTEX_POINT ( 'NONE', #2883 ) ;
#5385 = CARTESIAN_POINT ( 'NONE',  ( 6.514715287270208322, -2.198587845354674108, 1.000000000000000000 ) ) ;
#5386 = DIRECTION ( 'NONE',  ( 0.000000000000000000, -1.000000000000000000, 0.000000000000000000 ) ) ;
#5387 = EDGE_CURVE ( 'NONE', #7267, #294, #4497, .T. ) ;
#5388 = CYLINDRICAL_SURFACE ( 'NONE', #5641, 0.5749999999999982903 ) ;
#5389 = ORIENTED_EDGE ( 'NONE', *, *, #3549, .F. ) ;
#5390 = EDGE_CURVE ( 'NONE', #656, #8773, #4638, .T. ) ;
#5391 = ORIENTED_EDGE ( 'NONE', *, *, #6504, .F. ) ;
#5392 = VECTOR ( 'NONE', #10081, 1000.000000000000000 ) ;
#5393 = FACE_OUTER_BOUND ( 'NONE', #3682, .T. ) ;
#5394 = AXIS2_PLACEMENT_3D ( 'NONE', #7678, #5065, #2544 ) ;
#5395 = DIRECTION ( 'NONE',  ( 0.000000000000000000, -1.000000000000000000, 0.000000000000000000 ) ) ;
#5396 = CARTESIAN_POINT ( 'NONE',  ( 5.049999999999998046, 4.986986664055304885, -5.350000000000001421 ) ) ;
#5398 = VECTOR ( 'NONE', #6907, 1000.000000000000000 ) ;
#5397 = PLANE ( 'NONE',  #831 ) ;
#5399 = SURFACE_STYLE_FILL_AREA ( #1090 ) ;
#5400 = DIRECTION ( 'NONE',  ( 0.7071067811865493491, 0.000000000000000000, -0.7071067811865456854 ) ) ;
#5402 = ORIENTED_EDGE ( 'NONE', *, *, #8361, .T. ) ;
#5401 = ORIENTED_EDGE ( 'NONE', *, *, #2553, .T. ) ;
#5403 = CARTESIAN_POINT ( 'NONE',  ( -2.900000000000000355, 0.8000000000000001554, -6.800000000000001599 ) ) ;
#5404 = ORIENTED_EDGE ( 'NONE', *, *, #4603, .F. ) ;
#5405 = ADVANCED_FACE ( 'NONE', ( #1228 ), #7052, .F. ) ;
#5406 = DIRECTION ( 'NONE',  ( -1.000000000000000000, 0.000000000000000000, 0.000000000000000000 ) ) ;
#5407 = ORIENTED_EDGE ( 'NONE', *, *, #53, .T. ) ;
#5408 = CARTESIAN_POINT ( 'NONE',  ( 6.200000000000000178, 0.6000000000000006439, -4.500000000000000888 ) ) ;
#5409 = EDGE_CURVE ( 'NONE', #908, #9284, #1265, .T. ) ;
#5410 = DIRECTION ( 'NONE',  ( 0.000000000000000000, 1.000000000000000000, 4.430117370400858162E-17 ) ) ;
#5411 = VERTEX_POINT ( 'NONE', #552 ) ;
#5412 = LINE ( 'NONE', #5349, #5519 ) ;
#5413 = FACE_OUTER_BOUND ( 'NONE', #8715, .T. ) ;
#5414 = EDGE_CURVE ( 'NONE', #4059, #1611, #4523, .T. ) ;
#5415 = ADVANCED_FACE ( 'NONE', ( #1250 ), #10218, .F. ) ;
#5416 = AXIS2_PLACEMENT_3D ( 'NONE', #8290, #7397, #9168 ) ;
#5417 = SURFACE_STYLE_FILL_AREA ( #1097 ) ;
#5418 = LINE ( 'NONE', #3581, #1868 ) ;
#5419 = PLANE ( 'NONE',  #895 ) ;
#5420 = VERTEX_POINT ( 'NONE', #9718 ) ;
#5421 = ORIENTED_EDGE ( 'NONE', *, *, #5733, .T. ) ;
#5422 = ORIENTED_EDGE ( 'NONE', *, *, #3879, .T. ) ;
#5423 = CARTESIAN_POINT ( 'NONE',  ( 6.199999999999998401, -0.6400000000000000133, 1.000000000000000000 ) ) ;
#5424 = DIRECTION ( 'NONE',  ( 1.000000000000000000, -0.000000000000000000, 1.224646799147353207E-16 ) ) ;
#5425 = LINE ( 'NONE', #7564, #9095 ) ;
#5426 =( NAMED_UNIT ( * ) SI_UNIT ( $, .STERADIAN. ) SOLID_ANGLE_UNIT ( ) );
#5427 = DIRECTION ( 'NONE',  ( 0.000000000000000000, 0.000000000000000000, 1.000000000000000000 ) ) ;
#5428 = ORIENTED_EDGE ( 'NONE', *, *, #3885, .T. ) ;
#5429 = LINE ( 'NONE', #7933, #1880 ) ;
#5430 = LINE ( 'NONE', #1297, #8983 ) ;
#5431 = EDGE_CURVE ( 'NONE', #10246, #7234, #4808, .T. ) ;
#5432 = DIRECTION ( 'NONE',  ( 1.327027319204863784E-16, 1.000000000000000000, 0.000000000000000000 ) ) ;
#5433 = LINE ( 'NONE', #9415, #1900 ) ;
#5434 = EDGE_CURVE ( 'NONE', #6089, #2712, #8215, .T. ) ;
#5435 = CARTESIAN_POINT ( 'NONE',  ( 2.700000000000000178, -2.299999999999999822, 7.549999999999999822 ) ) ;
#5436 = LINE ( 'NONE', #2615, #1831 ) ;
#5437 = FACE_OUTER_BOUND ( 'NONE', #2504, .T. ) ;
#5438 = ORIENTED_EDGE ( 'NONE', *, *, #9679, .T. ) ;
#5439 = EDGE_CURVE ( 'NONE', #5746, #6847, #4556, .T. ) ;
#5440 = ORIENTED_EDGE ( 'NONE', *, *, #7838, .T. ) ;
#5441 = ORIENTED_EDGE ( 'NONE', *, *, #721, .F. ) ;
#5442 = VECTOR ( 'NONE', #10287, 1000.000000000000000 ) ;
#5443 = PLANE ( 'NONE',  #4820 ) ;
#5444 = ORIENTED_EDGE ( 'NONE', *, *, #7552, .F. ) ;
#5445 = EDGE_LOOP ( 'NONE', ( #4382, #4747, #6962, #4367 ) ) ;
#5446 = ADVANCED_FACE ( 'NONE', ( #1018 ), #8148, .T. ) ;
#5447 = CIRCLE ( 'NONE', #9054, 0.04999999999999883010 ) ;
#5448 = LINE ( 'NONE', #6280, #9015 ) ;
#5449 = DIRECTION ( 'NONE',  ( 0.000000000000000000, 0.000000000000000000, -1.000000000000000000 ) ) ;
#5450 = CARTESIAN_POINT ( 'NONE',  ( 0.4000000000000001887, -3.099999999999998757, 7.549999999999999822 ) ) ;
#5451 = DIRECTION ( 'NONE',  ( 0.000000000000000000, 2.017120320903263702E-16, -1.000000000000000000 ) ) ;
#5452 = FACE_OUTER_BOUND ( 'NONE', #540, .T. ) ;
#5453 = FACE_OUTER_BOUND ( 'NONE', #6865, .T. ) ;
#5454 = EDGE_CURVE ( 'NONE', #9816, #9072, #1126, .T. ) ;
#5455 = CARTESIAN_POINT ( 'NONE',  ( -0.7999999999999999334, 2.650000000000001243, -6.200000000000001954 ) ) ;
#5457 = ORIENTED_EDGE ( 'NONE', *, *, #7832, .F. ) ;
#5456 = ORIENTED_EDGE ( 'NONE', *, *, #8445, .F. ) ;
#5458 = CARTESIAN_POINT ( 'NONE',  ( 0.000000000000000000, 3.100000000000000089, -1.599999999999999867 ) ) ;
#5459 = ORIENTED_EDGE ( 'NONE', *, *, #1702, .F. ) ;
#5460 = DIRECTION ( 'NONE',  ( 0.000000000000000000, 1.000000000000000000, 4.430117370400858162E-17 ) ) ;
#5461 = DIRECTION ( 'NONE',  ( 0.000000000000000000, -1.000000000000000000, 0.000000000000000000 ) ) ;
#5462 = AXIS2_PLACEMENT_3D ( 'NONE', #7554, #818, #9792 ) ;
#5463 = CIRCLE ( 'NONE', #3661, 0.5749999999999982903 ) ;
#5464 = EDGE_LOOP ( 'NONE', ( #92, #3495, #6900, #9448 ) ) ;
#5465 = ORIENTED_EDGE ( 'NONE', *, *, #2164, .F. ) ;
#5466 = LINE ( 'NONE', #4495, #9082 ) ;
#5467 = LINE ( 'NONE', #4089, #9065 ) ;
#5468 = CARTESIAN_POINT ( 'NONE',  ( -5.450000000000000178, 5.700000000000000178, 6.700000000000000178 ) ) ;
#5469 = VECTOR ( 'NONE', #2941, 1000.000000000000000 ) ;
#5470 = ADVANCED_FACE ( 'NONE', ( #8367 ), #10608, .F. ) ;
#5471 = DIRECTION ( 'NONE',  ( -0.000000000000000000, -1.000000000000000000, -0.000000000000000000 ) ) ;
#5472 = CARTESIAN_POINT ( 'NONE',  ( -5.799999999999996270, 0.5000000000000002220, 3.000000000000000000 ) ) ;
#5473 = CARTESIAN_POINT ( 'NONE',  ( -6.200000000000000178, 0.000000000000000000, -1.000000000000000000 ) ) ;
#5474 = VECTOR ( 'NONE', #1955, 1000.000000000000000 ) ;
#5476 = ORIENTED_EDGE ( 'NONE', *, *, #3180, .T. ) ;
#5475 = ORIENTED_EDGE ( 'NONE', *, *, #2423, .F. ) ;
#5477 = DIRECTION ( 'NONE',  ( -1.000000000000000000, -0.000000000000000000, 0.000000000000000000 ) ) ;
#5478 = ORIENTED_EDGE ( 'NONE', *, *, #940, .F. ) ;
#5479 = LINE ( 'NONE', #9138, #1995 ) ;
#5480 = EDGE_CURVE ( 'NONE', #5241, #8266, #8134, .T. ) ;
#5481 = AXIS2_PLACEMENT_3D ( 'NONE', #10471, #7106, #10397 ) ;
#5482 = CARTESIAN_POINT ( 'NONE',  ( -6.199999999999998401, -0.6400000000000000133, 1.000000000000000000 ) ) ;
#5483 = FILL_AREA_STYLE ('',( #603 ) ) ;
#5484 = ORIENTED_EDGE ( 'NONE', *, *, #6614, .F. ) ;
#5485 = VECTOR ( 'NONE', #2711, 1000.000000000000000 ) ;
#5486 = FACE_OUTER_BOUND ( 'NONE', #3255, .T. ) ;
#5487 = EDGE_CURVE ( 'NONE', #8919, #3282, #1048, .T. ) ;
#5488 = AXIS2_PLACEMENT_3D ( 'NONE', #9010, #2587, #6728 ) ;
#5489 = ORIENTED_EDGE ( 'NONE', *, *, #9598, .T. ) ;
#5490 = LINE ( 'NONE', #2417, #8948 ) ;
#5491 = EDGE_CURVE ( 'NONE', #6760, #9282, #4601, .T. ) ;
#5492 = CARTESIAN_POINT ( 'NONE',  ( 5.499999999999996447, 1.000000000000000000, -6.400000000000000355 ) ) ;
#5494 = ORIENTED_EDGE ( 'NONE', *, *, #5340, .T. ) ;
#5493 = VERTEX_POINT ( 'NONE', #5102 ) ;
#5495 = VERTEX_POINT ( 'NONE', #8398 ) ;
#5496 = ADVANCED_FACE ( 'NONE', ( #5055 ), #5109, .T. ) ;
#5497 = CARTESIAN_POINT ( 'NONE',  ( -1.699999999999999956, 2.999999999999998224, 7.249999999999999112 ) ) ;
#5498 = CARTESIAN_POINT ( 'NONE',  ( 5.499999999999996447, 5.700000000000000178, -6.400000000000000355 ) ) ;
#5499 = DIRECTION ( 'NONE',  ( 0.000000000000000000, 1.000000000000000000, 0.000000000000000000 ) ) ;
#5500 = VECTOR ( 'NONE', #3547, 1000.000000000000000 ) ;
#5501 = CARTESIAN_POINT ( 'NONE',  ( 6.514715287270208322, -2.198587845354674108, -1.000000000000000000 ) ) ;
#5502 = ORIENTED_EDGE ( 'NONE', *, *, #681, .F. ) ;
#5503 = DIRECTION ( 'NONE',  ( 0.000000000000000000, 0.000000000000000000, -1.000000000000000000 ) ) ;
#5504 = ORIENTED_EDGE ( 'NONE', *, *, #8278, .F. ) ;
#5505 = AXIS2_PLACEMENT_3D ( 'NONE', #5515, #1381, #9426 ) ;
#5506 = AXIS2_PLACEMENT_3D ( 'NONE', #8677, #2631, #928 ) ;
#5507 = LINE ( 'NONE', #3264, #5381 ) ;
#5508 = DIRECTION ( 'NONE',  ( 0.000000000000000000, -1.000000000000000000, 0.000000000000000000 ) ) ;
#5509 = ADVANCED_FACE ( 'NONE', ( #1570 ), #2367, .T. ) ;
#5510 = EDGE_CURVE ( 'NONE', #551, #554, #8649, .T. ) ;
#5511 = CARTESIAN_POINT ( 'NONE',  ( 3.999999999999998224, -3.551475717527321367E-16, -6.700000000000000178 ) ) ;
#5512 = ORIENTED_EDGE ( 'NONE', *, *, #2349, .F. ) ;
#5513 = ORIENTED_EDGE ( 'NONE', *, *, #1632, .T. ) ;
#5514 = AXIS2_PLACEMENT_3D ( 'NONE', #5042, #5894, #1450 ) ;
#5515 = CARTESIAN_POINT ( 'NONE',  ( 0.8000000000000001554, 2.999999999999998224, 6.349999999999997868 ) ) ;
#5516 = LINE ( 'NONE', #8063, #5211 ) ;
#5517 = CARTESIAN_POINT ( 'NONE',  ( -2.500000000000000000, -2.349999999999998312, -7.200000000000001066 ) ) ;
#5518 = ORIENTED_EDGE ( 'NONE', *, *, #7411, .T. ) ;
#5519 = VECTOR ( 'NONE', #6380, 1000.000000000000000 ) ;
#5520 = DIRECTION ( 'NONE',  ( -1.000000000000000000, -0.000000000000000000, 0.000000000000000000 ) ) ;
#5521 = ORIENTED_EDGE ( 'NONE', *, *, #7918, .F. ) ;
#5522 = ORIENTED_EDGE ( 'NONE', *, *, #4400, .T. ) ;
#5523 = DIRECTION ( 'NONE',  ( 0.000000000000000000, 1.000000000000000000, 0.000000000000000000 ) ) ;
#5524 = CARTESIAN_POINT ( 'NONE',  ( 2.900000000000000355, 0.8000000000000001554, -7.050000000000001599 ) ) ;
#5525 = VECTOR ( 'NONE', #1690, 1000.000000000000000 ) ;
#5526 = CARTESIAN_POINT ( 'NONE',  ( -3.880824640740575315, 2.935823076413500043, 4.500000000000000888 ) ) ;
#5527 = EDGE_CURVE ( 'NONE', #7543, #1528, #1389, .T. ) ;
#5528 = VERTEX_POINT ( 'NONE', #303 ) ;
#5529 = CARTESIAN_POINT ( 'NONE',  ( 5.799999999999998934, 3.100000000000000533, 5.250000000000000000 ) ) ;
#5530 = EDGE_CURVE ( 'NONE', #9323, #6956, #5130, .T. ) ;
#5531 = EDGE_LOOP ( 'NONE', ( #8721, #2035, #8777, #1481 ) ) ;
#5532 = DIRECTION ( 'NONE',  ( 0.000000000000000000, -1.000000000000000000, 0.000000000000000000 ) ) ;
#5533 = FILL_AREA_STYLE_COLOUR ( '', #1776 ) ;
#5534 = AXIS2_PLACEMENT_3D ( 'NONE', #3971, #5333, #7861 ) ;
#5535 = CARTESIAN_POINT ( 'NONE',  ( 5.750000000000000000, 5.700000000000000178, -5.250000000000000000 ) ) ;
#5536 = ORIENTED_EDGE ( 'NONE', *, *, #7526, .F. ) ;
#5537 = ADVANCED_FACE ( 'NONE', ( #1531 ), #1068, .T. ) ;
#5538 = VECTOR ( 'NONE', #1306, 1000.000000000000000 ) ;
#5539 = VECTOR ( 'NONE', #850, 1000.000000000000000 ) ;
#5540 = CARTESIAN_POINT ( 'NONE',  ( 6.200000000000000178, 2.100000000000000089, 1.599999999999999867 ) ) ;
#5541 = VECTOR ( 'NONE', #9947, 1000.000000000000000 ) ;
#5542 = DIRECTION ( 'NONE',  ( 0.000000000000000000, 1.000000000000000000, 0.000000000000000000 ) ) ;
#5543 = DIRECTION ( 'NONE',  ( -3.614007241618348278E-16, -1.000000000000000000, -3.614007241618348278E-16 ) ) ;
#5544 = CARTESIAN_POINT ( 'NONE',  ( -5.799999999999996270, 2.400000000000000355, 4.500000000000000888 ) ) ;
#5545 = EDGE_CURVE ( 'NONE', #3400, #7259, #8576, .T. ) ;
#5547 = VERTEX_POINT ( 'NONE', #1012 ) ;
#5546 = ORIENTED_EDGE ( 'NONE', *, *, #6296, .F. ) ;
#5548 = DIRECTION ( 'NONE',  ( 1.000000000000000000, -0.000000000000000000, -0.000000000000000000 ) ) ;
#5549 = ORIENTED_EDGE ( 'NONE', *, *, #876, .T. ) ;
#5550 = LINE ( 'NONE', #1370, #1636 ) ;
#5551 = CARTESIAN_POINT ( 'NONE',  ( -5.049999999999997158, 0.1000000000000001721, 2.599999999999997424 ) ) ;
#5552 = DIRECTION ( 'NONE',  ( 1.000000000000000000, 0.000000000000000000, 0.000000000000000000 ) ) ;
#5553 = CARTESIAN_POINT ( 'NONE',  ( -5.799999999999996270, 2.100000000000000089, 1.000000000000000000 ) ) ;
#5554 = AXIS2_PLACEMENT_3D ( 'NONE', #2781, #3631, #6747 ) ;
#5555 = DIRECTION ( 'NONE',  ( 0.000000000000000000, 0.000000000000000000, -1.000000000000000000 ) ) ;
#5556 = EDGE_LOOP ( 'NONE', ( #8318, #214, #3157 ) ) ;
#5557 = LINE ( 'NONE', #2022, #8852 ) ;
#5558 = UNCERTAINTY_MEASURE_WITH_UNIT (LENGTH_MEASURE( 1.000000000000000082E-05 ), #7596, 'distance_accuracy_value', 'NONE');
#5559 = VERTEX_POINT ( 'NONE', #2277 ) ;
#5560 = LINE ( 'NONE', #9264, #2019 ) ;
#5561 = ADVANCED_FACE ( 'NONE', ( #8629 ), #8412, .T. ) ;
#5562 = LINE ( 'NONE', #9240, #5474 ) ;
#5563 = DIRECTION ( 'NONE',  ( -0.000000000000000000, 0.000000000000000000, -1.000000000000000000 ) ) ;
#5565 = ORIENTED_EDGE ( 'NONE', *, *, #8297, .F. ) ;
#5564 = EDGE_LOOP ( 'NONE', ( #6434, #4248, #7707, #7080, #7590, #5882, #3706, #2451 ) ) ;
#5566 = ORIENTED_EDGE ( 'NONE', *, *, #9114, .T. ) ;
#5567 = EDGE_LOOP ( 'NONE', ( #436, #9351, #7147, #3582 ) ) ;
#5568 = DIRECTION ( 'NONE',  ( 0.000000000000000000, 0.000000000000000000, 1.000000000000000000 ) ) ;
#5569 = EDGE_CURVE ( 'NONE', #3095, #4867, #1315, .T. ) ;
#5570 = PLANE ( 'NONE',  #4531 ) ;
#5571 = LINE ( 'NONE', #7132, #2080 ) ;
#5572 = DIRECTION ( 'NONE',  ( -1.000000000000000000, 0.000000000000000000, 0.000000000000000000 ) ) ;
#5573 = UNCERTAINTY_MEASURE_WITH_UNIT (LENGTH_MEASURE( 1.000000000000000082E-05 ), #9924, 'distance_accuracy_value', 'NONE');
#5574 = CARTESIAN_POINT ( 'NONE',  ( 5.049999999999997158, 2.400000000000000355, -4.999999999999997335 ) ) ;
#5575 = ORIENTED_EDGE ( 'NONE', *, *, #5663, .F. ) ;
#5576 = LINE ( 'NONE', #2613, #5317 ) ;
#5577 = CARTESIAN_POINT ( 'NONE',  ( 3.880824640740575759, 0.4999999999999998890, 3.000000000000000000 ) ) ;
#5578 = EDGE_CURVE ( 'NONE', #196, #537, #5001, .T. ) ;
#5579 = AXIS2_PLACEMENT_3D ( 'NONE', #7755, #2971, #4386 ) ;
#5580 = CARTESIAN_POINT ( 'NONE',  ( -4.250000000000000000, 6.700000000000000178, 5.099999999999999645 ) ) ;
#5581 = LINE ( 'NONE', #10530, #9068 ) ;
#5582 = CARTESIAN_POINT ( 'NONE',  ( 5.799999999999996270, 2.400000000000000355, 2.000000000000000000 ) ) ;
#5583 = VECTOR ( 'NONE', #6896, 1000.000000000000000 ) ;
#5585 = ORIENTED_EDGE ( 'NONE', *, *, #4187, .T. ) ;
#5584 = VERTEX_POINT ( 'NONE', #2670 ) ;
#5586 = ORIENTED_EDGE ( 'NONE', *, *, #4032, .F. ) ;
#5587 = VECTOR ( 'NONE', #6329, 1000.000000000000000 ) ;
#5588 = PLANE ( 'NONE',  #7822 ) ;
#5589 = EDGE_CURVE ( 'NONE', #6691, #10100, #8682, .T. ) ;
#5590 = EDGE_LOOP ( 'NONE', ( #8194, #10233, #2288, #8454 ) ) ;
#5591 = VECTOR ( 'NONE', #990, 1000.000000000000000 ) ;
#5592 = PLANE ( 'NONE',  #1281 ) ;
#5593 = EDGE_LOOP ( 'NONE', ( #5275, #5255, #403, #5341, #4927, #4577, #7919, #5246 ) ) ;
#5594 = CARTESIAN_POINT ( 'NONE',  ( 5.750000000000000000, 5.700000000000000178, -6.400000000000000355 ) ) ;
#5595 = CARTESIAN_POINT ( 'NONE',  ( 3.850000000000000089, 4.986986664055304885, -6.700000000000000178 ) ) ;
#5596 = LINE ( 'NONE', #9310, #1728 ) ;
#5597 = AXIS2_PLACEMENT_3D ( 'NONE', #986, #8425, #9179 ) ;
#5598 = ADVANCED_FACE ( 'NONE', ( #1584 ), #9667, .T. ) ;
#5599 = CIRCLE ( 'NONE', #6480, 3.500000000000000000 ) ;
#5600 = DIRECTION ( 'NONE',  ( 1.000000000000000000, -1.341711765540131426E-16, 0.000000000000000000 ) ) ;
#5601 = EDGE_CURVE ( 'NONE', #1400, #9608, #4968, .T. ) ;
#5602 = ORIENTED_EDGE ( 'NONE', *, *, #1738, .T. ) ;
#5603 = CARTESIAN_POINT ( 'NONE',  ( -2.500000000000000000, -3.099999999999999201, 7.299999999999998934 ) ) ;
#5604 = VERTEX_POINT ( 'NONE', #10509 ) ;
#5605 = CARTESIAN_POINT ( 'NONE',  ( 5.499999999999996447, 5.500000000000000888, 6.700000000000000178 ) ) ;
#5606 = CARTESIAN_POINT ( 'NONE',  ( -6.200000000000000178, 2.100000000000000089, 1.000000000000000000 ) ) ;
#5607 = DIRECTION ( 'NONE',  ( 0.000000000000000000, 0.000000000000000000, 1.000000000000000000 ) ) ;
#5608 = CIRCLE ( 'NONE', #308, 0.05000000000000073830 ) ;
#5609 = VECTOR ( 'NONE', #1938, 1000.000000000000000 ) ;
#5610 = ORIENTED_EDGE ( 'NONE', *, *, #1567, .T. ) ;
#5611 = VECTOR ( 'NONE', #4140, 1000.000000000000000 ) ;
#5612 = CARTESIAN_POINT ( 'NONE',  ( 3.299999999999999822, 1.099999999999998535, 6.349999999999997868 ) ) ;
#5613 = EDGE_CURVE ( 'NONE', #3522, #8773, #5017, .T. ) ;
#5614 = LINE ( 'NONE', #7640, #2719 ) ;
#5615 = DIRECTION ( 'NONE',  ( 2.478176394252553728E-15, 0.000000000000000000, 1.000000000000000000 ) ) ;
#5616 = EDGE_CURVE ( 'NONE', #3708, #5957, #4988, .T. ) ;
#5617 = DIRECTION ( 'NONE',  ( -1.000000000000000000, 0.000000000000000000, -0.000000000000000000 ) ) ;
#5618 = CARTESIAN_POINT ( 'NONE',  ( 3.850000000000000089, 4.986986664055304885, 5.850000000000000533 ) ) ;
#5620 = ORIENTED_EDGE ( 'NONE', *, *, #4732, .T. ) ;
#5619 = ORIENTED_EDGE ( 'NONE', *, *, #3348, .T. ) ;
#5621 = CARTESIAN_POINT ( 'NONE',  ( -1.699999999999999956, 3.249999999999998668, 6.349999999999997868 ) ) ;
#5622 = AXIS2_PLACEMENT_3D ( 'NONE', #3846, #4743, #8113 ) ;
#5623 = AXIS2_PLACEMENT_3D ( 'NONE', #4291, #8213, #4911 ) ;
#5624 = LINE ( 'NONE', #4781, #2280 ) ;
#5625 = CARTESIAN_POINT ( 'NONE',  ( -6.563830408857795895, -1.920042149226665718, 1.000000000000000000 ) ) ;
#5626 = EDGE_CURVE ( 'NONE', #5831, #1704, #5075, .T. ) ;
#5627 = DIRECTION ( 'NONE',  ( -1.000000000000000000, 0.000000000000000000, 0.000000000000000000 ) ) ;
#5628 = CARTESIAN_POINT ( 'NONE',  ( 3.299999999999999822, 2.650000000000000799, 7.249999999999999112 ) ) ;
#5629 = DIRECTION ( 'NONE',  ( 0.000000000000000000, 1.000000000000000000, 0.000000000000000000 ) ) ;
#5630 = EDGE_LOOP ( 'NONE', ( #4457, #7795, #5864, #4321 ) ) ;
#5631 = ADVANCED_FACE ( 'NONE', ( #5165 ), #2836, .F. ) ;
#5632 = CIRCLE ( 'NONE', #4636, 0.2999999999999999334 ) ;
#5633 = AXIS2_PLACEMENT_3D ( 'NONE', #400, #6845, #10404 ) ;
#5634 = TOROIDAL_SURFACE ( 'NONE', #7090, 0.4249999999999982681, 0.1499999999999999944 ) ;
#5635 = COLOUR_RGB ( '',0.7921568627450980005, 0.8196078431372548767, 0.9333333333333333481 ) ;
#5636 = DIRECTION ( 'NONE',  ( -3.614007241618348278E-16, -1.000000000000000000, -2.017120320903263702E-16 ) ) ;
#5637 = EDGE_LOOP ( 'NONE', ( #5326, #2904, #8355, #5269 ) ) ;
#5638 = VERTEX_POINT ( 'NONE', #5310 ) ;
#5639 = AXIS2_PLACEMENT_3D ( 'NONE', #2822, #7124, #7891 ) ;
#5640 = LINE ( 'NONE', #5814, #5692 ) ;
#5641 = AXIS2_PLACEMENT_3D ( 'NONE', #1563, #4135, #10545 ) ;
#5642 = DIRECTION ( 'NONE',  ( -1.000000000000000000, 0.000000000000000000, 0.000000000000000000 ) ) ;
#5643 =( NAMED_UNIT ( * ) PLANE_ANGLE_UNIT ( ) SI_UNIT ( $, .RADIAN. ) );
#5644 = EDGE_CURVE ( 'NONE', #3400, #10168, #8557, .T. ) ;
#5645 = ORIENTED_EDGE ( 'NONE', *, *, #8052, .F. ) ;
#5646 = FACE_OUTER_BOUND ( 'NONE', #678, .T. ) ;
#5647 = CARTESIAN_POINT ( 'NONE',  ( 2.449999999999999734, -2.299999999999999822, 7.549999999999998046 ) ) ;
#5648 = FACE_OUTER_BOUND ( 'NONE', #3767, .T. ) ;
#5649 = AXIS2_PLACEMENT_3D ( 'NONE', #10342, #4835, #8940 ) ;
#5650 = VECTOR ( 'NONE', #7805, 1000.000000000000000 ) ;
#5651 = ADVANCED_FACE ( 'NONE', ( #1360 ), #2225, .T. ) ;
#5652 = CARTESIAN_POINT ( 'NONE',  ( -4.250000000000000000, 6.100000000000000533, -4.524999999999999467 ) ) ;
#5653 = DIRECTION ( 'NONE',  ( 1.327027319204863784E-16, 1.000000000000000000, 0.000000000000000000 ) ) ;
#5654 = TOROIDAL_SURFACE ( 'NONE', #4005, 0.4249999999999999334, 0.1499999999999999944 ) ;
#5655 = VERTEX_POINT ( 'NONE', #3743 ) ;
#5656 = ORIENTED_EDGE ( 'NONE', *, *, #5977, .T. ) ;
#5657 = VECTOR ( 'NONE', #8588, 1000.000000000000000 ) ;
#5658 = CARTESIAN_POINT ( 'NONE',  ( 5.750000000000000000, 5.700000000000000178, 6.700000000000000178 ) ) ;
#5659 = EDGE_CURVE ( 'NONE', #196, #388, #8596, .T. ) ;
#5660 = ORIENTED_EDGE ( 'NONE', *, *, #8937, .T. ) ;
#5661 = FACE_OUTER_BOUND ( 'NONE', #4978, .T. ) ;
#5662 = DIRECTION ( 'NONE',  ( -0.000000000000000000, 4.430117370400858162E-17, -1.000000000000000000 ) ) ;
#5663 = EDGE_CURVE ( 'NONE', #9813, #9518, #5182, .T. ) ;
#5664 = CARTESIAN_POINT ( 'NONE',  ( -3.563393125268146111, 2.399999999999999023, -4.499999999999997335 ) ) ;
#5665 = CARTESIAN_POINT ( 'NONE',  ( -5.049999999999997158, 2.400000000000000355, -2.000000000000000000 ) ) ;
#5666 = LINE ( 'NONE', #3288, #9521 ) ;
#5667 = AXIS2_PLACEMENT_3D ( 'NONE', #9413, #6306, #4625 ) ;
#5668 = LINE ( 'NONE', #1593, #5685 ) ;
#5669 = CARTESIAN_POINT ( 'NONE',  ( -5.799999999999996270, 0.5000000000000002220, 3.000000000000000000 ) ) ;
#5670 = ORIENTED_EDGE ( 'NONE', *, *, #8610, .T. ) ;
#5671 = DIRECTION ( 'NONE',  ( -1.000000000000000000, -0.000000000000000000, -0.000000000000000000 ) ) ;
#5672 = ORIENTED_EDGE ( 'NONE', *, *, #807, .T. ) ;
#5673 = CARTESIAN_POINT ( 'NONE',  ( -3.299999999999999822, 3.249999999999998224, 7.249999999999999112 ) ) ;
#5674 = DIRECTION ( 'NONE',  ( -1.224646799147353207E-16, -1.000000000000000000, 0.000000000000000000 ) ) ;
#5675 = SURFACE_SIDE_STYLE ('',( #1731 ) ) ;
#5676 = FACE_OUTER_BOUND ( 'NONE', #9799, .T. ) ;
#5677 = VERTEX_POINT ( 'NONE', #9514 ) ;
#5678 = LINE ( 'NONE', #9866, #2388 ) ;
#5679 = EDGE_CURVE ( 'NONE', #7763, #6098, #8704, .T. ) ;
#5680 = DIRECTION ( 'NONE',  ( 0.000000000000000000, -1.000000000000000000, 0.000000000000000000 ) ) ;
#5681 = LINE ( 'NONE', #6850, #2190 ) ;
#5682 = EDGE_CURVE ( 'NONE', #2427, #4837, #5201, .T. ) ;
#5683 = CARTESIAN_POINT ( 'NONE',  ( -6.236169591142200375, -0.7547152872702095339, -1.000000000000000000 ) ) ;
#5684 = CARTESIAN_POINT ( 'NONE',  ( 3.880824640740575759, 0.09999999999999990841, 2.599999999999997424 ) ) ;
#5685 = VECTOR ( 'NONE', #8029, 1000.000000000000000 ) ;
#5686 = PLANE ( 'NONE',  #7604 ) ;
#5687 = ORIENTED_EDGE ( 'NONE', *, *, #5935, .F. ) ;
#5688 = DIRECTION ( 'NONE',  ( 1.000000000000000000, 1.341711765540131426E-16, 0.000000000000000000 ) ) ;
#5689 = AXIS2_PLACEMENT_3D ( 'NONE', #1694, #5629, #8316 ) ;
#5690 = ORIENTED_EDGE ( 'NONE', *, *, #8133, .T. ) ;
#5691 = PLANE ( 'NONE',  #9605 ) ;
#5692 = VECTOR ( 'NONE', #903, 1000.000000000000000 ) ;
#5693 = CARTESIAN_POINT ( 'NONE',  ( 4.549999999999997158, 1.000000000000000000, 5.850000000000000533 ) ) ;
#5694 = DIRECTION ( 'NONE',  ( -1.000000000000000000, 0.000000000000000000, 0.000000000000000000 ) ) ;
#5695 = DIRECTION ( 'NONE',  ( -0.6427876096865353661, 0.7660444431189813441, 0.000000000000000000 ) ) ;
#5696 = DIRECTION ( 'NONE',  ( 1.000000000000000000, 0.000000000000000000, 0.000000000000000000 ) ) ;
#5697 = DIRECTION ( 'NONE',  ( 0.000000000000000000, -1.000000000000000000, 0.000000000000000000 ) ) ;
#5698 = EDGE_LOOP ( 'NONE', ( #3141, #7119, #7115, #6901 ) ) ;
#5699 = VECTOR ( 'NONE', #8838, 1000.000000000000000 ) ;
#5700 = ORIENTED_EDGE ( 'NONE', *, *, #9953, .F. ) ;
#5701 = LINE ( 'NONE', #8132, #5737 ) ;
#5702 = VECTOR ( 'NONE', #897, 1000.000000000000000 ) ;
#5703 = EDGE_CURVE ( 'NONE', #1379, #1854, #4890, .T. ) ;
#5704 = LINE ( 'NONE', #526, #2005 ) ;
#5705 = DIRECTION ( 'NONE',  ( 0.7071067811865493491, 0.000000000000000000, -0.7071067811865456854 ) ) ;
#5707 = EDGE_LOOP ( 'NONE', ( #6871, #624, #9040, #3319 ) ) ;
#5706 = EDGE_LOOP ( 'NONE', ( #8294, #6520, #5956, #2564 ) ) ;
#5708 = ORIENTED_EDGE ( 'NONE', *, *, #6730, .T. ) ;
#5709 = AXIS2_PLACEMENT_3D ( 'NONE', #6861, #8923, #5705 ) ;
#5710 = CARTESIAN_POINT ( 'NONE',  ( 4.549999999999997158, 2.400000000000000355, 5.850000000000000533 ) ) ;
#5711 = COLOUR_RGB ( '',0.2509803921568627416, 0.2509803921568627416, 0.2509803921568627416 ) ;
#5712 = DIRECTION ( 'NONE',  ( 0.000000000000000000, 0.000000000000000000, -1.000000000000000000 ) ) ;
#5713 = DIRECTION ( 'NONE',  ( 1.327027319204863784E-16, -1.000000000000000000, -0.000000000000000000 ) ) ;
#5714 = ORIENTED_EDGE ( 'NONE', *, *, #2477, .F. ) ;
#5715 = ADVANCED_FACE ( 'NONE', ( #4903 ), #4462, .F. ) ;
#5716 = CIRCLE ( 'NONE', #7765, 0.05000000000000077993 ) ;
#5717 = CARTESIAN_POINT ( 'NONE',  ( 1.700000000000000178, 0.7999999999999983791, 7.249999999999999112 ) ) ;
#5718 = CIRCLE ( 'NONE', #2654, 0.04999999999999969746 ) ;
#5719 = VECTOR ( 'NONE', #8627, 1000.000000000000000 ) ;
#5720 = CARTESIAN_POINT ( 'NONE',  ( 3.299999999999999822, 0.8000000000000001554, -6.800000000000001599 ) ) ;
#5721 = DIRECTION ( 'NONE',  ( 1.000000000000000000, -1.327027319204863784E-16, 0.000000000000000000 ) ) ;
#5722 = VECTOR ( 'NONE', #2304, 1000.000000000000000 ) ;
#5723 = ORIENTED_EDGE ( 'NONE', *, *, #2517, .T. ) ;
#5724 = ORIENTED_EDGE ( 'NONE', *, *, #9657, .F. ) ;
#5725 =( GEOMETRIC_REPRESENTATION_CONTEXT ( 3 ) GLOBAL_UNCERTAINTY_ASSIGNED_CONTEXT ( ( #7597 ) ) GLOBAL_UNIT_ASSIGNED_CONTEXT ( ( #3461, #5052, #5978 ) ) REPRESENTATION_CONTEXT ( 'NONE', 'WORKASPACE' ) );
#5726 = VERTEX_POINT ( 'NONE', #3820 ) ;
#5727 = EDGE_CURVE ( 'NONE', #201, #3338, #1435, .T. ) ;
#5728 = PRESENTATION_STYLE_ASSIGNMENT (( #9992 ) ) ;
#5729 = DIRECTION ( 'NONE',  ( 0.000000000000000000, -1.000000000000000000, -0.000000000000000000 ) ) ;
#5730 = AXIS2_PLACEMENT_3D ( 'NONE', #1398, #2229, #3169 ) ;
#5731 = ORIENTED_EDGE ( 'NONE', *, *, #6674, .T. ) ;
#5732 = LINE ( 'NONE', #3189, #5699 ) ;
#5733 = EDGE_CURVE ( 'NONE', #7247, #425, #8426, .T. ) ;
#5734 = CARTESIAN_POINT ( 'NONE',  ( 2.500000000000000000, -2.299999999999999822, 7.549999999999999822 ) ) ;
#5735 = DIRECTION ( 'NONE',  ( 0.000000000000000000, 1.000000000000000000, 2.460132057943349518E-16 ) ) ;
#5736 = CARTESIAN_POINT ( 'NONE',  ( 1.700000000000000178, 2.999999999999998224, 6.349999999999997868 ) ) ;
#5737 = VECTOR ( 'NONE', #2279, 1000.000000000000000 ) ;
#5738 = EDGE_CURVE ( 'NONE', #4211, #6697, #8384, .T. ) ;
#5739 = ADVANCED_FACE ( 'NONE', ( #1500 ), #4858, .T. ) ;
#5740 = LINE ( 'NONE', #6432, #1969 ) ;
#5741 = PLANE ( 'NONE',  #745 ) ;
#5743 = EDGE_LOOP ( 'NONE', ( #1489, #10435, #2509, #1914 ) ) ;
#5742 = ORIENTED_EDGE ( 'NONE', *, *, #7169, .F. ) ;
#5744 = CARTESIAN_POINT ( 'NONE',  ( -5.499999999999996447, 0.000000000000000000, -6.400000000000000355 ) ) ;
#5745 = ORIENTED_EDGE ( 'NONE', *, *, #6881, .T. ) ;
#5746 = VERTEX_POINT ( 'NONE', #1337 ) ;
#5747 = DIRECTION ( 'NONE',  ( 1.000000000000000000, 1.327027319204863784E-16, 0.000000000000000000 ) ) ;
#5748 = DIRECTION ( 'NONE',  ( 0.000000000000000000, 1.000000000000000000, 2.017120320903263702E-16 ) ) ;
#5749 = DIRECTION ( 'NONE',  ( 1.000000000000000000, 0.000000000000000000, -0.000000000000000000 ) ) ;
#5750 = VECTOR ( 'NONE', #10074, 1000.000000000000114 ) ;
#5751 = EDGE_CURVE ( 'NONE', #6611, #3875, #8442, .T. ) ;
#5752 = ORIENTED_EDGE ( 'NONE', *, *, #7844, .F. ) ;
#5753 = LINE ( 'NONE', #8986, #5911 ) ;
#5754 = ORIENTED_EDGE ( 'NONE', *, *, #9070, .F. ) ;
#5755 = DIRECTION ( 'NONE',  ( 1.000000000000000000, 1.341711765540131426E-16, 0.000000000000000000 ) ) ;
#5756 = AXIS2_PLACEMENT_3D ( 'NONE', #8048, #8691, #3191 ) ;
#5757 = DIRECTION ( 'NONE',  ( -1.000000000000000000, 0.000000000000000000, 0.000000000000000000 ) ) ;
#5758 = AXIS2_PLACEMENT_3D ( 'NONE', #6741, #3506, #8282 ) ;
#5759 = DIRECTION ( 'NONE',  ( -0.000000000000000000, 2.017120320903263702E-16, -1.000000000000000000 ) ) ;
#5760 = FACE_OUTER_BOUND ( 'NONE', #3043, .T. ) ;
#5761 = CARTESIAN_POINT ( 'NONE',  ( 6.200000000000000178, 3.100000000000000089, 4.500000000000000888 ) ) ;
#5762 = EDGE_CURVE ( 'NONE', #1240, #8575, #1373, .T. ) ;
#5763 = DIRECTION ( 'NONE',  ( 0.000000000000000000, -1.000000000000000000, 8.673617379883880855E-15 ) ) ;
#5764 = ORIENTED_EDGE ( 'NONE', *, *, #5801, .T. ) ;
#5765 = CARTESIAN_POINT ( 'NONE',  ( 2.449999999999999734, -2.299999999999999822, 7.549999999999998046 ) ) ;
#5766 = ORIENTED_EDGE ( 'NONE', *, *, #1772, .T. ) ;
#5767 = CARTESIAN_POINT ( 'NONE',  ( -3.299999999999999822, 0.8000000000000001554, -6.750000000000001776 ) ) ;
#5768 = DIRECTION ( 'NONE',  ( 1.000000000000000000, -1.341711765540131426E-16, 0.000000000000000000 ) ) ;
#5769 = AXIS2_PLACEMENT_3D ( 'NONE', #8351, #9459, #10376 ) ;
#5770 = CARTESIAN_POINT ( 'NONE',  ( 0.000000000000000000, -2.299999999999999822, 7.549999999999999822 ) ) ;
#5771 = CARTESIAN_POINT ( 'NONE',  ( 2.598076211353317344, 15.00000000000000000, 0.9999999999999991118 ) ) ;
#5772 = EDGE_LOOP ( 'NONE', ( #5833, #134, #6104, #3049 ) ) ;
#5773 = DIRECTION ( 'NONE',  ( -0.8191520442889909104, -0.5735764363510473807, 0.000000000000000000 ) ) ;
#5774 = PLANE ( 'NONE',  #8547 ) ;
#5775 = DIRECTION ( 'NONE',  ( 0.000000000000000000, 0.000000000000000000, -1.000000000000000000 ) ) ;
#5776 = DIRECTION ( 'NONE',  ( -0.000000000000000000, -1.000000000000000000, 0.000000000000000000 ) ) ;
#5777 = ORIENTED_EDGE ( 'NONE', *, *, #905, .F. ) ;
#5778 = VERTEX_POINT ( 'NONE', #4854 ) ;
#5779 = FACE_OUTER_BOUND ( 'NONE', #3195, .T. ) ;
#5780 = EDGE_CURVE ( 'NONE', #10599, #8895, #8472, .T. ) ;
#5781 = LINE ( 'NONE', #5325, #9317 ) ;
#5782 = CIRCLE ( 'NONE', #5209, 0.2999999999999999334 ) ;
#5783 = CARTESIAN_POINT ( 'NONE',  ( -6.514715287270208322, -2.198587845354674108, 1.000000000000000000 ) ) ;
#5785 = ORIENTED_EDGE ( 'NONE', *, *, #4138, .F. ) ;
#5784 = ORIENTED_EDGE ( 'NONE', *, *, #3982, .F. ) ;
#5786 = ORIENTED_EDGE ( 'NONE', *, *, #4921, .F. ) ;
#5787 = EDGE_CURVE ( 'NONE', #1147, #2777, #4953, .T. ) ;
#5788 = VERTEX_POINT ( 'NONE', #10002 ) ;
#5789 = DIRECTION ( 'NONE',  ( 0.000000000000000000, -2.409338161078895729E-16, -1.000000000000000000 ) ) ;
#5790 = DIRECTION ( 'NONE',  ( 0.000000000000000000, 2.017120320903263702E-16, -1.000000000000000000 ) ) ;
#5791 = CARTESIAN_POINT ( 'NONE',  ( -2.900000000000000355, 0.8000000000000001554, -7.050000000000001599 ) ) ;
#5792 = AXIS2_PLACEMENT_3D ( 'NONE', #2068, #8022, #10289 ) ;
#5793 = DIRECTION ( 'NONE',  ( 0.000000000000000000, 2.017120320903263702E-16, -1.000000000000000000 ) ) ;
#5794 = EDGE_LOOP ( 'NONE', ( #9704, #9862, #9545, #10320 ) ) ;
#5795 = VECTOR ( 'NONE', #2341, 1000.000000000000000 ) ;
#5796 = CARTESIAN_POINT ( 'NONE',  ( 5.699999999999996625, 0.09999999999999971412, -4.500000000000000888 ) ) ;
#5797 = FACE_OUTER_BOUND ( 'NONE', #5531, .T. ) ;
#5798 = DIRECTION ( 'NONE',  ( 0.000000000000000000, -1.000000000000000000, -4.430117370400858162E-17 ) ) ;
#5799 = CARTESIAN_POINT ( 'NONE',  ( 4.250000000000000000, 6.550000000000000711, -5.674999999999999822 ) ) ;
#5800 = VECTOR ( 'NONE', #9539, 1000.000000000000000 ) ;
#5801 = EDGE_CURVE ( 'NONE', #10123, #10061, #9051, .T. ) ;
#5803 = ORIENTED_EDGE ( 'NONE', *, *, #1668, .F. ) ;
#5802 = VERTEX_POINT ( 'NONE', #5673 ) ;
#5804 = ORIENTED_EDGE ( 'NONE', *, *, #1608, .T. ) ;
#5805 = VERTEX_POINT ( 'NONE', #5605 ) ;
#5806 = LINE ( 'NONE', #6499, #5587 ) ;
#5807 = DIRECTION ( 'NONE',  ( -1.000000000000000000, 0.000000000000000000, 0.000000000000000000 ) ) ;
#5808 = AXIS2_PLACEMENT_3D ( 'NONE', #8240, #5849, #2634 ) ;
#5809 = VERTEX_POINT ( 'NONE', #7323 ) ;
#5810 = ADVANCED_FACE ( 'NONE', ( #8834 ), #1455, .F. ) ;
#5811 = LINE ( 'NONE', #3999, #5611 ) ;
#5812 = EDGE_LOOP ( 'NONE', ( #1214, #2638, #730, #2811 ) ) ;
#5813 = CARTESIAN_POINT ( 'NONE',  ( 4.250000000000000000, 6.550000000000000711, 5.674999999999998046 ) ) ;
#5814 = CARTESIAN_POINT ( 'NONE',  ( -3.299999999999999822, 0.7999999999999983791, 7.299999999999998934 ) ) ;
#5815 = DIRECTION ( 'NONE',  ( -1.327027319204863784E-16, -1.000000000000000000, 0.000000000000000000 ) ) ;
#5816 = CIRCLE ( 'NONE', #4102, 0.4250000000000000444 ) ;
#5817 = LINE ( 'NONE', #7520, #5702 ) ;
#5818 = VECTOR ( 'NONE', #7978, 1000.000000000000000 ) ;
#5819 = LINE ( 'NONE', #5612, #9579 ) ;
#5820 = DIRECTION ( 'NONE',  ( -0.000000000000000000, 1.000000000000000000, 2.017120320903263702E-16 ) ) ;
#5822 = ORIENTED_EDGE ( 'NONE', *, *, #5996, .F. ) ;
#5821 = ORIENTED_EDGE ( 'NONE', *, *, #4263, .T. ) ;
#5823 = PLANE ( 'NONE',  #7541 ) ;
#5824 = ORIENTED_EDGE ( 'NONE', *, *, #4901, .T. ) ;
#5825 = CARTESIAN_POINT ( 'NONE',  ( 5.049999999999997158, 2.128355624055937206E-16, 5.350000000000001421 ) ) ;
#5826 = DIRECTION ( 'NONE',  ( -1.000000000000000000, 0.000000000000000000, 0.000000000000000000 ) ) ;
#5827 = DIRECTION ( 'NONE',  ( -0.5735764363510463815, -0.8191520442889915765, 0.000000000000000000 ) ) ;
#5828 = EDGE_CURVE ( 'NONE', #3783, #4306, #5576, .T. ) ;
#5829 = CARTESIAN_POINT ( 'NONE',  ( 4.250000000000000000, 6.100000000000000533, -5.674999999999999822 ) ) ;
#5830 = APPLICATION_CONTEXT ( 'automotive_design' ) ;
#5831 = VERTEX_POINT ( 'NONE', #7521 ) ;
#5832 = EDGE_CURVE ( 'NONE', #1845, #9404, #1961, .T. ) ;
#5833 = ORIENTED_EDGE ( 'NONE', *, *, #1397, .T. ) ;
#5834 = CIRCLE ( 'NONE', #7637, 0.4000000000000001887 ) ;
#5835 = DIRECTION ( 'NONE',  ( 0.000000000000000000, 0.000000000000000000, -1.000000000000000000 ) ) ;
#5836 = FILL_AREA_STYLE_COLOUR ( '', #2228 ) ;
#5837 = CARTESIAN_POINT ( 'NONE',  ( 5.799999999999996270, 0.5000000000000002220, -3.000000000000000000 ) ) ;
#5838 = LINE ( 'NONE', #7497, #2374 ) ;
#5839 = LINE ( 'NONE', #3763, #2192 ) ;
#5840 = ADVANCED_FACE ( 'NONE', ( #5486 ), #8815, .T. ) ;
#5841 = DIRECTION ( 'NONE',  ( 0.000000000000000000, 2.017120320903263702E-16, -1.000000000000000000 ) ) ;
#5842 = CIRCLE ( 'NONE', #8799, 0.1499999999999999667 ) ;
#5843 = DIRECTION ( 'NONE',  ( 0.000000000000000000, -1.000000000000000000, -2.017120320903263702E-16 ) ) ;
#5844 = EDGE_LOOP ( 'NONE', ( #1029, #4264, #1226 ) ) ;
#5845 = DIRECTION ( 'NONE',  ( 0.000000000000000000, 0.000000000000000000, 1.000000000000000000 ) ) ;
#5846 = ORIENTED_EDGE ( 'NONE', *, *, #5009, .T. ) ;
#5847 = ORIENTED_EDGE ( 'NONE', *, *, #4269, .F. ) ;
#5848 = LINE ( 'NONE', #10427, #2182 ) ;
#5849 = DIRECTION ( 'NONE',  ( 0.5735764363510473807, 0.8191520442889910214, -0.000000000000000000 ) ) ;
#5850 = VERTEX_POINT ( 'NONE', #57 ) ;
#5851 = CARTESIAN_POINT ( 'NONE',  ( 5.799999999999997158, 1.000000000000000222, -4.500000000000000888 ) ) ;
#5852 = ORIENTED_EDGE ( 'NONE', *, *, #926, .T. ) ;
#5853 = CARTESIAN_POINT ( 'NONE',  ( 5.049999999999997158, 2.400000000000000355, -3.000000000000000000 ) ) ;
#5854 =( LENGTH_UNIT ( ) NAMED_UNIT ( * ) SI_UNIT ( .MILLI., .METRE. ) );
#5855 = EDGE_CURVE ( 'NONE', #6101, #4245, #1881, .T. ) ;
#5856 = ORIENTED_EDGE ( 'NONE', *, *, #4400, .F. ) ;
#5857 = LINE ( 'NONE', #5851, #2206 ) ;
#5858 = FACE_OUTER_BOUND ( 'NONE', #6653, .T. ) ;
#5859 = AXIS2_PLACEMENT_3D ( 'NONE', #1920, #6079, #4512 ) ;
#5860 = FACE_OUTER_BOUND ( 'NONE', #9822, .T. ) ;
#5861 = DIRECTION ( 'NONE',  ( 0.000000000000000000, -2.460132057943349518E-16, 1.000000000000000000 ) ) ;
#5862 = ORIENTED_EDGE ( 'NONE', *, *, #5727, .F. ) ;
#5863 = ORIENTED_EDGE ( 'NONE', *, *, #6735, .F. ) ;
#5864 = ORIENTED_EDGE ( 'NONE', *, *, #118, .F. ) ;
#5865 = CARTESIAN_POINT ( 'NONE',  ( 5.799999999999996270, 0.1000000000000001721, -2.000000000000000000 ) ) ;
#5866 = CYLINDRICAL_SURFACE ( 'NONE', #2147, 0.1499999999999999667 ) ;
#5867 = DIRECTION ( 'NONE',  ( -0.000000000000000000, -0.000000000000000000, 1.000000000000000000 ) ) ;
#5868 = CARTESIAN_POINT ( 'NONE',  ( 4.250000000000000000, 6.700000000000000178, 5.099999999999999645 ) ) ;
#5869 = ORIENTED_EDGE ( 'NONE', *, *, #2188, .F. ) ;
#5870 = VECTOR ( 'NONE', #9191, 1000.000000000000000 ) ;
#5871 = ORIENTED_EDGE ( 'NONE', *, *, #2410, .F. ) ;
#5872 = EDGE_CURVE ( 'NONE', #3121, #10495, #5467, .T. ) ;
#5873 = CARTESIAN_POINT ( 'NONE',  ( -0.05000000000000056483, 0.6999999999999997335, 7.699999999999997513 ) ) ;
#5874 = FACE_OUTER_BOUND ( 'NONE', #2668, .T. ) ;
#5875 = DIRECTION ( 'NONE',  ( -0.9396926207859082059, 0.3420201433256695456, 8.414147190578587988E-17 ) ) ;
#5876 = DIRECTION ( 'NONE',  ( 0.000000000000000000, -0.000000000000000000, -1.000000000000000000 ) ) ;
#5877 = AXIS2_PLACEMENT_3D ( 'NONE', #5888, #3561, #9988 ) ;
#5878 = FACE_OUTER_BOUND ( 'NONE', #1870, .T. ) ;
#5879 = VECTOR ( 'NONE', #6978, 1000.000000000000000 ) ;
#5880 = VERTEX_POINT ( 'NONE', #910 ) ;
#5881 = VERTEX_POINT ( 'NONE', #8885 ) ;
#5882 = ORIENTED_EDGE ( 'NONE', *, *, #8428, .T. ) ;
#5883 = EDGE_CURVE ( 'NONE', #4251, #8551, #9119, .T. ) ;
#5884 = CYLINDRICAL_SURFACE ( 'NONE', #2720, 0.4499999999999990119 ) ;
#5885 = DIRECTION ( 'NONE',  ( 0.000000000000000000, 0.000000000000000000, -1.000000000000000000 ) ) ;
#5886 = EDGE_CURVE ( 'NONE', #6678, #7234, #9032, .T. ) ;
#5887 = ORIENTED_EDGE ( 'NONE', *, *, #3944, .T. ) ;
#5888 = CARTESIAN_POINT ( 'NONE',  ( 0.000000000000000000, 8.099999999999999645, 0.000000000000000000 ) ) ;
#5889 = EDGE_LOOP ( 'NONE', ( #3928, #9804, #5147, #3027 ) ) ;
#5890 = LINE ( 'NONE', #3263, #9486 ) ;
#5891 = CARTESIAN_POINT ( 'NONE',  ( -3.299999999999999822, 2.999999999999998224, 6.349999999999997868 ) ) ;
#5892 = ORIENTED_EDGE ( 'NONE', *, *, #9137, .T. ) ;
#5893 = DIRECTION ( 'NONE',  ( -0.000000000000000000, 0.000000000000000000, -1.000000000000000000 ) ) ;
#5894 = DIRECTION ( 'NONE',  ( -1.000000000000000000, 0.000000000000000000, 0.000000000000000000 ) ) ;
#5895 = FACE_OUTER_BOUND ( 'NONE', #10257, .T. ) ;
#5896 = COLOUR_RGB ( '',0.7921568627450980005, 0.8196078431372548767, 0.9333333333333333481 ) ;
#5897 = ORIENTED_EDGE ( 'NONE', *, *, #8175, .F. ) ;
#5898 = DIRECTION ( 'NONE',  ( 0.000000000000000000, 1.000000000000000000, 0.000000000000000000 ) ) ;
#5899 = ORIENTED_EDGE ( 'NONE', *, *, #2207, .F. ) ;
#5900 = VERTEX_POINT ( 'NONE', #2531 ) ;
#5901 = CARTESIAN_POINT ( 'NONE',  ( 4.250000000000000000, 6.550000000000000711, 5.099999999999999645 ) ) ;
#5902 = DIRECTION ( 'NONE',  ( 0.000000000000000000, 0.000000000000000000, -1.000000000000000000 ) ) ;
#5903 = APPLICATION_PROTOCOL_DEFINITION ( 'draft international standard', 'automotive_design', 1998, #5830 ) ;
#5904 = AXIS2_PLACEMENT_3D ( 'NONE', #8, #1034, #3466 ) ;
#5905 = LINE ( 'NONE', #9434, #9163 ) ;
#5906 = AXIS2_PLACEMENT_3D ( 'NONE', #4416, #9457, #6957 ) ;
#5907 = ORIENTED_EDGE ( 'NONE', *, *, #533, .F. ) ;
#5908 = EDGE_CURVE ( 'NONE', #9373, #1611, #1710, .T. ) ;
#5909 = ORIENTED_EDGE ( 'NONE', *, *, #1017, .T. ) ;
#5910 = ADVANCED_FACE ( 'NONE', ( #5284 ), #2465, .F. ) ;
#5911 = VECTOR ( 'NONE', #1614, 1000.000000000000000 ) ;
#5912 = ORIENTED_EDGE ( 'NONE', *, *, #2841, .T. ) ;
#5913 = VECTOR ( 'NONE', #10112, 1000.000000000000000 ) ;
#5914 = AXIS2_PLACEMENT_3D ( 'NONE', #1102, #1830, #7474 ) ;
#5915 = LINE ( 'NONE', #9381, #5650 ) ;
#5916 = DIRECTION ( 'NONE',  ( 1.000000000000000000, 0.000000000000000000, 0.000000000000000000 ) ) ;
#5917 = DIRECTION ( 'NONE',  ( -0.8191520442889915765, -0.5735764363510463815, 0.000000000000000000 ) ) ;
#5918 = PLANE ( 'NONE',  #2018 ) ;
#5919 = VERTEX_POINT ( 'NONE', #8222 ) ;
#5920 = ORIENTED_EDGE ( 'NONE', *, *, #2855, .F. ) ;
#5921 = VERTEX_POINT ( 'NONE', #6750 ) ;
#5922 = DIRECTION ( 'NONE',  ( 0.000000000000000000, 1.000000000000000000, 0.000000000000000000 ) ) ;
#5923 = DIRECTION ( 'NONE',  ( -0.000000000000000000, 4.430117370400858162E-17, -1.000000000000000000 ) ) ;
#5924 = VECTOR ( 'NONE', #7386, 1000.000000000000000 ) ;
#5925 = CARTESIAN_POINT ( 'NONE',  ( -2.550000000000000266, 0.6999999999999997335, 7.549999999999998046 ) ) ;
#5926 = VERTEX_POINT ( 'NONE', #8089 ) ;
#5927 = CARTESIAN_POINT ( 'NONE',  ( 2.449999999999999734, -2.299999999999999822, 7.699999999999997513 ) ) ;
#5928 = ORIENTED_EDGE ( 'NONE', *, *, #5589, .F. ) ;
#5929 = CARTESIAN_POINT ( 'NONE',  ( 4.549999999999997158, 2.400000000000000355, 5.850000000000000533 ) ) ;
#5930 = EDGE_CURVE ( 'NONE', #917, #1295, #1897, .T. ) ;
#5931 = CARTESIAN_POINT ( 'NONE',  ( 6.563830408857795895, -1.920042149226665718, -1.000000000000000000 ) ) ;
#5932 = ORIENTED_EDGE ( 'NONE', *, *, #2001, .F. ) ;
#5933 = VECTOR ( 'NONE', #1544, 1000.000000000000000 ) ;
#5934 = CARTESIAN_POINT ( 'NONE',  ( 5.799999999999997158, 3.100000000000000089, -3.000000000000000000 ) ) ;
#5935 = EDGE_CURVE ( 'NONE', #8701, #5831, #5271, .T. ) ;
#5936 = LINE ( 'NONE', #5258, #2337 ) ;
#5937 = ADVANCED_FACE ( 'NONE', ( #8869 ), #7395, .F. ) ;
#5938 = AXIS2_PLACEMENT_3D ( 'NONE', #8325, #8187, #5789 ) ;
#5939 = VECTOR ( 'NONE', #4320, 999.9999999999998863 ) ;
#5940 = CARTESIAN_POINT ( 'NONE',  ( -5.049999999999997158, 0.5000000000000001110, -4.499999999999997335 ) ) ;
#5941 = ORIENTED_EDGE ( 'NONE', *, *, #7297, .F. ) ;
#5942 = ORIENTED_EDGE ( 'NONE', *, *, #1086, .T. ) ;
#5943 = LINE ( 'NONE', #5664, #9480 ) ;
#5944 = DIRECTION ( 'NONE',  ( 1.000000000000000000, 0.000000000000000000, 0.000000000000000000 ) ) ;
#5945 = CARTESIAN_POINT ( 'NONE',  ( 5.799999999999996270, 2.400000000000000355, -2.000000000000000000 ) ) ;
#5946 = ORIENTED_EDGE ( 'NONE', *, *, #8500, .F. ) ;
#5947 = LINE ( 'NONE', #3479, #5870 ) ;
#5948 = EDGE_CURVE ( 'NONE', #5222, #5921, #1657, .T. ) ;
#5949 = CARTESIAN_POINT ( 'NONE',  ( 5.799999999999998046, -0.6400000000000000133, 1.000000000000000000 ) ) ;
#5950 = FACE_OUTER_BOUND ( 'NONE', #573, .T. ) ;
#5951 = EDGE_CURVE ( 'NONE', #3193, #9284, #9083, .T. ) ;
#5952 = DIRECTION ( 'NONE',  ( -1.327027319204863784E-16, 1.000000000000000000, 0.000000000000000000 ) ) ;
#5953 = DIRECTION ( 'NONE',  ( 1.000000000000000000, 0.000000000000000000, 0.000000000000000000 ) ) ;
#5954 = LINE ( 'NONE', #8310, #5939 ) ;
#5955 = ORIENTED_EDGE ( 'NONE', *, *, #3701, .T. ) ;
#5956 = ORIENTED_EDGE ( 'NONE', *, *, #370, .F. ) ;
#5957 = VERTEX_POINT ( 'NONE', #383 ) ;
#5958 = CARTESIAN_POINT ( 'NONE',  ( 5.799999999999996270, 2.400000000000000355, -3.000000000000000000 ) ) ;
#5959 = ORIENTED_EDGE ( 'NONE', *, *, #8112, .F. ) ;
#5960 = DIRECTION ( 'NONE',  ( 0.000000000000000000, -4.430117370400858162E-17, 1.000000000000000000 ) ) ;
#5961 = ORIENTED_EDGE ( 'NONE', *, *, #8349, .F. ) ;
#5962 = FACE_OUTER_BOUND ( 'NONE', #5844, .T. ) ;
#5963 = DIRECTION ( 'NONE',  ( 0.000000000000000000, 1.000000000000000000, 0.000000000000000000 ) ) ;
#5964 = CARTESIAN_POINT ( 'NONE',  ( -6.200000000000000178, 3.100000000000000089, 5.250000000000000000 ) ) ;
#5965 = EDGE_CURVE ( 'NONE', #8340, #8418, #1672, .T. ) ;
#5966 = DIRECTION ( 'NONE',  ( -1.000000000000000000, 0.000000000000000000, -2.478176394252553728E-15 ) ) ;
#5967 = FACE_OUTER_BOUND ( 'NONE', #10020, .T. ) ;
#5968 = VECTOR ( 'NONE', #5332, 1000.000000000000000 ) ;
#5969 = EDGE_CURVE ( 'NONE', #1645, #6715, #8926, .T. ) ;
#5970 = LINE ( 'NONE', #4699, #9523 ) ;
#5971 = ORIENTED_EDGE ( 'NONE', *, *, #607, .T. ) ;
#5972 = DIRECTION ( 'NONE',  ( -0.000000000000000000, -0.000000000000000000, -1.000000000000000000 ) ) ;
#5973 = ORIENTED_EDGE ( 'NONE', *, *, #9948, .T. ) ;
#5974 = EDGE_LOOP ( 'NONE', ( #4504, #7812, #5421, #577 ) ) ;
#5975 = DIRECTION ( 'NONE',  ( 0.000000000000000000, -1.000000000000000000, 0.000000000000000000 ) ) ;
#5976 = DIRECTION ( 'NONE',  ( -0.000000000000000000, 2.017120320903263702E-16, -1.000000000000000000 ) ) ;
#5977 = EDGE_CURVE ( 'NONE', #8340, #4468, #5557, .T. ) ;
#5978 =( NAMED_UNIT ( * ) SI_UNIT ( $, .STERADIAN. ) SOLID_ANGLE_UNIT ( ) );
#5979 = AXIS2_PLACEMENT_3D ( 'NONE', #162, #9214, #7566 ) ;
#5980 = ADVANCED_FACE ( 'NONE', ( #5413 ), #7032, .T. ) ;
#5981 = FACE_OUTER_BOUND ( 'NONE', #6916, .T. ) ;
#5982 = ORIENTED_EDGE ( 'NONE', *, *, #1579, .T. ) ;
#5983 = LINE ( 'NONE', #3405, #2802 ) ;
#5984 = CARTESIAN_POINT ( 'NONE',  ( -5.049999999999997158, 4.986986664055304885, 5.000000000000000888 ) ) ;
#5985 = ORIENTED_EDGE ( 'NONE', *, *, #8461, .F. ) ;
#5986 = CARTESIAN_POINT ( 'NONE',  ( 0.4000000000000001887, -3.099999999999999201, 7.299999999999998934 ) ) ;
#5987 = VECTOR ( 'NONE', #555, 1000.000000000000000 ) ;
#5988 = DIRECTION ( 'NONE',  ( 0.000000000000000000, -1.000000000000000000, -0.000000000000000000 ) ) ;
#5989 = DIRECTION ( 'NONE',  ( -0.000000000000000000, -0.000000000000000000, 1.000000000000000000 ) ) ;
#5990 = PRESENTATION_STYLE_ASSIGNMENT (( #3493 ) ) ;
#5991 = DIRECTION ( 'NONE',  ( 0.000000000000000000, 0.000000000000000000, -1.000000000000000000 ) ) ;
#5992 = DIRECTION ( 'NONE',  ( -0.000000000000000000, -0.000000000000000000, -1.000000000000000000 ) ) ;
#5993 = EDGE_LOOP ( 'NONE', ( #4729, #10206, #10186, #10128 ) ) ;
#5994 = AXIS2_PLACEMENT_3D ( 'NONE', #2914, #7328, #10436 ) ;
#5995 = ORIENTED_EDGE ( 'NONE', *, *, #858, .F. ) ;
#5996 = EDGE_CURVE ( 'NONE', #1736, #7224, #5231, .T. ) ;
#5997 = CARTESIAN_POINT ( 'NONE',  ( 5.049999999999997158, 0.5000000000000000000, -3.000000000000000000 ) ) ;
#5998 = LINE ( 'NONE', #2013, #2818 ) ;
#5999 = PLANE ( 'NONE',  #5808 ) ;
#6000 = ORIENTED_EDGE ( 'NONE', *, *, #7894, .T. ) ;
#6001 = EDGE_CURVE ( 'NONE', #4072, #9665, #9102, .T. ) ;
#6002 = AXIS2_PLACEMENT_3D ( 'NONE', #5683, #8754, #71 ) ;
#6003 = CARTESIAN_POINT ( 'NONE',  ( 0.000000000000000000, -3.099999999999999201, 7.299999999999998934 ) ) ;
#6004 = VERTEX_POINT ( 'NONE', #9308 ) ;
#6005 = DIRECTION ( 'NONE',  ( 0.000000000000000000, 0.000000000000000000, 1.000000000000000000 ) ) ;
#6006 = DIRECTION ( 'NONE',  ( 1.327027319204863784E-16, -1.000000000000000000, 0.000000000000000000 ) ) ;
#6007 = VERTEX_POINT ( 'NONE', #8545 ) ;
#6008 = ADVANCED_FACE ( 'NONE', ( #8742 ), #2000, .F. ) ;
#6009 = CIRCLE ( 'NONE', #7885, 1.000000000000000000 ) ;
#6010 = DIRECTION ( 'NONE',  ( 1.000000000000000000, 0.000000000000000000, 0.000000000000000000 ) ) ;
#6011 = VECTOR ( 'NONE', #785, 1000.000000000000114 ) ;
#6012 = VECTOR ( 'NONE', #810, 1000.000000000000000 ) ;
#6013 = CARTESIAN_POINT ( 'NONE',  ( 1.700000000000000178, 0.5000000000000027756, -7.050000000000001599 ) ) ;
#6014 = VERTEX_POINT ( 'NONE', #453 ) ;
#6015 = EDGE_LOOP ( 'NONE', ( #4081, #7588, #7692, #7595, #7642 ) ) ;
#6016 = LINE ( 'NONE', #10073, #9923 ) ;
#6017 = DIRECTION ( 'NONE',  ( -0.000000000000000000, -0.000000000000000000, -1.000000000000000000 ) ) ;
#6018 = ORIENTED_EDGE ( 'NONE', *, *, #2385, .T. ) ;
#6019 = CARTESIAN_POINT ( 'NONE',  ( -6.399999999999998579, -0.6400000000000000133, -1.000000000000000000 ) ) ;
#6020 = MANIFOLD_SOLID_BREP ( 'LPattern1[2]', #8847 ) ;
#6021 = EDGE_CURVE ( 'NONE', #7858, #9653, #5376, .T. ) ;
#6022 = ORIENTED_EDGE ( 'NONE', *, *, #7417, .T. ) ;
#6023 = CARTESIAN_POINT ( 'NONE',  ( 5.049999999999997158, 1.000000000000000000, 4.500000000000000888 ) ) ;
#6024 = AXIS2_PLACEMENT_3D ( 'NONE', #9587, #3241, #4655 ) ;
#6025 = LINE ( 'NONE', #1334, #2759 ) ;
#6026 = ADVANCED_FACE ( 'NONE', ( #1804 ), #4361, .T. ) ;
#6027 = CARTESIAN_POINT ( 'NONE',  ( 5.750000000000000000, 5.700000000000000178, 5.250000000000000000 ) ) ;
#6028 = EDGE_CURVE ( 'NONE', #2921, #3734, #5430, .T. ) ;
#6029 = CYLINDRICAL_SURFACE ( 'NONE', #3905, 3.000000000000000444 ) ;
#6030 = LINE ( 'NONE', #10415, #6078 ) ;
#6031 = ORIENTED_EDGE ( 'NONE', *, *, #2538, .F. ) ;
#6032 = AXIS2_PLACEMENT_3D ( 'NONE', #372, #7849, #9227 ) ;
#6033 = CYLINDRICAL_SURFACE ( 'NONE', #6609, 0.4000000000000001887 ) ;
#6034 = VERTEX_POINT ( 'NONE', #8476 ) ;
#6035 = ORIENTED_EDGE ( 'NONE', *, *, #956, .T. ) ;
#6036 = FACE_OUTER_BOUND ( 'NONE', #5794, .T. ) ;
#6037 = DIRECTION ( 'NONE',  ( 0.000000000000000000, 0.000000000000000000, 1.000000000000000000 ) ) ;
#6038 = CARTESIAN_POINT ( 'NONE',  ( -6.200000000000000178, 0.09999999999999971412, 4.500000000000000888 ) ) ;
#6039 = PLANE ( 'NONE',  #3545 ) ;
#6040 = PLANE ( 'NONE',  #6761 ) ;
#6041 = DIRECTION ( 'NONE',  ( -0.000000000000000000, 2.409338161078894743E-16, 1.000000000000000000 ) ) ;
#6042 = LINE ( 'NONE', #7837, #9559 ) ;
#6043 = VECTOR ( 'NONE', #8413, 1000.000000000000000 ) ;
#6044 = AXIS2_PLACEMENT_3D ( 'NONE', #441, #3756, #3622 ) ;
#6045 = DIRECTION ( 'NONE',  ( 0.000000000000000000, 0.000000000000000000, 1.000000000000000000 ) ) ;
#6046 = VERTEX_POINT ( 'NONE', #5408 ) ;
#6047 = EDGE_CURVE ( 'NONE', #412, #7766, #5448, .T. ) ;
#6048 = DIRECTION ( 'NONE',  ( 0.000000000000000000, -0.000000000000000000, -1.000000000000000000 ) ) ;
#6049 = DIRECTION ( 'NONE',  ( 0.000000000000000000, 0.000000000000000000, 1.000000000000000000 ) ) ;
#6050 = LINE ( 'NONE', #9091, #2507 ) ;
#6051 = AXIS2_PLACEMENT_3D ( 'NONE', #4954, #3608, #5944 ) ;
#6052 = ORIENTED_EDGE ( 'NONE', *, *, #2784, .F. ) ;
#6053 = ORIENTED_EDGE ( 'NONE', *, *, #4278, .T. ) ;
#6054 = LINE ( 'NONE', #7976, #9867 ) ;
#6055 = DIRECTION ( 'NONE',  ( 0.000000000000000000, 1.000000000000000000, 0.000000000000000000 ) ) ;
#6056 = CARTESIAN_POINT ( 'NONE',  ( -3.850000000000000089, 1.000000000000000000, -5.850000000000000533 ) ) ;
#6057 = FACE_OUTER_BOUND ( 'NONE', #2505, .T. ) ;
#6058 = CARTESIAN_POINT ( 'NONE',  ( 3.299999999999999822, 3.249999999999998224, 7.249999999999999112 ) ) ;
#6059 = CARTESIAN_POINT ( 'NONE',  ( 5.799999999999998934, 3.100000000000000533, 5.250000000000000000 ) ) ;
#6060 = EDGE_CURVE ( 'NONE', #5638, #5584, #1916, .T. ) ;
#6061 = DIRECTION ( 'NONE',  ( 0.000000000000000000, -1.000000000000000000, -4.430117370400858162E-17 ) ) ;
#6062 = CARTESIAN_POINT ( 'NONE',  ( -5.799999999999998046, -0.6400000000000000133, -1.000000000000000000 ) ) ;
#6063 = ORIENTED_EDGE ( 'NONE', *, *, #2458, .F. ) ;
#6064 = DIRECTION ( 'NONE',  ( 0.000000000000000000, 1.000000000000000000, -1.445602896647339163E-16 ) ) ;
#6065 = EDGE_LOOP ( 'NONE', ( #524, #2580, #9647, #9707, #4093 ) ) ;
#6066 = EDGE_CURVE ( 'NONE', #1240, #3908, #9200, .T. ) ;
#6067 = ADVANCED_FACE ( 'NONE', ( #2330 ), #10239, .T. ) ;
#6068 = FACE_OUTER_BOUND ( 'NONE', #6738, .T. ) ;
#6069 = CARTESIAN_POINT ( 'NONE',  ( -6.199999999999998401, 0.6000000000000006439, 4.500000000000000888 ) ) ;
#6070 = ORIENTED_EDGE ( 'NONE', *, *, #6263, .T. ) ;
#6071 = DIRECTION ( 'NONE',  ( -1.000000000000000000, 0.000000000000000000, 0.000000000000000000 ) ) ;
#6072 = AXIS2_PLACEMENT_3D ( 'NONE', #2002, #431, #10434 ) ;
#6073 = CARTESIAN_POINT ( 'NONE',  ( -5.049999999999997158, 1.000000000000000000, 5.000000000000000888 ) ) ;
#6074 = ORIENTED_EDGE ( 'NONE', *, *, #10043, .T. ) ;
#6075 = DIRECTION ( 'NONE',  ( -0.5735764363510463815, 0.8191520442889915765, 0.000000000000000000 ) ) ;
#6076 = VECTOR ( 'NONE', #8285, 1000.000000000000000 ) ;
#6077 = DIRECTION ( 'NONE',  ( 0.000000000000000000, 0.000000000000000000, -1.000000000000000000 ) ) ;
#6078 = VECTOR ( 'NONE', #1377, 999.9999999999998863 ) ;
#6079 = DIRECTION ( 'NONE',  ( -1.000000000000000000, 1.224646799147353207E-16, 5.425329057508500610E-33 ) ) ;
#6080 = ORIENTED_EDGE ( 'NONE', *, *, #2079, .F. ) ;
#6081 = ORIENTED_EDGE ( 'NONE', *, *, #9824, .F. ) ;
#6082 = EDGE_CURVE ( 'NONE', #7267, #5116, #9309, .T. ) ;
#6083 = VERTEX_POINT ( 'NONE', #9945 ) ;
#6084 = DIRECTION ( 'NONE',  ( 0.000000000000000000, 0.000000000000000000, -1.000000000000000000 ) ) ;
#6085 = ORIENTED_EDGE ( 'NONE', *, *, #6614, .T. ) ;
#6086 = EDGE_CURVE ( 'NONE', #5957, #10041, #2372, .T. ) ;
#6087 = CARTESIAN_POINT ( 'NONE',  ( 5.049999999999997158, 2.400000000000000355, 4.500000000000000888 ) ) ;
#6088 = CARTESIAN_POINT ( 'NONE',  ( -3.299999999999999822, 0.5000000000000026645, -6.750000000000001776 ) ) ;
#6089 = VERTEX_POINT ( 'NONE', #3416 ) ;
#6090 = ADVANCED_FACE ( 'NONE', ( #9467 ), #8243, .T. ) ;
#6091 = FACE_OUTER_BOUND ( 'NONE', #6534, .T. ) ;
#6092 = VERTEX_POINT ( 'NONE', #8766 ) ;
#6093 = AXIS2_PLACEMENT_3D ( 'NONE', #8085, #6423, #3951 ) ;
#6094 = DIRECTION ( 'NONE',  ( -1.000000000000000000, 0.000000000000000000, 0.000000000000000000 ) ) ;
#6095 = LINE ( 'NONE', #6969, #2652 ) ;
#6096 = CARTESIAN_POINT ( 'NONE',  ( -1.699999999999999956, 0.5000000000000026645, -6.750000000000001776 ) ) ;
#6097 = CARTESIAN_POINT ( 'NONE',  ( -5.799999999999998934, 5.650000000000001243, -5.250000000000000000 ) ) ;
#6098 = VERTEX_POINT ( 'NONE', #10529 ) ;
#6099 = VERTEX_POINT ( 'NONE', #8177 ) ;
#6100 = VECTOR ( 'NONE', #4131, 1000.000000000000000 ) ;
#6101 = VERTEX_POINT ( 'NONE', #743 ) ;
#6102 = ORIENTED_EDGE ( 'NONE', *, *, #3722, .F. ) ;
#6103 = EDGE_CURVE ( 'NONE', #7177, #3042, #5753, .T. ) ;
#6104 = ORIENTED_EDGE ( 'NONE', *, *, #8949, .F. ) ;
#6105 = LINE ( 'NONE', #5473, #6397 ) ;
#6106 = CARTESIAN_POINT ( 'NONE',  ( 6.514715287270208322, -2.198587845354674108, 1.000000000000000000 ) ) ;
#6107 = DIRECTION ( 'NONE',  ( 0.000000000000000000, 0.000000000000000000, -1.000000000000000000 ) ) ;
#6108 = CARTESIAN_POINT ( 'NONE',  ( 3.999999999999998224, -3.551475717527321367E-16, -6.700000000000000178 ) ) ;
#6109 = DIRECTION ( 'NONE',  ( 0.000000000000000000, 1.000000000000000000, 0.000000000000000000 ) ) ;
#6110 = LINE ( 'NONE', #3611, #9785 ) ;
#6111 = EDGE_CURVE ( 'NONE', #3518, #3624, #5678, .T. ) ;
#6112 = DIRECTION ( 'NONE',  ( 0.000000000000000000, -4.430117370400858162E-17, 1.000000000000000000 ) ) ;
#6113 = AXIS2_PLACEMENT_3D ( 'NONE', #8244, #3190, #674 ) ;
#6114 = ADVANCED_FACE ( 'NONE', ( #5962 ), #3973, .T. ) ;
#6115 = UNCERTAINTY_MEASURE_WITH_UNIT (LENGTH_MEASURE( 1.000000000000000082E-05 ), #7101, 'distance_accuracy_value', 'NONE');
#6117 = ORIENTED_EDGE ( 'NONE', *, *, #8333, .T. ) ;
#6116 = ORIENTED_EDGE ( 'NONE', *, *, #10130, .T. ) ;
#6118 = PLANE ( 'NONE',  #8873 ) ;
#6119 = EDGE_LOOP ( 'NONE', ( #3643, #5134, #3678, #8241 ) ) ;
#6120 = PLANE ( 'NONE',  #3509 ) ;
#6121 = ORIENTED_EDGE ( 'NONE', *, *, #6460, .T. ) ;
#6122 = PLANE ( 'NONE',  #562 ) ;
#6123 = DIRECTION ( 'NONE',  ( -0.8191520442889909104, 0.5735764363510473807, 0.000000000000000000 ) ) ;
#6124 = CIRCLE ( 'NONE', #6899, 0.5000000000000004441 ) ;
#6125 = ORIENTED_EDGE ( 'NONE', *, *, #5886, .F. ) ;
#6126 = CIRCLE ( 'NONE', #8226, 0.1499999999999999667 ) ;
#6127 = ORIENTED_EDGE ( 'NONE', *, *, #7928, .F. ) ;
#6128 = ADVANCED_FACE ( 'NONE', ( #5646 ), #4810, .F. ) ;
#6129 = DIRECTION ( 'NONE',  ( 0.8191520442889909104, -0.5735764363510472696, 0.000000000000000000 ) ) ;
#6130 = LINE ( 'NONE', #1956, #2591 ) ;
#6131 = CARTESIAN_POINT ( 'NONE',  ( 5.750000000000000000, 5.650000000000001243, -5.250000000000000000 ) ) ;
#6132 =( GEOMETRIC_REPRESENTATION_CONTEXT ( 3 ) GLOBAL_UNCERTAINTY_ASSIGNED_CONTEXT ( ( #8569 ) ) GLOBAL_UNIT_ASSIGNED_CONTEXT ( ( #1719, #5111, #3754 ) ) REPRESENTATION_CONTEXT ( 'NONE', 'WORKASPACE' ) );
#6133 = DIRECTION ( 'NONE',  ( 0.000000000000000000, 0.000000000000000000, -1.000000000000000000 ) ) ;
#6134 = DIRECTION ( 'NONE',  ( -0.3420201433256695456, 0.9396926207859082059, 1.895473080790100108E-16 ) ) ;
#6135 = DIRECTION ( 'NONE',  ( 0.000000000000000000, 0.000000000000000000, 1.000000000000000000 ) ) ;
#6136 = ORIENTED_EDGE ( 'NONE', *, *, #352, .T. ) ;
#6137 = CARTESIAN_POINT ( 'NONE',  ( 4.250000000000000000, 6.700000000000000178, -4.524999999999999467 ) ) ;
#6138 = DIRECTION ( 'NONE',  ( 0.000000000000000000, 0.000000000000000000, 1.000000000000000000 ) ) ;
#6139 = ORIENTED_EDGE ( 'NONE', *, *, #3221, .F. ) ;
#6140 = CIRCLE ( 'NONE', #5368, 0.1499999999999999667 ) ;
#6141 = ORIENTED_EDGE ( 'NONE', *, *, #3147, .T. ) ;
#6142 = EDGE_CURVE ( 'NONE', #10046, #9259, #9274, .T. ) ;
#6143 = DIRECTION ( 'NONE',  ( 0.000000000000000000, 0.000000000000000000, 1.000000000000000000 ) ) ;
#6144 = DIRECTION ( 'NONE',  ( -0.000000000000000000, 2.017120320903263702E-16, -1.000000000000000000 ) ) ;
#6145 = DIRECTION ( 'NONE',  ( 0.000000000000000000, -0.000000000000000000, 1.000000000000000000 ) ) ;
#6146 = EDGE_LOOP ( 'NONE', ( #5404, #3107, #9800, #10489, #10455, #8789 ) ) ;
#6147 = LINE ( 'NONE', #4533, #2716 ) ;
#6148 = ORIENTED_EDGE ( 'NONE', *, *, #2789, .T. ) ;
#6149 = DIRECTION ( 'NONE',  ( -0.8191520442889915765, -0.5735764363510463815, 0.000000000000000000 ) ) ;
#6150 = LINE ( 'NONE', #3818, #6313 ) ;
#6151 = EDGE_CURVE ( 'NONE', #6597, #5788, #9449, .T. ) ;
#6152 = VECTOR ( 'NONE', #8114, 1000.000000000000000 ) ;
#6153 = CARTESIAN_POINT ( 'NONE',  ( -5.049999999999997158, 4.986986664055304885, -4.999999999999997335 ) ) ;
#6154 = ORIENTED_EDGE ( 'NONE', *, *, #7050, .F. ) ;
#6155 = EDGE_CURVE ( 'NONE', #6228, #10512, #2306, .T. ) ;
#6156 = ORIENTED_EDGE ( 'NONE', *, *, #5780, .T. ) ;
#6157 = ORIENTED_EDGE ( 'NONE', *, *, #9327, .F. ) ;
#6158 = ADVANCED_FACE ( 'NONE', ( #9430 ), #1355, .T. ) ;
#6159 = AXIS2_PLACEMENT_3D ( 'NONE', #7333, #854, #199 ) ;
#6160 = FACE_OUTER_BOUND ( 'NONE', #7651, .T. ) ;
#6161 = AXIS2_PLACEMENT_3D ( 'NONE', #6659, #7454, #9023 ) ;
#6162 = CARTESIAN_POINT ( 'NONE',  ( 0.000000000000000000, 2.100000000000000089, -1.599999999999999867 ) ) ;
#6163 = ORIENTED_EDGE ( 'NONE', *, *, #3863, .T. ) ;
#6164 = CARTESIAN_POINT ( 'NONE',  ( 3.299999999999999822, 2.999999999999998224, 6.349999999999997868 ) ) ;
#6165 = DIRECTION ( 'NONE',  ( 0.000000000000000000, -1.000000000000000000, 0.000000000000000000 ) ) ;
#6166 = EDGE_CURVE ( 'NONE', #6847, #3908, #9219, .T. ) ;
#6167 = EDGE_LOOP ( 'NONE', ( #570, #7778, #7275, #4122, #260 ) ) ;
#6168 = LINE ( 'NONE', #4930, #6354 ) ;
#6169 = VERTEX_POINT ( 'NONE', #6532 ) ;
#6170 = CARTESIAN_POINT ( 'NONE',  ( 4.549999999999997158, 0.000000000000000000, 5.850000000000000533 ) ) ;
#6171 = VECTOR ( 'NONE', #5600, 1000.000000000000000 ) ;
#6172 = AXIS2_PLACEMENT_3D ( 'NONE', #5146, #7683, #8431 ) ;
#6173 = VECTOR ( 'NONE', #4227, 1000.000000000000000 ) ;
#6174 = DIRECTION ( 'NONE',  ( -0.000000000000000000, -1.000000000000000000, -0.000000000000000000 ) ) ;
#6175 = CARTESIAN_POINT ( 'NONE',  ( 0.000000000000000000, 0.09999999999999971412, 4.500000000000000888 ) ) ;
#6176 = DIRECTION ( 'NONE',  ( 1.000000000000000000, 0.000000000000000000, -0.000000000000000000 ) ) ;
#6177 = CIRCLE ( 'NONE', #2573, 3.000000000000000000 ) ;
#6178 = ORIENTED_EDGE ( 'NONE', *, *, #5215, .F. ) ;
#6179 = ORIENTED_EDGE ( 'NONE', *, *, #3780, .T. ) ;
#6180 = EDGE_LOOP ( 'NONE', ( #3326, #9165, #8582, #8203, #1655 ) ) ;
#6181 = FACE_OUTER_BOUND ( 'NONE', #4054, .T. ) ;
#6182 = ORIENTED_EDGE ( 'NONE', *, *, #1751, .T. ) ;
#6183 = ORIENTED_EDGE ( 'NONE', *, *, #5185, .F. ) ;
#6184 = CARTESIAN_POINT ( 'NONE',  ( -2.100000000000000089, -3.099999999999998312, -6.200000000000001954 ) ) ;
#6185 = ORIENTED_EDGE ( 'NONE', *, *, #7236, .T. ) ;
#6186 = ADVANCED_FACE ( 'NONE', ( #2185 ), #2483, .F. ) ;
#6187 = DIRECTION ( 'NONE',  ( 1.000000000000000000, 1.535153518563546084E-16, -0.000000000000000000 ) ) ;
#6188 = FACE_BOUND ( 'NONE', #8407, .T. ) ;
#6189 = DIRECTION ( 'NONE',  ( 0.000000000000000000, 0.000000000000000000, 1.000000000000000000 ) ) ;
#6190 = DIRECTION ( 'NONE',  ( -1.000000000000000000, -0.000000000000000000, -0.000000000000000000 ) ) ;
#6191 = EDGE_CURVE ( 'NONE', #2816, #6413, #5732, .T. ) ;
#6192 = DIRECTION ( 'NONE',  ( -1.000000000000000000, 0.000000000000000000, 0.000000000000000000 ) ) ;
#6193 = DIRECTION ( 'NONE',  ( 0.000000000000000000, -2.017120320903263702E-16, 1.000000000000000000 ) ) ;
#6194 = VECTOR ( 'NONE', #6664, 1000.000000000000000 ) ;
#6195 = DIRECTION ( 'NONE',  ( 1.000000000000000000, 0.000000000000000000, 0.000000000000000000 ) ) ;
#6196 = LINE ( 'NONE', #7602, #6361 ) ;
#6197 = AXIS2_PLACEMENT_3D ( 'NONE', #6712, #90, #8060 ) ;
#6198 = LINE ( 'NONE', #9601, #6318 ) ;
#6199 = EDGE_LOOP ( 'NONE', ( #9411, #713, #6569, #2125 ) ) ;
#6200 = PLANE ( 'NONE',  #8822 ) ;
#6201 = ORIENTED_EDGE ( 'NONE', *, *, #2207, .T. ) ;
#6202 =( LENGTH_UNIT ( ) NAMED_UNIT ( * ) SI_UNIT ( .MILLI., .METRE. ) );
#6203 = CARTESIAN_POINT ( 'NONE',  ( -6.744145861810626030, -2.526248663070268741, -1.000000000000000000 ) ) ;
#6204 = DIRECTION ( 'NONE',  ( 1.000000000000000000, 0.000000000000000000, -1.224646799147353207E-16 ) ) ;
#6205 = LINE ( 'NONE', #9378, #2582 ) ;
#6206 = ORIENTED_EDGE ( 'NONE', *, *, #7649, .F. ) ;
#6207 = VERTEX_POINT ( 'NONE', #5551 ) ;
#6208 = VERTEX_POINT ( 'NONE', #6454 ) ;
#6209 = LINE ( 'NONE', #7811, #9755 ) ;
#6210 = EDGE_CURVE ( 'NONE', #4702, #2597, #9332, .T. ) ;
#6211 = DIRECTION ( 'NONE',  ( 0.000000000000000000, 0.000000000000000000, -1.000000000000000000 ) ) ;
#6212 = VECTOR ( 'NONE', #9512, 1000.000000000000000 ) ;
#6213 = EDGE_CURVE ( 'NONE', #9217, #1396, #5890, .T. ) ;
#6214 = ADVANCED_FACE ( 'NONE', ( #2287 ), #9238, .T. ) ;
#6215 = CARTESIAN_POINT ( 'NONE',  ( -5.799999999999996270, 3.100000000000000089, 3.000000000000000000 ) ) ;
#6216 = LINE ( 'NONE', #1825, #9759 ) ;
#6217 = CARTESIAN_POINT ( 'NONE',  ( -5.049999999999997158, 2.128355624055937206E-16, -6.700000000000000178 ) ) ;
#6218 = FACE_OUTER_BOUND ( 'NONE', #9431, .T. ) ;
#6219 = ORIENTED_EDGE ( 'NONE', *, *, #8092, .F. ) ;
#6220 = DIRECTION ( 'NONE',  ( 0.000000000000000000, 0.000000000000000000, -1.000000000000000000 ) ) ;
#6221 = AXIS2_PLACEMENT_3D ( 'NONE', #1836, #3591, #989 ) ;
#6222 = VERTEX_POINT ( 'NONE', #1760 ) ;
#6223 = DIRECTION ( 'NONE',  ( 0.000000000000000000, 0.000000000000000000, 1.000000000000000000 ) ) ;
#6224 = ORIENTED_EDGE ( 'NONE', *, *, #4526, .T. ) ;
#6225 = VECTOR ( 'NONE', #1605, 1000.000000000000000 ) ;
#6226 = CARTESIAN_POINT ( 'NONE',  ( -0.4000000000000001887, 2.504411906293520396, -6.200000000000001954 ) ) ;
#6227 = ORIENTED_EDGE ( 'NONE', *, *, #9533, .T. ) ;
#6228 = VERTEX_POINT ( 'NONE', #5927 ) ;
#6229 = DIRECTION ( 'NONE',  ( 0.5735764363510463815, 0.8191520442889915765, 0.000000000000000000 ) ) ;
#6230 = ORIENTED_EDGE ( 'NONE', *, *, #6858, .T. ) ;
#6231 = FACE_OUTER_BOUND ( 'NONE', #9528, .T. ) ;
#6232 = ORIENTED_EDGE ( 'NONE', *, *, #6267, .T. ) ;
#6233 = DIRECTION ( 'NONE',  ( -0.000000000000000000, -0.000000000000000000, -1.000000000000000000 ) ) ;
#6234 = EDGE_CURVE ( 'NONE', #3986, #3126, #5947, .T. ) ;
#6235 = LINE ( 'NONE', #952, #9677 ) ;
#6236 = VECTOR ( 'NONE', #7797, 1000.000000000000000 ) ;
#6237 = VECTOR ( 'NONE', #7528, 1000.000000000000000 ) ;
#6238 = LINE ( 'NONE', #9400, #6340 ) ;
#6239 = PLANE ( 'NONE',  #698 ) ;
#6240 = LINE ( 'NONE', #6137, #2681 ) ;
#6241 = EDGE_CURVE ( 'NONE', #10615, #10139, #5857, .T. ) ;
#6242 = VERTEX_POINT ( 'NONE', #10192 ) ;
#6243 = CARTESIAN_POINT ( 'NONE',  ( 3.396418141452980599, 0.5350933335321558237, -7.050000000000001599 ) ) ;
#6244 = ORIENTED_EDGE ( 'NONE', *, *, #10382, .F. ) ;
#6245 = EDGE_LOOP ( 'NONE', ( #7513, #6252, #5337, #5784 ) ) ;
#6246 = AXIS2_PLACEMENT_3D ( 'NONE', #4329, #870, #7484 ) ;
#6247 = DIRECTION ( 'NONE',  ( 1.000000000000000000, 1.224646799147353207E-16, 2.470259944489264076E-32 ) ) ;
#6248 = ORIENTED_EDGE ( 'NONE', *, *, #5977, .F. ) ;
#6249 = CARTESIAN_POINT ( 'NONE',  ( -5.799999999999996270, 0.5000000000000002220, -4.499999999999997335 ) ) ;
#6250 = ORIENTED_EDGE ( 'NONE', *, *, #5247, .F. ) ;
#6251 = DIRECTION ( 'NONE',  ( -1.000000000000000000, 0.000000000000000000, 0.000000000000000000 ) ) ;
#6252 = ORIENTED_EDGE ( 'NONE', *, *, #4524, .T. ) ;
#6253 = FACE_OUTER_BOUND ( 'NONE', #9106, .T. ) ;
#6254 = DIRECTION ( 'NONE',  ( 0.000000000000000000, -1.000000000000000000, -2.017120320903263702E-16 ) ) ;
#6255 = FACE_OUTER_BOUND ( 'NONE', #4285, .T. ) ;
#6256 = DIRECTION ( 'NONE',  ( 0.000000000000000000, -2.017120320903263702E-16, 1.000000000000000000 ) ) ;
#6257 = FACE_OUTER_BOUND ( 'NONE', #3219, .T. ) ;
#6258 = CARTESIAN_POINT ( 'NONE',  ( 2.100000000000000089, 0.8000000000000001554, -6.800000000000001599 ) ) ;
#6259 = VECTOR ( 'NONE', #597, 1000.000000000000000 ) ;
#6260 = ORIENTED_EDGE ( 'NONE', *, *, #2021, .F. ) ;
#6261 = ORIENTED_EDGE ( 'NONE', *, *, #7957, .F. ) ;
#6262 = EDGE_LOOP ( 'NONE', ( #5136, #10337, #657, #6718 ) ) ;
#6263 = EDGE_CURVE ( 'NONE', #5604, #2045, #5834, .T. ) ;
#6264 = EDGE_LOOP ( 'NONE', ( #4394, #7253, #2754, #4075 ) ) ;
#6265 = ADVANCED_FACE ( 'NONE', ( #2166 ), #6778, .T. ) ;
#6266 = LINE ( 'NONE', #1653, #2666 ) ;
#6267 = EDGE_CURVE ( 'NONE', #2792, #10297, #2107, .T. ) ;
#6268 = ORIENTED_EDGE ( 'NONE', *, *, #1943, .F. ) ;
#6269 = AXIS2_PLACEMENT_3D ( 'NONE', #8385, #3732, #7698 ) ;
#6270 = EDGE_LOOP ( 'NONE', ( #8780, #2727, #8513, #5316 ) ) ;
#6271 = PLANE ( 'NONE',  #3987 ) ;
#6272 = CYLINDRICAL_SURFACE ( 'NONE', #8977, 0.2999999999999999334 ) ;
#6273 = CARTESIAN_POINT ( 'NONE',  ( 1.700000000000000178, 1.100000000000000089, -5.850000000000000533 ) ) ;
#6274 = LINE ( 'NONE', #8737, #9698 ) ;
#6275 = CIRCLE ( 'NONE', #7128, 0.04999999999999883010 ) ;
#6276 = DIRECTION ( 'NONE',  ( 0.000000000000000000, 1.000000000000000000, 4.430117370400858162E-17 ) ) ;
#6277 = EDGE_LOOP ( 'NONE', ( #3472, #7663, #5422, #10618 ) ) ;
#6278 = CARTESIAN_POINT ( 'NONE',  ( 3.999999999999988898, 7.529057909142686178E-15, -4.500000000000000000 ) ) ;
#6279 = ORIENTED_EDGE ( 'NONE', *, *, #5545, .T. ) ;
#6280 = CARTESIAN_POINT ( 'NONE',  ( -6.236169591142200375, -0.7547152872702095339, -1.000000000000000000 ) ) ;
#6281 = CLOSED_SHELL ( 'NONE', ( #8846, #10465, #3918, #2843, #2692, #9202, #7305, #2276, #8231, #6846, #969, #9140, #8511, #4572, #7991, #8295, #8379, #5739, #6214, #9318, #8397 ) ) ;
#6282 = CARTESIAN_POINT ( 'NONE',  ( 5.799999999999996270, 0.5000000000000002220, -3.000000000000000000 ) ) ;
#6283 = CARTESIAN_POINT ( 'NONE',  ( -6.200000000000000178, 2.100000000000000089, -1.000000000000000000 ) ) ;
#6284 = EDGE_CURVE ( 'NONE', #5881, #6465, #2146, .T. ) ;
#6285 = CIRCLE ( 'NONE', #5099, 0.2000000000000007327 ) ;
#6286 = ORIENTED_EDGE ( 'NONE', *, *, #6060, .T. ) ;
#6287 = ORIENTED_EDGE ( 'NONE', *, *, #1169, .F. ) ;
#6288 =( GEOMETRIC_REPRESENTATION_CONTEXT ( 3 ) GLOBAL_UNCERTAINTY_ASSIGNED_CONTEXT ( ( #9966 ) ) GLOBAL_UNIT_ASSIGNED_CONTEXT ( ( #4127, #8124, #9798 ) ) REPRESENTATION_CONTEXT ( 'NONE', 'WORKASPACE' ) );
#6289 = ORIENTED_EDGE ( 'NONE', *, *, #9189, .F. ) ;
#6290 = ADVANCED_FACE ( 'NONE', ( #9387 ), #2556, .F. ) ;
#6291 = LINE ( 'NONE', #971, #2825 ) ;
#6292 = CARTESIAN_POINT ( 'NONE',  ( 3.850000000000000089, 2.400000000000000355, 5.850000000000000533 ) ) ;
#6293 = CIRCLE ( 'NONE', #1014, 0.05000000000000012768 ) ;
#6294 = VECTOR ( 'NONE', #10395, 1000.000000000000000 ) ;
#6295 = DIRECTION ( 'NONE',  ( 0.000000000000000000, 0.000000000000000000, 1.000000000000000000 ) ) ;
#6296 = EDGE_CURVE ( 'NONE', #885, #3101, #5716, .T. ) ;
#6297 = CIRCLE ( 'NONE', #4395, 0.2000000000000007327 ) ;
#6298 = ORIENTED_EDGE ( 'NONE', *, *, #7910, .F. ) ;
#6299 = DIRECTION ( 'NONE',  ( 0.000000000000000000, 0.000000000000000000, -1.000000000000000000 ) ) ;
#6300 = FILL_AREA_STYLE ('',( #3647 ) ) ;
#6301 = ORIENTED_EDGE ( 'NONE', *, *, #2935, .F. ) ;
#6302 = CARTESIAN_POINT ( 'NONE',  ( 6.200000000000000178, 2.100000000000000089, 1.000000000000000000 ) ) ;
#6303 = DIRECTION ( 'NONE',  ( 0.000000000000000000, -1.445602896647339163E-16, 1.000000000000000000 ) ) ;
#6304 = ORIENTED_EDGE ( 'NONE', *, *, #4137, .T. ) ;
#6305 = LINE ( 'NONE', #4823, #9728 ) ;
#6306 = DIRECTION ( 'NONE',  ( 0.000000000000000000, 2.017120320903263702E-16, -1.000000000000000000 ) ) ;
#6307 = VERTEX_POINT ( 'NONE', #6919 ) ;
#6308 = ORIENTED_EDGE ( 'NONE', *, *, #7533, .T. ) ;
#6309 = CARTESIAN_POINT ( 'NONE',  ( 5.799999999999996270, 2.400000000000000355, 6.700000000000000178 ) ) ;
#6310 = ORIENTED_EDGE ( 'NONE', *, *, #9971, .F. ) ;
#6311 = FACE_OUTER_BOUND ( 'NONE', #4965, .T. ) ;
#6312 = VERTEX_POINT ( 'NONE', #10110 ) ;
#6313 = VECTOR ( 'NONE', #2145, 1000.000000000000000 ) ;
#6314 = ADVANCED_FACE ( 'NONE', ( #2014 ), #283, .T. ) ;
#6315 = AXIS2_PLACEMENT_3D ( 'NONE', #9276, #10286, #7772 ) ;
#6316 = AXIS2_PLACEMENT_3D ( 'NONE', #8572, #2889, #410 ) ;
#6317 = CARTESIAN_POINT ( 'NONE',  ( -1.699999999999999956, 0.8000000000000001554, -6.750000000000001776 ) ) ;
#6318 = VECTOR ( 'NONE', #5400, 1000.000000000000000 ) ;
#6319 = ORIENTED_EDGE ( 'NONE', *, *, #9588, .T. ) ;
#6320 = DIRECTION ( 'NONE',  ( -0.000000000000000000, 0.000000000000000000, -1.000000000000000000 ) ) ;
#6321 = EDGE_LOOP ( 'NONE', ( #2991, #3349, #8851, #1115 ) ) ;
#6322 = ORIENTED_EDGE ( 'NONE', *, *, #6635, .F. ) ;
#6323 = EDGE_CURVE ( 'NONE', #3142, #1582, #2244, .T. ) ;
#6324 = ORIENTED_EDGE ( 'NONE', *, *, #10184, .T. ) ;
#6325 = LINE ( 'NONE', #315, #9515 ) ;
#6326 = CARTESIAN_POINT ( 'NONE',  ( 6.399999999999998579, -2.034757436496875016, 1.000000000000000000 ) ) ;
#6327 = CLOSED_SHELL ( 'NONE', ( #8786, #4631, #298, #1503, #6502, #3082 ) ) ;
#6328 = AXIS2_PLACEMENT_3D ( 'NONE', #9353, #6084, #421 ) ;
#6329 = DIRECTION ( 'NONE',  ( -0.000000000000000000, -1.000000000000000000, -0.000000000000000000 ) ) ;
#6330 = CARTESIAN_POINT ( 'NONE',  ( -6.236169591142200375, -0.7547152872702095339, 1.000000000000000000 ) ) ;
#6331 = EDGE_LOOP ( 'NONE', ( #2260, #2791, #9963, #4680, #1382, #2736, #2606, #9984 ) ) ;
#6332 = LINE ( 'NONE', #5761, #2546 ) ;
#6333 = ORIENTED_EDGE ( 'NONE', *, *, #3194, .F. ) ;
#6334 = ADVANCED_FACE ( 'NONE', ( #9258 ), #7824, .F. ) ;
#6335 = DIRECTION ( 'NONE',  ( 0.3420201433256695456, 0.9396926207859082059, 4.162948602181157199E-17 ) ) ;
#6336 = CARTESIAN_POINT ( 'NONE',  ( 5.699999999999998401, 0.6000000000000007550, 5.250000000000000000 ) ) ;
#6337 = FACE_OUTER_BOUND ( 'NONE', #10248, .T. ) ;
#6338 = CARTESIAN_POINT ( 'NONE',  ( -5.499999999999996447, 0.000000000000000000, 6.700000000000000178 ) ) ;
#6339 = TOROIDAL_SURFACE ( 'NONE', #3886, 0.05000000000000010686, 0.1499999999999999944 ) ;
#6340 = VECTOR ( 'NONE', #3983, 999.9999999999998863 ) ;
#6341 = DIRECTION ( 'NONE',  ( -1.000000000000000000, 0.000000000000000000, 0.000000000000000000 ) ) ;
#6342 = LINE ( 'NONE', #9771, #10117 ) ;
#6343 = EDGE_CURVE ( 'NONE', #3518, #8512, #9132, .T. ) ;
#6344 = ORIENTED_EDGE ( 'NONE', *, *, #4969, .F. ) ;
#6345 = ORIENTED_EDGE ( 'NONE', *, *, #2579, .T. ) ;
#6346 = EDGE_LOOP ( 'NONE', ( #354, #2757, #5982, #10131 ) ) ;
#6347 = EDGE_CURVE ( 'NONE', #3522, #2839, #5811, .T. ) ;
#6348 = LINE ( 'NONE', #2160, #9903 ) ;
#6349 = ORIENTED_EDGE ( 'NONE', *, *, #2458, .T. ) ;
#6350 = CARTESIAN_POINT ( 'NONE',  ( 5.799999999999996270, 2.100000000000000089, -1.000000000000000000 ) ) ;
#6351 = AXIS2_PLACEMENT_3D ( 'NONE', #7609, #7473, #1536 ) ;
#6352 = ORIENTED_EDGE ( 'NONE', *, *, #9767, .F. ) ;
#6353 = CARTESIAN_POINT ( 'NONE',  ( -5.353484830911968473, -3.500000000000000444, 0.000000000000000000 ) ) ;
#6354 = VECTOR ( 'NONE', #9113, 1000.000000000000000 ) ;
#6355 = CARTESIAN_POINT ( 'NONE',  ( -3.850000000000000089, 2.400000000000000355, 5.850000000000000533 ) ) ;
#6356 = EDGE_LOOP ( 'NONE', ( #5724, #9683, #6559, #3163 ) ) ;
#6357 = DIRECTION ( 'NONE',  ( -3.614007241618348278E-16, -1.000000000000000000, 1.153875183674998759E-16 ) ) ;
#6358 = DIRECTION ( 'NONE',  ( 0.000000000000000000, 0.000000000000000000, -1.000000000000000000 ) ) ;
#6359 = CYLINDRICAL_SURFACE ( 'NONE', #981, 0.5000000000000004441 ) ;
#6360 = CARTESIAN_POINT ( 'NONE',  ( -3.880824640740575315, 2.935823076413500043, -4.499999999999997335 ) ) ;
#6361 = VECTOR ( 'NONE', #6762, 1000.000000000000000 ) ;
#6362 = ORIENTED_EDGE ( 'NONE', *, *, #8033, .T. ) ;
#6363 = ORIENTED_EDGE ( 'NONE', *, *, #6603, .T. ) ;
#6364 = CARTESIAN_POINT ( 'NONE',  ( -6.200000000000000178, 3.100000000000000089, 4.500000000000000888 ) ) ;
#6365 = ORIENTED_EDGE ( 'NONE', *, *, #9393, .F. ) ;
#6366 = DIRECTION ( 'NONE',  ( 0.000000000000000000, -1.000000000000000000, 0.000000000000000000 ) ) ;
#6367 = CARTESIAN_POINT ( 'NONE',  ( 3.850000000000000089, 4.986986664055304885, -5.850000000000000533 ) ) ;
#6368 = EDGE_CURVE ( 'NONE', #5584, #3627, #9186, .T. ) ;
#6369 = ORIENTED_EDGE ( 'NONE', *, *, #1091, .T. ) ;
#6370 = SURFACE_SIDE_STYLE ('',( #10172 ) ) ;
#6371 = ADVANCED_FACE ( 'NONE', ( #9352 ), #2886, .T. ) ;
#6372 = VECTOR ( 'NONE', #7850, 1000.000000000000000 ) ;
#6373 = ORIENTED_EDGE ( 'NONE', *, *, #8182, .F. ) ;
#6374 = EDGE_CURVE ( 'NONE', #9048, #10157, #9410, .T. ) ;
#6375 = ORIENTED_EDGE ( 'NONE', *, *, #1858, .T. ) ;
#6376 = LINE ( 'NONE', #3833, #9887 ) ;
#6377 = ORIENTED_EDGE ( 'NONE', *, *, #3276, .T. ) ;
#6378 = DIRECTION ( 'NONE',  ( -0.000000000000000000, -0.000000000000000000, 1.000000000000000000 ) ) ;
#6379 = FACE_OUTER_BOUND ( 'NONE', #6799, .T. ) ;
#6380 = DIRECTION ( 'NONE',  ( 0.000000000000000000, 4.430117370400858162E-17, -1.000000000000000000 ) ) ;
#6381 = CARTESIAN_POINT ( 'NONE',  ( -1.699999999999999956, 1.099999999999999867, -6.750000000000001776 ) ) ;
#6382 = CIRCLE ( 'NONE', #1891, 0.4000000000000001887 ) ;
#6383 = ORIENTED_EDGE ( 'NONE', *, *, #40, .T. ) ;
#6384 = CARTESIAN_POINT ( 'NONE',  ( -5.799999999999998046, -0.6400000000000000133, -1.000000000000000000 ) ) ;
#6385 = CARTESIAN_POINT ( 'NONE',  ( -5.799999999999998934, 5.650000000000001243, 1.000000000000000888 ) ) ;
#6386 = ORIENTED_EDGE ( 'NONE', *, *, #3751, .F. ) ;
#6387 = PLANE ( 'NONE',  #4989 ) ;
#6388 = EDGE_LOOP ( 'NONE', ( #9014, #5546, #212, #3600, #5475, #2243 ) ) ;
#6389 = EDGE_CURVE ( 'NONE', #10528, #1295, #2354, .T. ) ;
#6390 = LINE ( 'NONE', #398, #3067 ) ;
#6391 = DIRECTION ( 'NONE',  ( -0.000000000000000000, 4.430117370400858162E-17, -1.000000000000000000 ) ) ;
#6392 = ORIENTED_EDGE ( 'NONE', *, *, #4207, .T. ) ;
#6393 = ORIENTED_EDGE ( 'NONE', *, *, #7738, .F. ) ;
#6394 = EDGE_CURVE ( 'NONE', #9608, #3061, #5632, .T. ) ;
#6395 = ORIENTED_EDGE ( 'NONE', *, *, #8544, .F. ) ;
#6396 = ADVANCED_FACE ( 'NONE', ( #9369 ), #6487, .F. ) ;
#6397 = VECTOR ( 'NONE', #10374, 1000.000000000000000 ) ;
#6398 = ORIENTED_EDGE ( 'NONE', *, *, #5682, .F. ) ;
#6399 = DIRECTION ( 'NONE',  ( 0.000000000000000000, 0.000000000000000000, -1.000000000000000000 ) ) ;
#6400 = CARTESIAN_POINT ( 'NONE',  ( 5.799999999999996270, 3.100000000000000089, -5.250000000000000000 ) ) ;
#6401 = FACE_BOUND ( 'NONE', #1928, .T. ) ;
#6402 = AXIS2_PLACEMENT_3D ( 'NONE', #9810, #7371, #8863 ) ;
#6403 = DIRECTION ( 'NONE',  ( 0.000000000000000000, 0.000000000000000000, -1.000000000000000000 ) ) ;
#6404 = FACE_OUTER_BOUND ( 'NONE', #174, .T. ) ;
#6405 = ORIENTED_EDGE ( 'NONE', *, *, #8552, .T. ) ;
#6406 = DIRECTION ( 'NONE',  ( -0.000000000000000000, -1.000000000000000000, -0.000000000000000000 ) ) ;
#6407 = ORIENTED_EDGE ( 'NONE', *, *, #4000, .F. ) ;
#6408 = ORIENTED_EDGE ( 'NONE', *, *, #8726, .F. ) ;
#6409 = ORIENTED_EDGE ( 'NONE', *, *, #9245, .T. ) ;
#6410 = ORIENTED_EDGE ( 'NONE', *, *, #4651, .T. ) ;
#6411 = LINE ( 'NONE', #3053, #6539 ) ;
#6412 = DIRECTION ( 'NONE',  ( 0.000000000000000000, 0.000000000000000000, 1.000000000000000000 ) ) ;
#6413 = VERTEX_POINT ( 'NONE', #1572 ) ;
#6414 = ORIENTED_EDGE ( 'NONE', *, *, #7182, .T. ) ;
#6415 = CARTESIAN_POINT ( 'NONE',  ( -3.850000000000000089, 1.000000000000000000, 5.850000000000000533 ) ) ;
#6416 = DIRECTION ( 'NONE',  ( 0.000000000000000000, -1.000000000000000000, -2.017120320903263702E-16 ) ) ;
#6417 = VERTEX_POINT ( 'NONE', #6273 ) ;
#6418 = CARTESIAN_POINT ( 'NONE',  ( -2.100000000000000089, 0.8000000000000001554, -6.800000000000001599 ) ) ;
#6419 = LINE ( 'NONE', #332, #3167 ) ;
#6420 = ORIENTED_EDGE ( 'NONE', *, *, #2366, .F. ) ;
#6421 = EDGE_CURVE ( 'NONE', #4129, #10142, #2072, .T. ) ;
#6422 = DIRECTION ( 'NONE',  ( 0.000000000000000000, -0.000000000000000000, -1.000000000000000000 ) ) ;
#6423 = DIRECTION ( 'NONE',  ( 0.000000000000000000, 0.000000000000000000, 1.000000000000000000 ) ) ;
#6424 = VECTOR ( 'NONE', #2945, 1000.000000000000000 ) ;
#6425 = ADVANCED_FACE ( 'NONE', ( #5661 ), #2328, .F. ) ;
#6426 = CARTESIAN_POINT ( 'NONE',  ( 0.8000000000000001554, 1.099999999999998535, 6.349999999999997868 ) ) ;
#6427 = DIRECTION ( 'NONE',  ( 0.000000000000000000, 0.000000000000000000, 1.000000000000000000 ) ) ;
#6428 = DIRECTION ( 'NONE',  ( 0.000000000000000000, -0.000000000000000000, 1.000000000000000000 ) ) ;
#6429 = LINE ( 'NONE', #4992, #2869 ) ;
#6430 = ORIENTED_EDGE ( 'NONE', *, *, #9845, .T. ) ;
#6431 = VERTEX_POINT ( 'NONE', #6524 ) ;
#6432 = CARTESIAN_POINT ( 'NONE',  ( -2.542012759203106320, 2.400000000000000355, -3.000000000000000000 ) ) ;
#6433 = VERTEX_POINT ( 'NONE', #4031 ) ;
#6434 = ORIENTED_EDGE ( 'NONE', *, *, #4542, .T. ) ;
#6435 = LINE ( 'NONE', #9328, #9962 ) ;
#6436 = ORIENTED_EDGE ( 'NONE', *, *, #9047, .T. ) ;
#6437 = ORIENTED_EDGE ( 'NONE', *, *, #276, .T. ) ;
#6438 = ORIENTED_EDGE ( 'NONE', *, *, #8482, .T. ) ;
#6439 = CYLINDRICAL_SURFACE ( 'NONE', #7158, 0.1499999999999999667 ) ;
#6440 = CARTESIAN_POINT ( 'NONE',  ( 3.299999999999999822, 0.7999999999999982681, 7.549999999999999822 ) ) ;
#6441 = ORIENTED_EDGE ( 'NONE', *, *, #2343, .T. ) ;
#6442 = ADVANCED_FACE ( 'NONE', ( #6311 ), #3256, .F. ) ;
#6443 = DIRECTION ( 'NONE',  ( 0.000000000000000000, 0.000000000000000000, -1.000000000000000000 ) ) ;
#6444 = DIRECTION ( 'NONE',  ( 0.000000000000000000, 0.000000000000000000, -1.000000000000000000 ) ) ;
#6445 = DIRECTION ( 'NONE',  ( 0.000000000000000000, 0.000000000000000000, -1.000000000000000000 ) ) ;
#6446 = EDGE_CURVE ( 'NONE', #9714, #3700, #6126, .T. ) ;
#6447 = CARTESIAN_POINT ( 'NONE',  ( -1.983582586957798544, 2.170863245782921780, 7.549999999999999822 ) ) ;
#6448 = LINE ( 'NONE', #10443, #2844 ) ;
#6449 = VECTOR ( 'NONE', #8095, 1000.000000000000000 ) ;
#6450 = ORIENTED_EDGE ( 'NONE', *, *, #3578, .F. ) ;
#6451 = ORIENTED_EDGE ( 'NONE', *, *, #1245, .F. ) ;
#6452 = CARTESIAN_POINT ( 'NONE',  ( 0.000000000000000000, 0.09999999999999971412, 3.000000000000000444 ) ) ;
#6453 =( GEOMETRIC_REPRESENTATION_CONTEXT ( 3 ) GLOBAL_UNCERTAINTY_ASSIGNED_CONTEXT ( ( #6115 ) ) GLOBAL_UNIT_ASSIGNED_CONTEXT ( ( #7101, #2103, #2028 ) ) REPRESENTATION_CONTEXT ( 'NONE', 'WORKASPACE' ) );
#6454 = CARTESIAN_POINT ( 'NONE',  ( -5.499999999999996447, 5.700000000000000178, 6.500000000000000888 ) ) ;
#6455 = CARTESIAN_POINT ( 'NONE',  ( -4.549999999999997158, 2.400000000000000355, -5.850000000000000533 ) ) ;
#6456 = EDGE_LOOP ( 'NONE', ( #2511, #4635, #7934, #1917 ) ) ;
#6457 = CARTESIAN_POINT ( 'NONE',  ( 0.000000000000000000, 3.100000000000000089, -3.000000000000000000 ) ) ;
#6458 = ORIENTED_EDGE ( 'NONE', *, *, #4269, .T. ) ;
#6459 = CARTESIAN_POINT ( 'NONE',  ( -5.750000000000000000, 6.100000000000000533, -6.400000000000000355 ) ) ;
#6460 = EDGE_CURVE ( 'NONE', #4867, #10410, #9929, .T. ) ;
#6461 = LINE ( 'NONE', #10256, #2875 ) ;
#6462 = ORIENTED_EDGE ( 'NONE', *, *, #9727, .F. ) ;
#6463 = ORIENTED_EDGE ( 'NONE', *, *, #2845, .T. ) ;
#6464 = EDGE_CURVE ( 'NONE', #2816, #7055, #9672, .T. ) ;
#6465 = VERTEX_POINT ( 'NONE', #9527 ) ;
#6466 = LINE ( 'NONE', #5865, #10269 ) ;
#6467 = ORIENTED_EDGE ( 'NONE', *, *, #543, .T. ) ;
#6468 = FACE_OUTER_BOUND ( 'NONE', #10063, .T. ) ;
#6469 = CARTESIAN_POINT ( 'NONE',  ( -1.734723475976807094E-15, 0.000000000000000000, 5.850000000000000533 ) ) ;
#6470 = LINE ( 'NONE', #4535, #2788 ) ;
#6471 = ORIENTED_EDGE ( 'NONE', *, *, #8893, .T. ) ;
#6472 = CARTESIAN_POINT ( 'NONE',  ( -6.200000000000000178, 3.100000000000000089, 3.000000000000000000 ) ) ;
#6473 = ORIENTED_EDGE ( 'NONE', *, *, #26, .T. ) ;
#6474 = ORIENTED_EDGE ( 'NONE', *, *, #2761, .T. ) ;
#6475 = ADVANCED_FACE ( 'NONE', ( #2589 ), #5397, .T. ) ;
#6476 = FACE_OUTER_BOUND ( 'NONE', #2892, .T. ) ;
#6477 = ORIENTED_EDGE ( 'NONE', *, *, #6582, .F. ) ;
#6478 = ORIENTED_EDGE ( 'NONE', *, *, #9137, .F. ) ;
#6479 = DIRECTION ( 'NONE',  ( 1.000000000000000000, 0.000000000000000000, -0.000000000000000000 ) ) ;
#6480 = AXIS2_PLACEMENT_3D ( 'NONE', #5080, #6851, #2728 ) ;
#6481 = AXIS2_PLACEMENT_3D ( 'NONE', #1061, #4398, #6935 ) ;
#6482 = ORIENTED_EDGE ( 'NONE', *, *, #7434, .F. ) ;
#6483 = CIRCLE ( 'NONE', #589, 0.04999999999999969746 ) ;
#6484 = VERTEX_POINT ( 'NONE', #10580 ) ;
#6485 = DIRECTION ( 'NONE',  ( 0.000000000000000000, 0.000000000000000000, 1.000000000000000000 ) ) ;
#6486 = EDGE_CURVE ( 'NONE', #10139, #9265, #2780, .T. ) ;
#6487 = PLANE ( 'NONE',  #328 ) ;
#6488 = FACE_OUTER_BOUND ( 'NONE', #8740, .T. ) ;
#6489 = AXIS2_PLACEMENT_3D ( 'NONE', #803, #2246, #2478 ) ;
#6490 = LINE ( 'NONE', #4825, #2970 ) ;
#6491 = ORIENTED_EDGE ( 'NONE', *, *, #7780, .T. ) ;
#6492 = DIRECTION ( 'NONE',  ( 0.000000000000000000, 4.430117370400858162E-17, -1.000000000000000000 ) ) ;
#6493 = EDGE_LOOP ( 'NONE', ( #778, #7569, #10088, #10497 ) ) ;
#6494 = ORIENTED_EDGE ( 'NONE', *, *, #853, .F. ) ;
#6495 = LINE ( 'NONE', #5067, #3181 ) ;
#6496 = CIRCLE ( 'NONE', #5344, 0.2000000000000000944 ) ;
#6497 = DIRECTION ( 'NONE',  ( 0.000000000000000000, -2.460132057943349518E-16, 1.000000000000000000 ) ) ;
#6498 = EDGE_LOOP ( 'NONE', ( #9747, #7791, #269, #1708 ) ) ;
#6499 = CARTESIAN_POINT ( 'NONE',  ( -4.250000000000000000, 6.700000000000000178, 5.674999999999998046 ) ) ;
#6500 = CARTESIAN_POINT ( 'NONE',  ( 5.499999999999996447, 0.000000000000000000, 6.400000000000000355 ) ) ;
#6501 = ORIENTED_EDGE ( 'NONE', *, *, #7244, .F. ) ;
#6502 = ADVANCED_FACE ( 'NONE', ( #6036 ), #9806, .T. ) ;
#6503 = FACE_OUTER_BOUND ( 'NONE', #5024, .T. ) ;
#6504 = EDGE_CURVE ( 'NONE', #10348, #9226, #6147, .T. ) ;
#6505 = CARTESIAN_POINT ( 'NONE',  ( 2.550000000000000266, -2.299999999999998046, -7.200000000000001066 ) ) ;
#6506 = DIRECTION ( 'NONE',  ( 0.000000000000000000, 1.000000000000000000, -1.445602896647339163E-16 ) ) ;
#6507 = LINE ( 'NONE', #8115, #2967 ) ;
#6508 = EDGE_CURVE ( 'NONE', #6792, #1907, #6376, .T. ) ;
#6509 = CARTESIAN_POINT ( 'NONE',  ( 2.542012759203106320, 2.400000000000000355, -2.000000000000000000 ) ) ;
#6510 = CARTESIAN_POINT ( 'NONE',  ( 0.4000000000000001887, 2.504411906293520396, -6.200000000000001954 ) ) ;
#6511 = DIRECTION ( 'NONE',  ( 0.000000000000000000, 1.000000000000000000, 0.000000000000000000 ) ) ;
#6512 = LINE ( 'NONE', #4134, #9853 ) ;
#6513 = ORIENTED_EDGE ( 'NONE', *, *, #9996, .F. ) ;
#6514 = ORIENTED_EDGE ( 'NONE', *, *, #7668, .T. ) ;
#6515 = AXIS2_PLACEMENT_3D ( 'NONE', #9435, #1266, #3081 ) ;
#6516 = ORIENTED_EDGE ( 'NONE', *, *, #7066, .T. ) ;
#6517 = LINE ( 'NONE', #2643, #10185 ) ;
#6518 = VECTOR ( 'NONE', #5960, 1000.000000000000000 ) ;
#6519 = ORIENTED_EDGE ( 'NONE', *, *, #4204, .T. ) ;
#6520 = ORIENTED_EDGE ( 'NONE', *, *, #9657, .T. ) ;
#6521 = PLANE ( 'NONE',  #396 ) ;
#6522 = ORIENTED_EDGE ( 'NONE', *, *, #9513, .T. ) ;
#6523 = LINE ( 'NONE', #4555, #10211 ) ;
#6524 = CARTESIAN_POINT ( 'NONE',  ( -5.799999999999996270, 5.500000000000000888, 6.400000000000000355 ) ) ;
#6525 = CARTESIAN_POINT ( 'NONE',  ( 3.880824640740575759, 0.09999999999999990841, -2.599999999999997424 ) ) ;
#6526 = CARTESIAN_POINT ( 'NONE',  ( 5.049999999999997158, 2.400000000000000355, 5.350000000000001421 ) ) ;
#6527 = DIRECTION ( 'NONE',  ( -1.000000000000000000, -0.000000000000000000, -0.000000000000000000 ) ) ;
#6528 = LINE ( 'NONE', #3035, #6827 ) ;
#6529 = VECTOR ( 'NONE', #1562, 1000.000000000000000 ) ;
#6530 = EDGE_CURVE ( 'NONE', #6169, #7616, #6054, .T. ) ;
#6531 = DIRECTION ( 'NONE',  ( 1.000000000000000000, 0.000000000000000000, 0.000000000000000000 ) ) ;
#6532 = CARTESIAN_POINT ( 'NONE',  ( -2.299999999999998490, 0.6999999999999992895, 7.549999999999999822 ) ) ;
#6533 = DIRECTION ( 'NONE',  ( 1.000000000000000000, -0.000000000000000000, -0.000000000000000000 ) ) ;
#6534 = EDGE_LOOP ( 'NONE', ( #4676, #3970, #7764, #7741, #586, #498, #4441, #7662, #4994, #6942, #4659, #1023 ) ) ;
#6535 = DIRECTION ( 'NONE',  ( -1.000000000000000000, 0.000000000000000000, 0.000000000000000000 ) ) ;
#6536 = ORIENTED_EDGE ( 'NONE', *, *, #4354, .T. ) ;
#6537 = AXIS2_PLACEMENT_3D ( 'NONE', #5744, #4717, #10630 ) ;
#6538 = CARTESIAN_POINT ( 'NONE',  ( -6.399999999999998579, -2.034757436496875016, -1.000000000000000000 ) ) ;
#6539 = VECTOR ( 'NONE', #7878, 1000.000000000000000 ) ;
#6540 = ORIENTED_EDGE ( 'NONE', *, *, #3414, .F. ) ;
#6541 = ORIENTED_EDGE ( 'NONE', *, *, #7558, .T. ) ;
#6542 = ORIENTED_EDGE ( 'NONE', *, *, #5883, .F. ) ;
#6543 = VECTOR ( 'NONE', #5015, 1000.000000000000000 ) ;
#6544 = ORIENTED_EDGE ( 'NONE', *, *, #4966, .T. ) ;
#6545 = ADVANCED_FACE ( 'NONE', ( #2528 ), #6272, .T. ) ;
#6546 = LINE ( 'NONE', #7622, #3594 ) ;
#6547 = EDGE_CURVE ( 'NONE', #9935, #488, #9694, .T. ) ;
#6548 = CARTESIAN_POINT ( 'NONE',  ( 0.000000000000000000, 3.100000000000000089, 4.500000000000000888 ) ) ;
#6549 = ORIENTED_EDGE ( 'NONE', *, *, #4817, .T. ) ;
#6550 = DIRECTION ( 'NONE',  ( -0.9396926207859082059, -0.3420201433256695456, 0.000000000000000000 ) ) ;
#6551 = EDGE_CURVE ( 'NONE', #4283, #3691, #6105, .T. ) ;
#6552 = CARTESIAN_POINT ( 'NONE',  ( 1.734723475976807094E-15, 0.000000000000000000, 4.500000000000001776 ) ) ;
#6553 = ORIENTED_EDGE ( 'NONE', *, *, #123, .F. ) ;
#6554 = VERTEX_POINT ( 'NONE', #5544 ) ;
#6555 = VECTOR ( 'NONE', #4557, 1000.000000000000000 ) ;
#6556 = EDGE_CURVE ( 'NONE', #10084, #9791, #9827, .T. ) ;
#6557 = ORIENTED_EDGE ( 'NONE', *, *, #6151, .F. ) ;
#6558 = AXIS2_PLACEMENT_3D ( 'NONE', #5717, #6640, #9891 ) ;
#6559 = ORIENTED_EDGE ( 'NONE', *, *, #2550, .T. ) ;
#6560 = DIRECTION ( 'NONE',  ( 0.000000000000000000, 0.000000000000000000, -1.000000000000000000 ) ) ;
#6561 = ORIENTED_EDGE ( 'NONE', *, *, #1505, .T. ) ;
#6562 = LINE ( 'NONE', #3202, #9946 ) ;
#6563 = ORIENTED_EDGE ( 'NONE', *, *, #2230, .T. ) ;
#6564 = DIRECTION ( 'NONE',  ( 0.000000000000000000, -1.000000000000000000, -4.430117370400858162E-17 ) ) ;
#6565 =( NAMED_UNIT ( * ) PLANE_ANGLE_UNIT ( ) SI_UNIT ( $, .RADIAN. ) );
#6566 = LINE ( 'NONE', #4916, #2919 ) ;
#6567 = UNCERTAINTY_MEASURE_WITH_UNIT (LENGTH_MEASURE( 1.000000000000000082E-05 ), #4157, 'distance_accuracy_value', 'NONE');
#6568 = LINE ( 'NONE', #7982, #6259 ) ;
#6569 = ORIENTED_EDGE ( 'NONE', *, *, #7775, .T. ) ;
#6570 = DIRECTION ( 'NONE',  ( 1.000000000000000000, -0.000000000000000000, -0.000000000000000000 ) ) ;
#6571 = ORIENTED_EDGE ( 'NONE', *, *, #1483, .F. ) ;
#6572 = VERTEX_POINT ( 'NONE', #2085 ) ;
#6573 = VERTEX_POINT ( 'NONE', #3104 ) ;
#6574 = EDGE_CURVE ( 'NONE', #2950, #6638, #9591, .T. ) ;
#6575 = ADVANCED_FACE ( 'NONE', ( #9519 ), #9600, .T. ) ;
#6576 = FACE_OUTER_BOUND ( 'NONE', #6951, .T. ) ;
#6577 = CARTESIAN_POINT ( 'NONE',  ( 6.199999999999998401, -0.6400000000000000133, -1.000000000000000000 ) ) ;
#6578 = ORIENTED_EDGE ( 'NONE', *, *, #306, .F. ) ;
#6579 = VERTEX_POINT ( 'NONE', #6604 ) ;
#6580 = FILL_AREA_STYLE ('',( #2688 ) ) ;
#6581 = DIRECTION ( 'NONE',  ( 0.000000000000000000, -1.445602896647339163E-16, 1.000000000000000000 ) ) ;
#6582 = EDGE_CURVE ( 'NONE', #3709, #6719, #9613, .T. ) ;
#6583 = AXIS2_PLACEMENT_3D ( 'NONE', #3470, #12, #5542 ) ;
#6584 = ORIENTED_EDGE ( 'NONE', *, *, #9460, .F. ) ;
#6585 = LINE ( 'NONE', #6330, #10133 ) ;
#6586 = EDGE_LOOP ( 'NONE', ( #2106, #5518, #10557, #8992 ) ) ;
#6587 = DIRECTION ( 'NONE',  ( 9.383500162295677136E-17, 0.7071067811865500152, 0.7071067811865451302 ) ) ;
#6588 = CARTESIAN_POINT ( 'NONE',  ( 0.8000000000000001554, 2.999999999999998224, 7.249999999999999112 ) ) ;
#6589 = VECTOR ( 'NONE', #22, 1000.000000000000000 ) ;
#6590 = DIRECTION ( 'NONE',  ( 0.000000000000000000, 4.869470219022243768E-16, -1.000000000000000000 ) ) ;
#6591 = DIRECTION ( 'NONE',  ( 0.000000000000000000, 0.000000000000000000, -1.000000000000000000 ) ) ;
#6592 =( NAMED_UNIT ( * ) PLANE_ANGLE_UNIT ( ) SI_UNIT ( $, .RADIAN. ) );
#6593 = EDGE_LOOP ( 'NONE', ( #1507, #1971, #6703, #7643 ) ) ;
#6594 = ORIENTED_EDGE ( 'NONE', *, *, #10413, .T. ) ;
#6595 = LINE ( 'NONE', #9416, #10143 ) ;
#6596 = EDGE_LOOP ( 'NONE', ( #9645, #6392, #4849, #2487 ) ) ;
#6597 = VERTEX_POINT ( 'NONE', #862 ) ;
#6598 = ORIENTED_EDGE ( 'NONE', *, *, #8870, .T. ) ;
#6599 = CARTESIAN_POINT ( 'NONE',  ( 1.700000000000000178, 2.999999999999998224, 6.349999999999997868 ) ) ;
#6600 = ADVANCED_FACE ( 'NONE', ( #2740, #6091 ), #6768, .T. ) ;
#6601 = CARTESIAN_POINT ( 'NONE',  ( 4.250000000000000000, 6.550000000000000711, 4.525000000000001243 ) ) ;
#6602 = LINE ( 'NONE', #6548, #2937 ) ;
#6603 = EDGE_CURVE ( 'NONE', #6307, #8485, #5983, .T. ) ;
#6604 = CARTESIAN_POINT ( 'NONE',  ( 3.880824640740575759, 0.4999999999999995559, -3.000000000000000000 ) ) ;
#6605 = CARTESIAN_POINT ( 'NONE',  ( 2.100000000000000089, 0.3544119062935187636, 6.700000000000000178 ) ) ;
#6606 = CARTESIAN_POINT ( 'NONE',  ( -1.734723475976807094E-15, 0.000000000000000000, 5.850000000000000533 ) ) ;
#6607 = FACE_OUTER_BOUND ( 'NONE', #1138, .T. ) ;
#6608 = EDGE_CURVE ( 'NONE', #5032, #4444, #6168, .T. ) ;
#6609 = AXIS2_PLACEMENT_3D ( 'NONE', #1287, #10231, #7789 ) ;
#6610 = VERTEX_POINT ( 'NONE', #4375 ) ;
#6611 = VERTEX_POINT ( 'NONE', #3524 ) ;
#6612 = ORIENTED_EDGE ( 'NONE', *, *, #8401, .T. ) ;
#6613 = DIRECTION ( 'NONE',  ( -1.000000000000000000, -1.327027319204863784E-16, 0.000000000000000000 ) ) ;
#6614 = EDGE_CURVE ( 'NONE', #5100, #4095, #6332, .T. ) ;
#6615 = CARTESIAN_POINT ( 'NONE',  ( -5.799999999999997158, 3.100000000000000089, 4.500000000000000888 ) ) ;
#6616 = FACE_OUTER_BOUND ( 'NONE', #5630, .T. ) ;
#6617 = ORIENTED_EDGE ( 'NONE', *, *, #4526, .F. ) ;
#6618 = ORIENTED_EDGE ( 'NONE', *, *, #1452, .T. ) ;
#6619 = CARTESIAN_POINT ( 'NONE',  ( -6.199999999999998401, -0.6400000000000000133, 1.000000000000000000 ) ) ;
#6620 = VECTOR ( 'NONE', #6061, 1000.000000000000000 ) ;
#6621 = ORIENTED_EDGE ( 'NONE', *, *, #5247, .T. ) ;
#6622 = AXIS2_PLACEMENT_3D ( 'NONE', #8805, #3882, #7834 ) ;
#6623 = ORIENTED_EDGE ( 'NONE', *, *, #9495, .T. ) ;
#6624 = EDGE_LOOP ( 'NONE', ( #1096, #4641, #1627, #1498 ) ) ;
#6625 = LINE ( 'NONE', #9134, #3094 ) ;
#6626 = DIRECTION ( 'NONE',  ( 0.000000000000000000, 0.000000000000000000, -1.000000000000000000 ) ) ;
#6627 = PRESENTATION_STYLE_ASSIGNMENT (( #2419 ) ) ;
#6628 = PLANE ( 'NONE',  #4628 ) ;
#6629 = EDGE_CURVE ( 'NONE', #9970, #10141, #9716, .T. ) ;
#6630 = VERTEX_POINT ( 'NONE', #5684 ) ;
#6631 = AXIS2_PLACEMENT_3D ( 'NONE', #663, #3528, #2162 ) ;
#6632 = CARTESIAN_POINT ( 'NONE',  ( -3.880824640740575759, 0.09999999999999990841, 3.000000000000000000 ) ) ;
#6633 =( LENGTH_UNIT ( ) NAMED_UNIT ( * ) SI_UNIT ( .MILLI., .METRE. ) );
#6634 = EDGE_LOOP ( 'NONE', ( #8999, #4935, #2446, #9241, #9633, #6298, #3098 ) ) ;
#6635 = EDGE_CURVE ( 'NONE', #7298, #9935, #6009, .T. ) ;
#6636 = VECTOR ( 'NONE', #5360, 1000.000000000000000 ) ;
#6637 = ORIENTED_EDGE ( 'NONE', *, *, #7471, .F. ) ;
#6638 = VERTEX_POINT ( 'NONE', #9857 ) ;
#6639 = ORIENTED_EDGE ( 'NONE', *, *, #5487, .F. ) ;
#6640 = DIRECTION ( 'NONE',  ( 1.000000000000000000, 0.000000000000000000, 0.000000000000000000 ) ) ;
#6641 = AXIS2_PLACEMENT_3D ( 'NONE', #7562, #4891, #8392 ) ;
#6642 = ORIENTED_EDGE ( 'NONE', *, *, #7389, .T. ) ;
#6643 = CIRCLE ( 'NONE', #6197, 0.1499999999999999667 ) ;
#6644 = ADVANCED_FACE ( 'NONE', ( #2627, #6188 ), #6684, .F. ) ;
#6645 = CARTESIAN_POINT ( 'NONE',  ( -5.799999999999996270, 1.000000000000000000, 6.400000000000000355 ) ) ;
#6646 = VECTOR ( 'NONE', #4979, 1000.000000000000000 ) ;
#6647 = ORIENTED_EDGE ( 'NONE', *, *, #7918, .T. ) ;
#6648 = CARTESIAN_POINT ( 'NONE',  ( -2.299999999999999822, -2.299999999999998046, -7.050000000000002487 ) ) ;
#6649 = ORIENTED_EDGE ( 'NONE', *, *, #10589, .T. ) ;
#6650 = EDGE_CURVE ( 'NONE', #9484, #7298, #9780, .T. ) ;
#6651 = DIRECTION ( 'NONE',  ( -1.341711765540131426E-16, 1.000000000000000000, 0.000000000000000000 ) ) ;
#6652 = ORIENTED_EDGE ( 'NONE', *, *, #2648, .T. ) ;
#6653 = EDGE_LOOP ( 'NONE', ( #5892, #1222, #5069, #2208, #1085, #2749, #8174, #4861 ) ) ;
#6654 = VECTOR ( 'NONE', #10474, 1000.000000000000000 ) ;
#6655 = CARTESIAN_POINT ( 'NONE',  ( -2.499999999999999556, 0.6999999999999998446, 7.549999999999998046 ) ) ;
#6656 = EDGE_LOOP ( 'NONE', ( #2977, #2568, #6405, #9956 ) ) ;
#6657 = ORIENTED_EDGE ( 'NONE', *, *, #4688, .F. ) ;
#6658 = EDGE_CURVE ( 'NONE', #3338, #2921, #9632, .T. ) ;
#6659 = CARTESIAN_POINT ( 'NONE',  ( 5.450000000000000178, 6.100000000000000533, -6.400000000000000355 ) ) ;
#6660 = DIRECTION ( 'NONE',  ( 0.000000000000000000, -2.460132057943349518E-16, 1.000000000000000000 ) ) ;
#6661 = ORIENTED_EDGE ( 'NONE', *, *, #1702, .T. ) ;
#6662 = LINE ( 'NONE', #4647, #3050 ) ;
#6663 = AXIS2_PLACEMENT_3D ( 'NONE', #9386, #4540, #2782 ) ;
#6664 = DIRECTION ( 'NONE',  ( 1.000000000000000000, 1.341711765540131426E-16, 0.000000000000000000 ) ) ;
#6665 = DIRECTION ( 'NONE',  ( -1.807003620809174139E-16, 1.000000000000000000, 4.430117370400858162E-17 ) ) ;
#6666 = CIRCLE ( 'NONE', #8619, 0.5999999999999989786 ) ;
#6667 = DIRECTION ( 'NONE',  ( 0.000000000000000000, 0.000000000000000000, 1.000000000000000000 ) ) ;
#6668 = CARTESIAN_POINT ( 'NONE',  ( -6.123233995736779440E-18, -2.350000000000000089, 7.549999999999998046 ) ) ;
#6669 = CARTESIAN_POINT ( 'NONE',  ( 0.000000000000000000, 5.700000000000000178, 0.000000000000000000 ) ) ;
#6670 = ORIENTED_EDGE ( 'NONE', *, *, #8420, .T. ) ;
#6671 = ORIENTED_EDGE ( 'NONE', *, *, #6374, .F. ) ;
#6672 = ORIENTED_EDGE ( 'NONE', *, *, #5738, .T. ) ;
#6673 = ADVANCED_FACE ( 'NONE', ( #6231 ), #10017, .F. ) ;
#6674 = EDGE_CURVE ( 'NONE', #9709, #7517, #9651, .T. ) ;
#6675 = VECTOR ( 'NONE', #4498, 1000.000000000000000 ) ;
#6676 = ORIENTED_EDGE ( 'NONE', *, *, #6743, .F. ) ;
#6677 = ORIENTED_EDGE ( 'NONE', *, *, #1169, .T. ) ;
#6678 = VERTEX_POINT ( 'NONE', #6841 ) ;
#6679 = DIRECTION ( 'NONE',  ( -0.7071067811865493491, 0.000000000000000000, 0.7071067811865456854 ) ) ;
#6680 = EDGE_CURVE ( 'NONE', #9081, #9814, #9847, .T. ) ;
#6681 = ORIENTED_EDGE ( 'NONE', *, *, #6504, .T. ) ;
#6682 = CARTESIAN_POINT ( 'NONE',  ( 0.000000000000000000, 8.099999999999999645, 0.000000000000000000 ) ) ;
#6683 = FACE_OUTER_BOUND ( 'NONE', #6262, .T. ) ;
#6684 = PLANE ( 'NONE',  #10235 ) ;
#6685 = DIRECTION ( 'NONE',  ( -1.000000000000000000, 0.000000000000000000, 0.000000000000000000 ) ) ;
#6686 = CARTESIAN_POINT ( 'NONE',  ( -1.734723475976807094E-15, 0.000000000000000000, 4.500000000000001776 ) ) ;
#6687 = VECTOR ( 'NONE', #532, 1000.000000000000000 ) ;
#6688 = AXIS2_PLACEMENT_3D ( 'NONE', #4088, #8026, #4852 ) ;
#6689 = DIRECTION ( 'NONE',  ( -1.535153518563546084E-16, -1.000000000000000000, 0.000000000000000000 ) ) ;
#6690 = ORIENTED_EDGE ( 'NONE', *, *, #915, .F. ) ;
#6691 = VERTEX_POINT ( 'NONE', #8303 ) ;
#6692 = DIRECTION ( 'NONE',  ( -0.7660444431189813441, 0.6427876096865353661, -5.575293782951211506E-15 ) ) ;
#6693 = DIRECTION ( 'NONE',  ( 0.000000000000000000, 1.000000000000000000, 0.000000000000000000 ) ) ;
#6694 = CARTESIAN_POINT ( 'NONE',  ( 5.049999999999997158, 4.986986664055304885, 5.350000000000001421 ) ) ;
#6695 = ORIENTED_EDGE ( 'NONE', *, *, #4721, .T. ) ;
#6696 = CARTESIAN_POINT ( 'NONE',  ( -0.7999999999999999334, 0.7999999999999983791, 7.249999999999999112 ) ) ;
#6697 = VERTEX_POINT ( 'NONE', #8233 ) ;
#6698 = PLANE ( 'NONE',  #4342 ) ;
#6699 = VECTOR ( 'NONE', #3370, 1000.000000000000000 ) ;
#6700 = ORIENTED_EDGE ( 'NONE', *, *, #7756, .F. ) ;
#6701 = VERTEX_POINT ( 'NONE', #1750 ) ;
#6702 = ORIENTED_EDGE ( 'NONE', *, *, #8459, .F. ) ;
#6703 = ORIENTED_EDGE ( 'NONE', *, *, #10416, .T. ) ;
#6704 = ADVANCED_FACE ( 'NONE', ( #9733 ), #4106, .T. ) ;
#6705 = VECTOR ( 'NONE', #7292, 1000.000000000000000 ) ;
#6706 = ORIENTED_EDGE ( 'NONE', *, *, #4901, .F. ) ;
#6707 = EDGE_CURVE ( 'NONE', #4064, #6630, #2476, .T. ) ;
#6708 = CARTESIAN_POINT ( 'NONE',  ( -5.499999999999996447, 1.000000000000000000, -6.400000000000000355 ) ) ;
#6709 = LINE ( 'NONE', #2027, #6424 ) ;
#6710 = EDGE_CURVE ( 'NONE', #9259, #1739, #314, .T. ) ;
#6711 = AXIS2_PLACEMENT_3D ( 'NONE', #4957, #8195, #9145 ) ;
#6712 = CARTESIAN_POINT ( 'NONE',  ( 4.250000000000000000, 6.550000000000000711, -5.524999999999999467 ) ) ;
#6713 = ORIENTED_EDGE ( 'NONE', *, *, #7, .F. ) ;
#6714 = DIRECTION ( 'NONE',  ( 0.000000000000000000, 1.000000000000000000, 0.000000000000000000 ) ) ;
#6715 = VERTEX_POINT ( 'NONE', #7936 ) ;
#6716 = DIRECTION ( 'NONE',  ( 1.535153518563546084E-16, -1.000000000000000000, -0.000000000000000000 ) ) ;
#6717 = DIRECTION ( 'NONE',  ( 0.000000000000000000, 0.000000000000000000, -1.000000000000000000 ) ) ;
#6718 = ORIENTED_EDGE ( 'NONE', *, *, #7894, .F. ) ;
#6719 = VERTEX_POINT ( 'NONE', #6980 ) ;
#6720 = LINE ( 'NONE', #10400, #3019 ) ;
#6721 = ORIENTED_EDGE ( 'NONE', *, *, #4048, .F. ) ;
#6722 = ORIENTED_EDGE ( 'NONE', *, *, #1317, .F. ) ;
#6723 = ORIENTED_EDGE ( 'NONE', *, *, #7756, .T. ) ;
#6724 = CARTESIAN_POINT ( 'NONE',  ( 6.199999999999999289, 3.100000000000000089, -5.250000000000000000 ) ) ;
#6725 = ORIENTED_EDGE ( 'NONE', *, *, #7031, .T. ) ;
#6726 = CARTESIAN_POINT ( 'NONE',  ( -6.999999999999997335, -2.034757436496875016, 1.000000000000000000 ) ) ;
#6727 = LINE ( 'NONE', #4952, #10288 ) ;
#6728 = DIRECTION ( 'NONE',  ( -1.000000000000000000, 0.000000000000000000, 0.000000000000000000 ) ) ;
#6729 = LINE ( 'NONE', #4226, #6646 ) ;
#6730 = EDGE_CURVE ( 'NONE', #9970, #9609, #2650, .T. ) ;
#6731 = DIRECTION ( 'NONE',  ( -0.9396926207859082059, 0.3420201433256695456, 6.898957812604546493E-17 ) ) ;
#6732 =( GEOMETRIC_REPRESENTATION_CONTEXT ( 3 ) GLOBAL_UNCERTAINTY_ASSIGNED_CONTEXT ( ( #3552 ) ) GLOBAL_UNIT_ASSIGNED_CONTEXT ( ( #10091, #1898, #2795 ) ) REPRESENTATION_CONTEXT ( 'NONE', 'WORKASPACE' ) );
#6733 = EDGE_LOOP ( 'NONE', ( #2062, #10334, #3761, #8974, #3837, #3178, #9377, #9423 ) ) ;
#6734 = ORIENTED_EDGE ( 'NONE', *, *, #2890, .T. ) ;
#6735 = EDGE_CURVE ( 'NONE', #8495, #6786, #9537, .T. ) ;
#6736 = CIRCLE ( 'NONE', #8549, 3.500000000000000000 ) ;
#6737 = DIRECTION ( 'NONE',  ( 0.000000000000000000, 0.000000000000000000, -1.000000000000000000 ) ) ;
#6738 = EDGE_LOOP ( 'NONE', ( #4585, #2951, #7644, #6248 ) ) ;
#6739 = ORIENTED_EDGE ( 'NONE', *, *, #6735, .T. ) ;
#6740 = DIRECTION ( 'NONE',  ( -0.000000000000000000, 1.000000000000000000, 2.017120320903263702E-16 ) ) ;
#6741 = CARTESIAN_POINT ( 'NONE',  ( -4.250000000000000000, 6.700000000000000178, -5.099999999999999645 ) ) ;
#6742 = DIRECTION ( 'NONE',  ( 0.000000000000000000, 0.000000000000000000, 1.000000000000000000 ) ) ;
#6743 = EDGE_CURVE ( 'NONE', #7352, #3709, #2461, .T. ) ;
#6744 = ORIENTED_EDGE ( 'NONE', *, *, #3323, .F. ) ;
#6745 = FACE_OUTER_BOUND ( 'NONE', #2303, .T. ) ;
#6746 = CARTESIAN_POINT ( 'NONE',  ( -3.880824640740575759, 0.1000000000000006717, -5.850000000000000533 ) ) ;
#6747 = DIRECTION ( 'NONE',  ( -0.000000000000000000, 0.000000000000000000, -1.000000000000000000 ) ) ;
#6748 = VECTOR ( 'NONE', #8247, 1000.000000000000000 ) ;
#6749 = CARTESIAN_POINT ( 'NONE',  ( 6.744145861810626030, -2.526248663070268741, -1.000000000000000000 ) ) ;
#6750 = CARTESIAN_POINT ( 'NONE',  ( -3.880824640740575759, 0.09999999999999990841, -4.499999999999997335 ) ) ;
#6751 = CARTESIAN_POINT ( 'NONE',  ( -2.900000000000000355, 0.3544119062935187636, 6.700000000000000178 ) ) ;
#6752 = PLANE ( 'NONE',  #2017 ) ;
#6753 = ORIENTED_EDGE ( 'NONE', *, *, #7434, .T. ) ;
#6754 = ORIENTED_EDGE ( 'NONE', *, *, #9418, .F. ) ;
#6755 = ORIENTED_EDGE ( 'NONE', *, *, #4096, .F. ) ;
#6756 = EDGE_CURVE ( 'NONE', #9665, #10480, #6209, .T. ) ;
#6757 = VECTOR ( 'NONE', #7341, 1000.000000000000000 ) ;
#6758 = CYLINDRICAL_SURFACE ( 'NONE', #8523, 0.04999999999999969746 ) ;
#6759 = EDGE_LOOP ( 'NONE', ( #3742, #5549, #9496, #3233 ) ) ;
#6760 = VERTEX_POINT ( 'NONE', #9326 ) ;
#6761 = AXIS2_PLACEMENT_3D ( 'NONE', #8609, #8538, #7156 ) ;
#6762 = DIRECTION ( 'NONE',  ( 0.000000000000000000, 4.430117370400858162E-17, -1.000000000000000000 ) ) ;
#6763 = AXIS2_PLACEMENT_3D ( 'NONE', #9018, #838, #8209 ) ;
#6764 = ORIENTED_EDGE ( 'NONE', *, *, #5969, .T. ) ;
#6765 = CARTESIAN_POINT ( 'NONE',  ( -3.880824640740575759, 0.09999999999999990841, -6.700000000000000178 ) ) ;
#6766 = LINE ( 'NONE', #7899, #10304 ) ;
#6767 = ORIENTED_EDGE ( 'NONE', *, *, #825, .T. ) ;
#6768 = PLANE ( 'NONE',  #5394 ) ;
#6769 = EDGE_CURVE ( 'NONE', #872, #9324, #2673, .T. ) ;
#6770 = PLANE ( 'NONE',  #9355 ) ;
#6771 = FACE_OUTER_BOUND ( 'NONE', #8862, .T. ) ;
#6772 = DIRECTION ( 'NONE',  ( 0.000000000000000000, -4.430117370400858162E-17, 1.000000000000000000 ) ) ;
#6773 = PRODUCT ( 'PEC12R-4215F-S0024', 'PEC12R-4215F-S0024', '', ( #9170 ) ) ;
#6774 = AXIS2_PLACEMENT_3D ( 'NONE', #4934, #8981, #6445 ) ;
#6775 = ORIENTED_EDGE ( 'NONE', *, *, #7610, .F. ) ;
#6776 = ORIENTED_EDGE ( 'NONE', *, *, #8131, .F. ) ;
#6777 = DIRECTION ( 'NONE',  ( -0.000000000000000000, 2.017120320903263702E-16, -1.000000000000000000 ) ) ;
#6778 = PLANE ( 'NONE',  #2325 ) ;
#6779 = PLANE ( 'NONE',  #5579 ) ;
#6780 = ORIENTED_EDGE ( 'NONE', *, *, #8706, .T. ) ;
#6781 = DIRECTION ( 'NONE',  ( 0.000000000000000000, 0.000000000000000000, -1.000000000000000000 ) ) ;
#6782 = ORIENTED_EDGE ( 'NONE', *, *, #3740, .T. ) ;
#6783 = DIRECTION ( 'NONE',  ( 0.000000000000000000, 0.000000000000000000, 1.000000000000000000 ) ) ;
#6784 = ADVANCED_FACE ( 'NONE', ( #6253 ), #6824, .T. ) ;
#6785 = COLOUR_RGB ( '',0.2509803921568627416, 0.2509803921568627416, 0.2509803921568627416 ) ;
#6786 = VERTEX_POINT ( 'NONE', #2800 ) ;
#6787 = ORIENTED_EDGE ( 'NONE', *, *, #5679, .F. ) ;
#6788 = DIRECTION ( 'NONE',  ( -0.000000000000000000, -0.000000000000000000, 1.000000000000000000 ) ) ;
#6789 = CIRCLE ( 'NONE', #7423, 0.5749999999999982903 ) ;
#6790 = EDGE_CURVE ( 'NONE', #7177, #4129, #6523, .T. ) ;
#6791 = DIRECTION ( 'NONE',  ( 0.000000000000000000, 1.000000000000000000, 0.000000000000000000 ) ) ;
#6792 = VERTEX_POINT ( 'NONE', #6381 ) ;
#6793 = DIRECTION ( 'NONE',  ( -0.000000000000000000, -1.000000000000000000, -0.000000000000000000 ) ) ;
#6794 = EDGE_LOOP ( 'NONE', ( #7478, #4162, #4002, #9838 ) ) ;
#6795 = DIRECTION ( 'NONE',  ( -0.000000000000000000, -1.000000000000000000, -0.000000000000000000 ) ) ;
#6796 = AXIS2_PLACEMENT_3D ( 'NONE', #1089, #2862, #6693 ) ;
#6797 = CARTESIAN_POINT ( 'NONE',  ( 0.000000000000000000, 2.100000000000000089, -1.000000000000000000 ) ) ;
#6798 = ORIENTED_EDGE ( 'NONE', *, *, #8752, .F. ) ;
#6799 = EDGE_LOOP ( 'NONE', ( #3229, #9998, #3364, #8502 ) ) ;
#6800 = LINE ( 'NONE', #4933, #3218 ) ;
#6801 = VERTEX_POINT ( 'NONE', #9403 ) ;
#6802 = VERTEX_POINT ( 'NONE', #3129 ) ;
#6803 = CARTESIAN_POINT ( 'NONE',  ( 3.299999999999999822, 3.249999999999998668, 6.349999999999997868 ) ) ;
#6804 = EDGE_LOOP ( 'NONE', ( #906, #9281, #4996, #9936 ) ) ;
#6805 = ADVANCED_FACE ( 'NONE', ( #10111 ), #397, .T. ) ;
#6806 = CARTESIAN_POINT ( 'NONE',  ( 6.200000000000000178, 0.000000000000000000, -1.000000000000000000 ) ) ;
#6807 = VECTOR ( 'NONE', #7560, 1000.000000000000000 ) ;
#6808 = DIRECTION ( 'NONE',  ( 1.000000000000000000, 0.000000000000000000, 0.000000000000000000 ) ) ;
#6809 = EDGE_CURVE ( 'NONE', #9048, #446, #2858, .T. ) ;
#6810 = EDGE_CURVE ( 'NONE', #2116, #2816, #10170, .T. ) ;
#6811 = CARTESIAN_POINT ( 'NONE',  ( -3.299999999999999822, 1.100000000000000089, -5.850000000000000533 ) ) ;
#6812 = EDGE_LOOP ( 'NONE', ( #9451, #8288, #8802, #1667 ) ) ;
#6814 = ORIENTED_EDGE ( 'NONE', *, *, #7713, .T. ) ;
#6813 = DIRECTION ( 'NONE',  ( -0.000000000000000000, -0.000000000000000000, -1.000000000000000000 ) ) ;
#6815 = ORIENTED_EDGE ( 'NONE', *, *, #3052, .T. ) ;
#6816 = AXIS2_PLACEMENT_3D ( 'NONE', #7753, #7178, #4693 ) ;
#6817 = VECTOR ( 'NONE', #4899, 1000.000000000000000 ) ;
#6818 = CARTESIAN_POINT ( 'NONE',  ( -5.799999999999996270, 5.500000000000000888, -6.400000000000000355 ) ) ;
#6819 = ORIENTED_EDGE ( 'NONE', *, *, #10149, .F. ) ;
#6820 = CARTESIAN_POINT ( 'NONE',  ( -5.750000000000000000, 6.099999999999999645, 5.250000000000000000 ) ) ;
#6821 = PLANE ( 'NONE',  #3025 ) ;
#6822 = CARTESIAN_POINT ( 'NONE',  ( 0.05000000000000012768, -2.299999999999999822, 7.699999999999997513 ) ) ;
#6823 = ORIENTED_EDGE ( 'NONE', *, *, #4961, .T. ) ;
#6824 = CYLINDRICAL_SURFACE ( 'NONE', #9639, 0.2999999999999999334 ) ;
#6825 = ORIENTED_EDGE ( 'NONE', *, *, #1842, .T. ) ;
#6826 = DIRECTION ( 'NONE',  ( -0.000000000000000000, -0.000000000000000000, 1.000000000000000000 ) ) ;
#6827 = VECTOR ( 'NONE', #7098, 1000.000000000000000 ) ;
#6828 = CARTESIAN_POINT ( 'NONE',  ( -1.699999999999999956, 3.249999999999998668, 6.349999999999997868 ) ) ;
#6829 = DIRECTION ( 'NONE',  ( 1.000000000000000000, -1.341711765540131426E-16, 0.000000000000000000 ) ) ;
#6830 = EDGE_CURVE ( 'NONE', #3986, #9986, #6419, .T. ) ;
#6831 = ORIENTED_EDGE ( 'NONE', *, *, #3819, .F. ) ;
#6832 = EDGE_CURVE ( 'NONE', #7794, #6554, #3261, .T. ) ;
#6833 = VERTEX_POINT ( 'NONE', #1901 ) ;
#6834 = LINE ( 'NONE', #9079, #10405 ) ;
#6835 = ORIENTED_EDGE ( 'NONE', *, *, #1286, .F. ) ;
#6836 = STYLED_ITEM ( 'NONE', ( #6627 ), #4294 ) ;
#6837 = SURFACE_SIDE_STYLE ('',( #5417 ) ) ;
#6838 = ORIENTED_EDGE ( 'NONE', *, *, #10301, .T. ) ;
#6839 = CARTESIAN_POINT ( 'NONE',  ( -2.100000000000000089, -3.099999999999998757, 7.549999999999999822 ) ) ;
#6840 = LINE ( 'NONE', #6888, #3941 ) ;
#6841 = CARTESIAN_POINT ( 'NONE',  ( 5.049999999999997158, 2.400000000000000355, -2.000000000000000000 ) ) ;
#6842 = DIRECTION ( 'NONE',  ( 0.000000000000000000, 0.000000000000000000, -1.000000000000000000 ) ) ;
#6843 = DIRECTION ( 'NONE',  ( 0.000000000000000000, 4.430117370400858162E-17, -1.000000000000000000 ) ) ;
#6844 = VECTOR ( 'NONE', #5339, 1000.000000000000000 ) ;
#6845 = DIRECTION ( 'NONE',  ( 0.000000000000000000, 1.000000000000000000, 0.000000000000000000 ) ) ;
#6846 = ADVANCED_FACE ( 'NONE', ( #2879 ), #2039, .T. ) ;
#6847 = VERTEX_POINT ( 'NONE', #1308 ) ;
#6848 = DIRECTION ( 'NONE',  ( 0.000000000000000000, 1.000000000000000000, 0.000000000000000000 ) ) ;
#6849 = CARTESIAN_POINT ( 'NONE',  ( 6.649821042359578429E-17, 0.4999999999999993339, 0.000000000000000000 ) ) ;
#6850 = CARTESIAN_POINT ( 'NONE',  ( -2.700000000000000178, -2.299999999999998046, -7.050000000000002487 ) ) ;
#6851 = DIRECTION ( 'NONE',  ( 0.000000000000000000, 1.000000000000000000, 0.000000000000000000 ) ) ;
#6852 = ORIENTED_EDGE ( 'NONE', *, *, #8422, .T. ) ;
#6853 = DIRECTION ( 'NONE',  ( 0.9396926207859082059, -0.3420201433256695456, 0.000000000000000000 ) ) ;
#6854 = EDGE_CURVE ( 'NONE', #659, #3518, #3243, .T. ) ;
#6855 = FACE_BOUND ( 'NONE', #10542, .T. ) ;
#6856 = ORIENTED_EDGE ( 'NONE', *, *, #5123, .F. ) ;
#6857 = CARTESIAN_POINT ( 'NONE',  ( 5.799999999999998046, -0.6400000000000000133, 1.000000000000000000 ) ) ;
#6858 = EDGE_CURVE ( 'NONE', #9282, #10147, #10069, .T. ) ;
#6859 = ORIENTED_EDGE ( 'NONE', *, *, #3603, .F. ) ;
#6860 = VECTOR ( 'NONE', #2219, 1000.000000000000000 ) ;
#6861 = CARTESIAN_POINT ( 'NONE',  ( -4.549999999999997158, 4.986986664055304885, -5.850000000000000533 ) ) ;
#6862 = VECTOR ( 'NONE', #5827, 999.9999999999998863 ) ;
#6863 = ORIENTED_EDGE ( 'NONE', *, *, #2156, .T. ) ;
#6864 = CARTESIAN_POINT ( 'NONE',  ( -2.449999999999999734, -2.299999999999999822, 7.699999999999997513 ) ) ;
#6865 = EDGE_LOOP ( 'NONE', ( #6519, #1084, #2215, #2585, #2297, #4767, #2282, #6081 ) ) ;
#6866 = VERTEX_POINT ( 'NONE', #7043 ) ;
#6867 = ADVANCED_FACE ( 'NONE', ( #10323 ), #2959, .F. ) ;
#6868 = FACE_OUTER_BOUND ( 'NONE', #2285, .T. ) ;
#6869 = ORIENTED_EDGE ( 'NONE', *, *, #8365, .F. ) ;
#6870 = DIRECTION ( 'NONE',  ( 0.000000000000000000, -0.000000000000000000, -1.000000000000000000 ) ) ;
#6871 = ORIENTED_EDGE ( 'NONE', *, *, #1738, .F. ) ;
#6872 = CARTESIAN_POINT ( 'NONE',  ( 5.799999999999996270, 2.400000000000000355, 6.700000000000000178 ) ) ;
#6873 = VECTOR ( 'NONE', #6165, 1000.000000000000000 ) ;
#6874 = EDGE_CURVE ( 'NONE', #5805, #1400, #2897, .T. ) ;
#6875 = CARTESIAN_POINT ( 'NONE',  ( 2.100000000000000089, -3.099999999999998757, 7.299999999999998934 ) ) ;
#6876 = AXIS2_PLACEMENT_3D ( 'NONE', #7873, #1425, #5568 ) ;
#6877 = LINE ( 'NONE', #1523, #6983 ) ;
#6878 = EDGE_CURVE ( 'NONE', #2471, #8919, #10030, .T. ) ;
#6879 = CARTESIAN_POINT ( 'NONE',  ( 4.250000000000000000, 6.550000000000000711, -4.674999999999999822 ) ) ;
#6880 = EDGE_LOOP ( 'NONE', ( #9273, #8219, #1888, #5502 ) ) ;
#6881 = EDGE_CURVE ( 'NONE', #10475, #10387, #6643, .T. ) ;
#6882 = ORIENTED_EDGE ( 'NONE', *, *, #3893, .F. ) ;
#6883 = ORIENTED_EDGE ( 'NONE', *, *, #3421, .T. ) ;
#6884 = DIRECTION ( 'NONE',  ( -1.000000000000000000, 0.000000000000000000, 0.000000000000000000 ) ) ;
#6885 = VERTEX_POINT ( 'NONE', #7490 ) ;
#6886 = EDGE_LOOP ( 'NONE', ( #3942, #561, #7523, #497, #4346, #4100, #6831, #2519, #3979, #6139, #8128, #467, #6408, #5245, #2770, #2731, #274, #10216, #331, #9960, #4047, #257, #10507, #3850 ) ) ;
#6887 = DIRECTION ( 'NONE',  ( -1.000000000000000000, -0.000000000000000000, -0.000000000000000000 ) ) ;
#6888 = CARTESIAN_POINT ( 'NONE',  ( 5.799999999999998934, 5.650000000000001243, -4.500000000000000000 ) ) ;
#6889 = ORIENTED_EDGE ( 'NONE', *, *, #758, .F. ) ;
#6890 = ADVANCED_FACE ( 'NONE', ( #9987 ), #6439, .T. ) ;
#6891 = LINE ( 'NONE', #9833, #7074 ) ;
#6892 = CARTESIAN_POINT ( 'NONE',  ( 6.199999999999999289, 5.650000000000001243, 5.250000000000000000 ) ) ;
#6893 = CYLINDRICAL_SURFACE ( 'NONE', #9540, 0.1499999999999999944 ) ;
#6894 = CARTESIAN_POINT ( 'NONE',  ( 2.500000000000000000, -2.299999999999999822, 7.699999999999997513 ) ) ;
#6895 = CARTESIAN_POINT ( 'NONE',  ( 0.000000000000000000, 0.09999999999999971412, 3.000000000000000444 ) ) ;
#6896 = DIRECTION ( 'NONE',  ( -1.000000000000000000, 0.000000000000000000, 0.000000000000000000 ) ) ;
#6897 = AXIS2_PLACEMENT_3D ( 'NONE', #1218, #1288, #2774 ) ;
#6898 = ORIENTED_EDGE ( 'NONE', *, *, #8010, .F. ) ;
#6899 = AXIS2_PLACEMENT_3D ( 'NONE', #8001, #689, #1429 ) ;
#6900 = ORIENTED_EDGE ( 'NONE', *, *, #2410, .T. ) ;
#6901 = ORIENTED_EDGE ( 'NONE', *, *, #424, .T. ) ;
#6902 = EDGE_CURVE ( 'NONE', #3875, #9226, #6483, .T. ) ;
#6903 = VECTOR ( 'NONE', #6808, 1000.000000000000000 ) ;
#6904 = PLANE ( 'NONE',  #8944 ) ;
#6905 = LINE ( 'NONE', #9547, #6924 ) ;
#6906 = EDGE_LOOP ( 'NONE', ( #7379, #6986, #784, #6780 ) ) ;
#6907 = DIRECTION ( 'NONE',  ( 1.000000000000000000, -0.000000000000000000, -0.000000000000000000 ) ) ;
#6908 = AXIS2_PLACEMENT_3D ( 'NONE', #10496, #355, #1192 ) ;
#6909 = ORIENTED_EDGE ( 'NONE', *, *, #628, .F. ) ;
#6910 = DIRECTION ( 'NONE',  ( 0.000000000000000000, 4.430117370400858162E-17, -1.000000000000000000 ) ) ;
#6911 = CARTESIAN_POINT ( 'NONE',  ( 1.700000000000000178, 1.100000000000000089, -5.850000000000000533 ) ) ;
#6912 = CARTESIAN_POINT ( 'NONE',  ( -3.880824640740575759, 0.4999999999999998890, 3.000000000000000000 ) ) ;
#6913 = VECTOR ( 'NONE', #1765, 1000.000000000000000 ) ;
#6914 = DIRECTION ( 'NONE',  ( 0.000000000000000000, 1.000000000000000000, 0.000000000000000000 ) ) ;
#6915 = DIRECTION ( 'NONE',  ( -0.000000000000000000, -0.000000000000000000, -1.000000000000000000 ) ) ;
#6916 = EDGE_LOOP ( 'NONE', ( #621, #9754, #2779, #3804 ) ) ;
#6917 = ORIENTED_EDGE ( 'NONE', *, *, #169, .T. ) ;
#6918 = CARTESIAN_POINT ( 'NONE',  ( 3.299999999999999822, 0.8500000000000000888, -5.850000000000000533 ) ) ;
#6919 = CARTESIAN_POINT ( 'NONE',  ( -1.699999999999999956, 2.999999999999998224, 6.349999999999997868 ) ) ;
#6920 = CARTESIAN_POINT ( 'NONE',  ( 6.399999999999998579, -2.034757436496875016, -1.000000000000000000 ) ) ;
#6921 = DIRECTION ( 'NONE',  ( -1.000000000000000000, 0.000000000000000000, 0.000000000000000000 ) ) ;
#6922 = EDGE_LOOP ( 'NONE', ( #2435, #7570, #9041, #3725, #7004, #2622 ) ) ;
#6923 = VECTOR ( 'NONE', #890, 1000.000000000000000 ) ;
#6924 = VECTOR ( 'NONE', #4616, 1000.000000000000000 ) ;
#6925 = DIRECTION ( 'NONE',  ( 1.000000000000000000, 0.000000000000000000, 0.000000000000000000 ) ) ;
#6926 = EDGE_CURVE ( 'NONE', #8496, #10041, #3223, .T. ) ;
#6927 = ORIENTED_EDGE ( 'NONE', *, *, #2623, .F. ) ;
#6928 = FACE_OUTER_BOUND ( 'NONE', #7364, .T. ) ;
#6929 = AXIS2_PLACEMENT_3D ( 'NONE', #7252, #1002, #3815 ) ;
#6930 = PLANE ( 'NONE',  #5319 ) ;
#6931 = FACE_OUTER_BOUND ( 'NONE', #2821, .T. ) ;
#6932 = ORIENTED_EDGE ( 'NONE', *, *, #2737, .F. ) ;
#6933 = ADVANCED_FACE ( 'NONE', ( #3187 ), #3487, .F. ) ;
#6934 = DIRECTION ( 'NONE',  ( -1.000000000000000000, 0.000000000000000000, 0.000000000000000000 ) ) ;
#6935 = DIRECTION ( 'NONE',  ( 0.000000000000000000, -2.460132057943349518E-16, 1.000000000000000000 ) ) ;
#6936 = EDGE_LOOP ( 'NONE', ( #6471, #2479, #5489, #6377, #795, #10119, #3840, #6825, #9311, #4711, #4883, #6563, #9333, #6362, #8626, #6260, #3073, #8328, #1136, #6148 ) ) ;
#6937 = EDGE_LOOP ( 'NONE', ( #9526, #9670 ) ) ;
#6938 = EDGE_CURVE ( 'NONE', #6701, #265, #10193, .T. ) ;
#6939 = VECTOR ( 'NONE', #6945, 1000.000000000000000 ) ;
#6940 = DIRECTION ( 'NONE',  ( 0.000000000000000000, 0.000000000000000000, -1.000000000000000000 ) ) ;
#6941 = EDGE_CURVE ( 'NONE', #5655, #7740, #10048, .T. ) ;
#6942 = ORIENTED_EDGE ( 'NONE', *, *, #6810, .F. ) ;
#6943 = DIRECTION ( 'NONE',  ( 0.000000000000000000, -1.000000000000000000, -0.000000000000000000 ) ) ;
#6944 = VECTOR ( 'NONE', #3454, 1000.000000000000000 ) ;
#6945 = DIRECTION ( 'NONE',  ( 0.000000000000000000, 1.000000000000000000, 0.000000000000000000 ) ) ;
#6946 = LINE ( 'NONE', #9057, #6913 ) ;
#6947 = AXIS2_PLACEMENT_3D ( 'NONE', #5242, #7964, #5460 ) ;
#6948 = EDGE_LOOP ( 'NONE', ( #5062, #1492, #2934, #10146, #9926, #8750 ) ) ;
#6950 = ORIENTED_EDGE ( 'NONE', *, *, #6213, .F. ) ;
#6949 = CARTESIAN_POINT ( 'NONE',  ( 5.049999999999997158, 2.128355624055937206E-16, 5.350000000000001421 ) ) ;
#6951 = EDGE_LOOP ( 'NONE', ( #3381, #1591, #8714, #5714 ) ) ;
#6952 = ADVANCED_FACE ( 'NONE', ( #6745 ), #4130, .F. ) ;
#6953 = CYLINDRICAL_SURFACE ( 'NONE', #10053, 0.9999999999999996669 ) ;
#6954 = CARTESIAN_POINT ( 'NONE',  ( -5.049999999999997158, 0.000000000000000000, 4.500000000000001776 ) ) ;
#6955 = CARTESIAN_POINT ( 'NONE',  ( 2.100000000000000089, -3.099999999999996980, -6.800000000000002487 ) ) ;
#6956 = VERTEX_POINT ( 'NONE', #2265 ) ;
#6957 = DIRECTION ( 'NONE',  ( 0.000000000000000000, 0.000000000000000000, 1.000000000000000000 ) ) ;
#6958 = EDGE_CURVE ( 'NONE', #2778, #8204, #6727, .T. ) ;
#6959 = CARTESIAN_POINT ( 'NONE',  ( 1.700000000000000178, 2.999999999999998224, 7.249999999999999112 ) ) ;
#6960 = VERTEX_POINT ( 'NONE', #3426 ) ;
#6961 = VECTOR ( 'NONE', #7003, 1000.000000000000000 ) ;
#6962 = ORIENTED_EDGE ( 'NONE', *, *, #628, .T. ) ;
#6963 = EDGE_CURVE ( 'NONE', #401, #4059, #10009, .T. ) ;
#6964 = DIRECTION ( 'NONE',  ( 0.000000000000000000, 0.000000000000000000, -1.000000000000000000 ) ) ;
#6965 = LINE ( 'NONE', #2699, #10393 ) ;
#6966 = DIRECTION ( 'NONE',  ( 0.000000000000000000, 0.000000000000000000, 1.000000000000000000 ) ) ;
#6967 = DIRECTION ( 'NONE',  ( -1.000000000000000000, 0.000000000000000000, 0.000000000000000000 ) ) ;
#6968 = ORIENTED_EDGE ( 'NONE', *, *, #6707, .T. ) ;
#6969 = CARTESIAN_POINT ( 'NONE',  ( 5.049999999999997158, 2.400000000000000355, 5.350000000000001421 ) ) ;
#6970 = ORIENTED_EDGE ( 'NONE', *, *, #6547, .T. ) ;
#6971 = VERTEX_POINT ( 'NONE', #4756 ) ;
#6972 = LINE ( 'NONE', #8400, #6923 ) ;
#6973 = DIRECTION ( 'NONE',  ( 0.000000000000000000, 0.000000000000000000, 1.000000000000000000 ) ) ;
#6974 = ORIENTED_EDGE ( 'NONE', *, *, #7355, .T. ) ;
#6975 = CARTESIAN_POINT ( 'NONE',  ( -3.880824640740575759, 0.4999999999999998890, 3.000000000000000000 ) ) ;
#6976 = ORIENTED_EDGE ( 'NONE', *, *, #9008, .F. ) ;
#6977 = ADVANCED_FACE ( 'NONE', ( #10247 ), #819, .T. ) ;
#6978 = DIRECTION ( 'NONE',  ( -1.000000000000000000, 0.000000000000000000, 0.000000000000000000 ) ) ;
#6979 = VECTOR ( 'NONE', #1996, 1000.000000000000000 ) ;
#6980 = CARTESIAN_POINT ( 'NONE',  ( 5.599999999999996092, 5.700000000000000178, 6.400000000000000355 ) ) ;
#6981 = CARTESIAN_POINT ( 'NONE',  ( 5.124054256371548099, -3.172339182284404924, 0.000000000000000000 ) ) ;
#6982 = DIRECTION ( 'NONE',  ( 0.000000000000000000, 1.000000000000000000, 0.000000000000000000 ) ) ;
#6983 = VECTOR ( 'NONE', #2, 1000.000000000000000 ) ;
#6984 = EDGE_CURVE ( 'NONE', #8253, #7234, #6466, .T. ) ;
#6985 = CARTESIAN_POINT ( 'NONE',  ( -2.100000000000000089, 0.8000000000000001554, -7.050000000000001599 ) ) ;
#6986 = ORIENTED_EDGE ( 'NONE', *, *, #9971, .T. ) ;
#6987 = ORIENTED_EDGE ( 'NONE', *, *, #8640, .T. ) ;
#6988 = AXIS2_PLACEMENT_3D ( 'NONE', #10616, #5807, #8017 ) ;
#6989 = ORIENTED_EDGE ( 'NONE', *, *, #8800, .T. ) ;
#6990 = DIRECTION ( 'NONE',  ( -0.000000000000000000, 0.000000000000000000, -1.000000000000000000 ) ) ;
#6991 = ORIENTED_EDGE ( 'NONE', *, *, #6878, .T. ) ;
#6992 = LINE ( 'NONE', #8199, #7083 ) ;
#6993 = DIRECTION ( 'NONE',  ( -1.000000000000000000, 0.000000000000000000, 0.000000000000000000 ) ) ;
#6994 = ORIENTED_EDGE ( 'NONE', *, *, #2623, .T. ) ;
#6995 = FACE_OUTER_BOUND ( 'NONE', #1998, .T. ) ;
#6996 = ORIENTED_EDGE ( 'NONE', *, *, #4165, .F. ) ;
#6997 = VECTOR ( 'NONE', #974, 1000.000000000000000 ) ;
#6998 = ORIENTED_EDGE ( 'NONE', *, *, #5219, .T. ) ;
#6999 = EDGE_CURVE ( 'NONE', #1970, #1599, #6562, .T. ) ;
#7000 = DIRECTION ( 'NONE',  ( -0.000000000000000000, -0.000000000000000000, -1.000000000000000000 ) ) ;
#7001 = DIRECTION ( 'NONE',  ( -0.000000000000000000, -1.000000000000000000, -0.000000000000000000 ) ) ;
#7002 = VERTEX_POINT ( 'NONE', #1558 ) ;
#7003 = DIRECTION ( 'NONE',  ( 0.000000000000000000, -2.017120320903263702E-16, 1.000000000000000000 ) ) ;
#7004 = ORIENTED_EDGE ( 'NONE', *, *, #9577, .T. ) ;
#7005 = PRESENTATION_LAYER_ASSIGNMENT (  '', '', ( #1997 ) ) ;
#7006 = FACE_OUTER_BOUND ( 'NONE', #7150, .T. ) ;
#7007 = EDGE_CURVE ( 'NONE', #2994, #4794, #2983, .T. ) ;
#7008 = CARTESIAN_POINT ( 'NONE',  ( 0.000000000000000000, 15.00000000000000000, -3.000000000000000444 ) ) ;
#7009 = CYLINDRICAL_SURFACE ( 'NONE', #6929, 3.500000000000000000 ) ;
#7010 = ORIENTED_EDGE ( 'NONE', *, *, #6629, .T. ) ;
#7011 = DIRECTION ( 'NONE',  ( 1.535153518563545837E-16, -1.000000000000000000, 0.000000000000000000 ) ) ;
#7012 = EDGE_CURVE ( 'NONE', #10142, #5100, #6602, .T. ) ;
#7013 = LINE ( 'NONE', #6073, #10627 ) ;
#7014 = ADVANCED_FACE ( 'NONE', ( #6503 ), #5570, .T. ) ;
#7015 = EDGE_LOOP ( 'NONE', ( #10018, #605, #6998, #6932, #8469 ) ) ;
#7017 = ORIENTED_EDGE ( 'NONE', *, *, #4231, .F. ) ;
#7016 = CARTESIAN_POINT ( 'NONE',  ( 0.8000000000000001554, 3.249999999999998668, 6.349999999999997868 ) ) ;
#7018 = ORIENTED_EDGE ( 'NONE', *, *, #1304, .T. ) ;
#7019 = LINE ( 'NONE', #9723, #6817 ) ;
#7020 = DIRECTION ( 'NONE',  ( 0.000000000000000000, 0.000000000000000000, -1.000000000000000000 ) ) ;
#7021 = DIRECTION ( 'NONE',  ( 0.000000000000000000, 1.000000000000000000, 0.000000000000000000 ) ) ;
#7022 = CARTESIAN_POINT ( 'NONE',  ( 2.500000000000000444, 0.7500000000000005551, 7.699999999999997513 ) ) ;
#7023 = CARTESIAN_POINT ( 'NONE',  ( 1.700000000000000178, 0.5000000000000026645, -6.750000000000001776 ) ) ;
#7024 = DIRECTION ( 'NONE',  ( 0.000000000000000000, 1.000000000000000000, 4.430117370400858162E-17 ) ) ;
#7025 = LINE ( 'NONE', #229, #6873 ) ;
#7026 = PRESENTATION_LAYER_ASSIGNMENT (  '', '', ( #7240 ) ) ;
#7027 = MECHANICAL_DESIGN_GEOMETRIC_PRESENTATION_REPRESENTATION (  '', ( #4615 ), #3173 ) ;
#7028 = CARTESIAN_POINT ( 'NONE',  ( -1.699999999999999956, 0.8000000000000001554, -6.800000000000001599 ) ) ;
#7029 = CARTESIAN_POINT ( 'NONE',  ( -6.744145861810626030, -2.526248663070268741, 1.000000000000000000 ) ) ;
#7030 = CIRCLE ( 'NONE', #1821, 3.000000000000000444 ) ;
#7031 = EDGE_CURVE ( 'NONE', #10134, #3457, #3130, .T. ) ;
#7032 = PLANE ( 'NONE',  #5154 ) ;
#7033 = CARTESIAN_POINT ( 'NONE',  ( -2.100000000000000089, -3.099999999999996980, -7.050000000000002487 ) ) ;
#7034 = PLANE ( 'NONE',  #7900 ) ;
#7035 = AXIS2_PLACEMENT_3D ( 'NONE', #7046, #470, #2193 ) ;
#7036 = ORIENTED_EDGE ( 'NONE', *, *, #8301, .T. ) ;
#7037 = VERTEX_POINT ( 'NONE', #1491 ) ;
#7038 = ADVANCED_FACE ( 'NONE', ( #3204 ), #7433, .F. ) ;
#7039 = CYLINDRICAL_SURFACE ( 'NONE', #3640, 0.5749999999999999556 ) ;
#7040 = DIRECTION ( 'NONE',  ( -0.000000000000000000, 0.000000000000000000, -1.000000000000000000 ) ) ;
#7041 = CARTESIAN_POINT ( 'NONE',  ( -6.200000000000000178, 0.6000000000000006439, -4.500000000000000888 ) ) ;
#7042 = LINE ( 'NONE', #2383, #3448 ) ;
#7043 = CARTESIAN_POINT ( 'NONE',  ( -5.499999999999996447, 5.700000000000000178, -6.500000000000000888 ) ) ;
#7044 = EDGE_CURVE ( 'NONE', #10141, #2424, #3028, .T. ) ;
#7045 = DIRECTION ( 'NONE',  ( 0.000000000000000000, 1.000000000000000000, 0.000000000000000000 ) ) ;
#7046 = CARTESIAN_POINT ( 'NONE',  ( -5.499999999999996447, 5.700000000000000178, -6.400000000000000355 ) ) ;
#7047 = CIRCLE ( 'NONE', #8019, 1.000000000000000000 ) ;
#7048 = DIRECTION ( 'NONE',  ( 0.000000000000000000, -1.000000000000000000, -0.000000000000000000 ) ) ;
#7049 = CARTESIAN_POINT ( 'NONE',  ( 5.799999999999998046, 0.5000000000000004441, -4.500000000000000000 ) ) ;
#7050 = EDGE_CURVE ( 'NONE', #2099, #412, #6585, .T. ) ;
#7051 = ORIENTED_EDGE ( 'NONE', *, *, #9824, .T. ) ;
#7052 = PLANE ( 'NONE',  #5012 ) ;
#7053 = ORIENTED_EDGE ( 'NONE', *, *, #956, .F. ) ;
#7054 = CARTESIAN_POINT ( 'NONE',  ( -1.699999999999999956, 0.8500000000000000888, -5.850000000000000533 ) ) ;
#7055 = VERTEX_POINT ( 'NONE', #7956 ) ;
#7056 = AXIS2_PLACEMENT_3D ( 'NONE', #4763, #8064, #5875 ) ;
#7057 = DIRECTION ( 'NONE',  ( 0.000000000000000000, -1.000000000000000000, 0.000000000000000000 ) ) ;
#7058 = LINE ( 'NONE', #3214, #3586 ) ;
#7059 = CARTESIAN_POINT ( 'NONE',  ( 5.750000000000000000, 5.650000000000001243, 5.250000000000000000 ) ) ;
#7060 = LINE ( 'NONE', #5736, #10442 ) ;
#7061 = DIRECTION ( 'NONE',  ( 0.000000000000000000, 0.000000000000000000, 1.000000000000000000 ) ) ;
#7062 = FACE_OUTER_BOUND ( 'NONE', #4912, .T. ) ;
#7063 = EDGE_CURVE ( 'NONE', #4095, #4129, #6662, .T. ) ;
#7064 = ORIENTED_EDGE ( 'NONE', *, *, #3502, .T. ) ;
#7065 = DIRECTION ( 'NONE',  ( -0.000000000000000000, 0.000000000000000000, -1.000000000000000000 ) ) ;
#7066 = EDGE_CURVE ( 'NONE', #8551, #7794, #6766, .T. ) ;
#7067 = CARTESIAN_POINT ( 'NONE',  ( 2.700000000000000622, 0.1000000000000016709, -7.050000000000001599 ) ) ;
#7068 = ORIENTED_EDGE ( 'NONE', *, *, #8800, .F. ) ;
#7069 = DIRECTION ( 'NONE',  ( -0.000000000000000000, -0.000000000000000000, -1.000000000000000000 ) ) ;
#7070 = ORIENTED_EDGE ( 'NONE', *, *, #8094, .F. ) ;
#7071 = AXIS2_PLACEMENT_3D ( 'NONE', #1025, #8414, #10238 ) ;
#7072 = DIRECTION ( 'NONE',  ( 0.000000000000000000, 1.000000000000000000, 0.000000000000000000 ) ) ;
#7073 = DIRECTION ( 'NONE',  ( 0.000000000000000000, 1.000000000000000000, 0.000000000000000000 ) ) ;
#7074 = VECTOR ( 'NONE', #5815, 1000.000000000000000 ) ;
#7075 = PLANE ( 'NONE',  #1231 ) ;
#7076 = VECTOR ( 'NONE', #6829, 1000.000000000000000 ) ;
#7077 = EDGE_CURVE ( 'NONE', #4113, #7037, #10148, .T. ) ;
#7079 = ORIENTED_EDGE ( 'NONE', *, *, #837, .F. ) ;
#7078 = CARTESIAN_POINT ( 'NONE',  ( 2.598076211353316900, 14.49999999999999645, 1.499999999999999112 ) ) ;
#7080 = ORIENTED_EDGE ( 'NONE', *, *, #858, .T. ) ;
#7081 = EDGE_CURVE ( 'NONE', #265, #3047, #3071, .T. ) ;
#7082 = DIRECTION ( 'NONE',  ( 0.6427876096865353661, 0.7660444431189813441, 0.000000000000000000 ) ) ;
#7083 = VECTOR ( 'NONE', #767, 1000.000000000000000 ) ;
#7084 = DIRECTION ( 'NONE',  ( 1.000000000000000000, 0.000000000000000000, -0.000000000000000000 ) ) ;
#7085 = CARTESIAN_POINT ( 'NONE',  ( 5.943206300660539121, -2.598762745933357543, 0.000000000000000000 ) ) ;
#7086 = CARTESIAN_POINT ( 'NONE',  ( -5.799999999999998934, 5.650000000000001243, -1.599999999999999867 ) ) ;
#7087 = CARTESIAN_POINT ( 'NONE',  ( 5.799999999999996270, 2.400000000000000355, 3.000000000000000000 ) ) ;
#7088 = EDGE_CURVE ( 'NONE', #4937, #2712, #6625, .T. ) ;
#7089 = DIRECTION ( 'NONE',  ( 0.000000000000000000, 0.000000000000000000, 1.000000000000000000 ) ) ;
#7090 = AXIS2_PLACEMENT_3D ( 'NONE', #406, #1975, #3534 ) ;
#7091 = FACE_OUTER_BOUND ( 'NONE', #9429, .T. ) ;
#7092 = CARTESIAN_POINT ( 'NONE',  ( 0.7999999999999999334, 2.650000000000001243, -6.200000000000001954 ) ) ;
#7093 = DIRECTION ( 'NONE',  ( 0.000000000000000000, 0.000000000000000000, -1.000000000000000000 ) ) ;
#7094 = FACE_OUTER_BOUND ( 'NONE', #2092, .T. ) ;
#7095 = CARTESIAN_POINT ( 'NONE',  ( 0.000000000000000000, 9.999999999999998224, 0.000000000000000000 ) ) ;
#7096 = CARTESIAN_POINT ( 'NONE',  ( 0.000000000000000000, 9.999999999999998224, 0.000000000000000000 ) ) ;
#7097 = CARTESIAN_POINT ( 'NONE',  ( -2.550000000000000711, 0.6999999999999997335, 7.699999999999997513 ) ) ;
#7098 = DIRECTION ( 'NONE',  ( -1.000000000000000000, -0.000000000000000000, 0.000000000000000000 ) ) ;
#7099 = ADVANCED_FACE ( 'NONE', ( #6683 ), #9576, .T. ) ;
#7100 = ORIENTED_EDGE ( 'NONE', *, *, #975, .F. ) ;
#7101 =( LENGTH_UNIT ( ) NAMED_UNIT ( * ) SI_UNIT ( .MILLI., .METRE. ) );
#7102 = ORIENTED_EDGE ( 'NONE', *, *, #1341, .F. ) ;
#7103 = VECTOR ( 'NONE', #1712, 1000.000000000000000 ) ;
#7104 = EDGE_CURVE ( 'NONE', #10225, #8801, #7025, .T. ) ;
#7105 = DIRECTION ( 'NONE',  ( -1.000000000000000000, 0.000000000000000000, 0.000000000000000000 ) ) ;
#7106 = DIRECTION ( 'NONE',  ( -0.7071067811865462405, 0.000000000000000000, -0.7071067811865489050 ) ) ;
#7107 = VECTOR ( 'NONE', #4293, 1000.000000000000000 ) ;
#7108 = PRESENTATION_LAYER_ASSIGNMENT (  '', '', ( #781 ) ) ;
#7109 = DIRECTION ( 'NONE',  ( 3.614007241618348278E-16, 1.000000000000000000, 4.430117370400858162E-17 ) ) ;
#7110 = DIRECTION ( 'NONE',  ( -0.000000000000000000, -0.000000000000000000, -1.000000000000000000 ) ) ;
#7111 = LINE ( 'NONE', #3268, #7126 ) ;
#7112 = DIRECTION ( 'NONE',  ( -1.000000000000000000, -0.000000000000000000, -0.000000000000000000 ) ) ;
#7113 = CARTESIAN_POINT ( 'NONE',  ( -3.880824640740575759, 0.09999999999999990841, -4.499999999999997335 ) ) ;
#7114 = EDGE_CURVE ( 'NONE', #9518, #10355, #3320, .T. ) ;
#7115 = ORIENTED_EDGE ( 'NONE', *, *, #9450, .T. ) ;
#7116 = CARTESIAN_POINT ( 'NONE',  ( 2.542012759203106320, 0.4999999999999996669, -3.000000000000000000 ) ) ;
#7117 = CARTESIAN_POINT ( 'NONE',  ( 5.799999999999996270, 1.000000000000000000, -6.400000000000000355 ) ) ;
#7118 = ORIENTED_EDGE ( 'NONE', *, *, #8652, .T. ) ;
#7119 = ORIENTED_EDGE ( 'NONE', *, *, #3665, .F. ) ;
#7120 = ADVANCED_FACE ( 'NONE', ( #6928 ), #10429, .T. ) ;
#7121 = DIRECTION ( 'NONE',  ( -0.000000000000000000, -0.000000000000000000, -1.000000000000000000 ) ) ;
#7122 = CARTESIAN_POINT ( 'NONE',  ( 3.299999999999999822, 0.7999999999999983791, 7.249999999999999112 ) ) ;
#7123 = CIRCLE ( 'NONE', #3551, 1.000000000000000000 ) ;
#7124 = DIRECTION ( 'NONE',  ( -1.000000000000000000, -0.000000000000000000, -0.000000000000000000 ) ) ;
#7125 = CARTESIAN_POINT ( 'NONE',  ( -3.999999999999998224, -3.551475717527321367E-16, -6.700000000000000178 ) ) ;
#7126 = VECTOR ( 'NONE', #142, 1000.000000000000000 ) ;
#7127 = EDGE_CURVE ( 'NONE', #10538, #1432, #3543, .T. ) ;
#7128 = AXIS2_PLACEMENT_3D ( 'NONE', #3336, #4109, #7414 ) ;
#7129 = VERTEX_POINT ( 'NONE', #10500 ) ;
#7130 = AXIS2_PLACEMENT_3D ( 'NONE', #3712, #1902, #8559 ) ;
#7131 = DIRECTION ( 'NONE',  ( 0.000000000000000000, -1.000000000000000000, -0.000000000000000000 ) ) ;
#7132 = CARTESIAN_POINT ( 'NONE',  ( -1.699999999999999956, 0.8499999999999999778, -6.750000000000001776 ) ) ;
#7133 = EDGE_LOOP ( 'NONE', ( #4549, #6250 ) ) ;
#7134 = DIRECTION ( 'NONE',  ( -1.000000000000000000, 1.224646799147353207E-16, 5.425329057508500610E-33 ) ) ;
#7135 = ORIENTED_EDGE ( 'NONE', *, *, #6999, .T. ) ;
#7136 = EDGE_CURVE ( 'NONE', #9874, #7858, #10367, .T. ) ;
#7137 = CIRCLE ( 'NONE', #5233, 0.5749999999999999556 ) ;
#7138 = CARTESIAN_POINT ( 'NONE',  ( -2.499999999999999556, 0.6999999999999998446, 7.549999999999999822 ) ) ;
#7139 = AXIS2_PLACEMENT_3D ( 'NONE', #714, #5523, #8082 ) ;
#7140 = ADVANCED_FACE ( 'NONE', ( #6995 ), #7009, .T. ) ;
#7141 = CARTESIAN_POINT ( 'NONE',  ( 5.049999999999997158, 0.1000000000000001721, -3.000000000000000000 ) ) ;
#7142 = LINE ( 'NONE', #1778, #6979 ) ;
#7143 = DIRECTION ( 'NONE',  ( 0.000000000000000000, 0.000000000000000000, 1.000000000000000000 ) ) ;
#7144 = VECTOR ( 'NONE', #6006, 1000.000000000000000 ) ;
#7145 = EDGE_CURVE ( 'NONE', #10510, #3510, #7142, .T. ) ;
#7147 = ORIENTED_EDGE ( 'NONE', *, *, #4187, .F. ) ;
#7146 = DIRECTION ( 'NONE',  ( 0.3420201433256695456, 0.9396926207859082059, 4.162948602181157199E-17 ) ) ;
#7148 = AXIS2_PLACEMENT_3D ( 'NONE', #3900, #6772, #2480 ) ;
#7149 = VERTEX_POINT ( 'NONE', #2655 ) ;
#7150 = EDGE_LOOP ( 'NONE', ( #10109, #5856, #5897, #9361 ) ) ;
#7151 = CARTESIAN_POINT ( 'NONE',  ( -5.499999999999996447, 1.000000000000000000, -6.700000000000000178 ) ) ;
#7152 = VECTOR ( 'NONE', #8938, 1000.000000000000114 ) ;
#7153 = CARTESIAN_POINT ( 'NONE',  ( 6.514715287270208322, -2.198587845354674108, 1.000000000000000000 ) ) ;
#7154 = ADVANCED_FACE ( 'NONE', ( #10482 ), #4582, .F. ) ;
#7155 = EDGE_CURVE ( 'NONE', #8273, #1116, #3428, .T. ) ;
#7156 = DIRECTION ( 'NONE',  ( 0.000000000000000000, -4.869470219022244754E-16, 1.000000000000000000 ) ) ;
#7157 = CARTESIAN_POINT ( 'NONE',  ( -3.299999999999999822, 2.999999999999998224, 6.349999999999997868 ) ) ;
#7158 = AXIS2_PLACEMENT_3D ( 'NONE', #4196, #2499, #4055 ) ;
#7159 = CYLINDRICAL_SURFACE ( 'NONE', #6246, 0.2999999999999999334 ) ;
#7160 = CARTESIAN_POINT ( 'NONE',  ( 5.049999999999997158, 4.986986664055304885, -4.999999999999997335 ) ) ;
#7161 = CARTESIAN_POINT ( 'NONE',  ( -2.299999999999999822, -2.299999999999998046, -7.050000000000002487 ) ) ;
#7162 = CARTESIAN_POINT ( 'NONE',  ( -2.500000000000000000, -2.299999999999998046, -7.200000000000001066 ) ) ;
#7163 = ORIENTED_EDGE ( 'NONE', *, *, #853, .T. ) ;
#7164 = ORIENTED_EDGE ( 'NONE', *, *, #6213, .T. ) ;
#7165 = VERTEX_POINT ( 'NONE', #5088 ) ;
#7166 = ORIENTED_EDGE ( 'NONE', *, *, #894, .F. ) ;
#7167 = EDGE_CURVE ( 'NONE', #6089, #4516, #10391, .T. ) ;
#7168 = CIRCLE ( 'NONE', #4274, 0.2000000000000007327 ) ;
#7169 = EDGE_CURVE ( 'NONE', #5090, #4235, #3477, .T. ) ;
#7170 = CARTESIAN_POINT ( 'NONE',  ( -2.100000000000000089, -3.099999999999999201, 7.299999999999998934 ) ) ;
#7171 = FACE_OUTER_BOUND ( 'NONE', #8548, .T. ) ;
#7172 = DIRECTION ( 'NONE',  ( -3.614007241618348278E-16, -1.000000000000000000, 1.153875183674998759E-16 ) ) ;
#7173 = DIRECTION ( 'NONE',  ( 0.000000000000000000, -1.000000000000000000, -0.000000000000000000 ) ) ;
#7174 = AXIS2_PLACEMENT_3D ( 'NONE', #3867, #2968, #1433 ) ;
#7175 = CARTESIAN_POINT ( 'NONE',  ( -4.250000000000000000, 6.550000000000000711, 5.099999999999999645 ) ) ;
#7176 = ADVANCED_FACE ( 'NONE', ( #10463 ), #576, .T. ) ;
#7177 = VERTEX_POINT ( 'NONE', #4012 ) ;
#7178 = DIRECTION ( 'NONE',  ( -0.000000000000000000, -0.000000000000000000, -1.000000000000000000 ) ) ;
#7179 = ORIENTED_EDGE ( 'NONE', *, *, #8200, .T. ) ;
#7180 = VERTEX_POINT ( 'NONE', #4977 ) ;
#7181 = ORIENTED_EDGE ( 'NONE', *, *, #7977, .F. ) ;
#7182 = EDGE_CURVE ( 'NONE', #437, #2155, #3412, .T. ) ;
#7183 = LINE ( 'NONE', #7979, #3895 ) ;
#7184 = EDGE_CURVE ( 'NONE', #7129, #7854, #10518, .T. ) ;
#7185 = DIRECTION ( 'NONE',  ( 1.000000000000000000, 0.000000000000000000, -0.000000000000000000 ) ) ;
#7186 = AXIS2_PLACEMENT_3D ( 'NONE', #7377, #5671, #1454 ) ;
#7187 = DIRECTION ( 'NONE',  ( -0.000000000000000000, -1.000000000000000000, -0.000000000000000000 ) ) ;
#7188 = DIRECTION ( 'NONE',  ( 0.000000000000000000, 0.000000000000000000, -1.000000000000000000 ) ) ;
#7189 = EDGE_LOOP ( 'NONE', ( #1072, #936, #10316, #4807 ) ) ;
#7190 = DIRECTION ( 'NONE',  ( -1.000000000000000000, 0.000000000000000000, 0.000000000000000000 ) ) ;
#7191 = ORIENTED_EDGE ( 'NONE', *, *, #6635, .T. ) ;
#7192 = ADVANCED_FACE ( 'NONE', ( #10411 ), #3488, .T. ) ;
#7193 = DIRECTION ( 'NONE',  ( -0.9396926207859082059, 0.3420201433256695456, 8.414147190578587988E-17 ) ) ;
#7194 = DIRECTION ( 'NONE',  ( 0.000000000000000000, -1.445602896647339163E-16, -1.000000000000000000 ) ) ;
#7195 = LINE ( 'NONE', #596, #3636 ) ;
#7196 = CARTESIAN_POINT ( 'NONE',  ( 6.172636875200958606, -2.926423563648953063, 0.000000000000000000 ) ) ;
#7197 = EDGE_CURVE ( 'NONE', #3793, #4212, #7042, .T. ) ;
#7198 = ORIENTED_EDGE ( 'NONE', *, *, #3031, .F. ) ;
#7199 = AXIS2_PLACEMENT_3D ( 'NONE', #5455, #6335, #7193 ) ;
#7200 = ORIENTED_EDGE ( 'NONE', *, *, #8092, .T. ) ;
#7201 = ORIENTED_EDGE ( 'NONE', *, *, #10464, .F. ) ;
#7202 = CARTESIAN_POINT ( 'NONE',  ( -6.200000000000000178, 2.100000000000000089, 1.000000000000000000 ) ) ;
#7203 = CARTESIAN_POINT ( 'NONE',  ( -1.699999999999999956, 1.099999999999998535, 6.349999999999997868 ) ) ;
#7204 = DIRECTION ( 'NONE',  ( 0.000000000000000000, 0.000000000000000000, 1.000000000000000000 ) ) ;
#7205 = DIRECTION ( 'NONE',  ( -1.000000000000000000, 0.000000000000000000, 0.000000000000000000 ) ) ;
#7206 = CARTESIAN_POINT ( 'NONE',  ( 6.200000000000000178, 0.09999999999999971412, 4.500000000000000888 ) ) ;
#7207 = PRODUCT_DEFINITION ( 'UNKNOWN', '', #2826, #1336 ) ;
#7208 =( NAMED_UNIT ( * ) SI_UNIT ( $, .STERADIAN. ) SOLID_ANGLE_UNIT ( ) );
#7209 = LINE ( 'NONE', #1520, #3917 ) ;
#7210 = CARTESIAN_POINT ( 'NONE',  ( 5.049999999999998046, 1.000000000000000000, -5.350000000000001421 ) ) ;
#7211 = PLANE ( 'NONE',  #1703 ) ;
#7212 = CARTESIAN_POINT ( 'NONE',  ( 6.199999999999998401, 0.6000000000000006439, 4.500000000000000888 ) ) ;
#7213 = FACE_OUTER_BOUND ( 'NONE', #6199, .T. ) ;
#7214 = DIRECTION ( 'NONE',  ( 0.000000000000000000, 2.017120320903263702E-16, -1.000000000000000000 ) ) ;
#7215 = ORIENTED_EDGE ( 'NONE', *, *, #4120, .T. ) ;
#7216 = ORIENTED_EDGE ( 'NONE', *, *, #5082, .F. ) ;
#7217 = ORIENTED_EDGE ( 'NONE', *, *, #2320, .T. ) ;
#7218 = ORIENTED_EDGE ( 'NONE', *, *, #3665, .T. ) ;
#7219 = AXIS2_PLACEMENT_3D ( 'NONE', #2108, #8554, #3125 ) ;
#7220 = VECTOR ( 'NONE', #5311, 1000.000000000000000 ) ;
#7221 = ADVANCED_FACE ( 'NONE', ( #3397 ), #2524, .F. ) ;
#7222 = EDGE_CURVE ( 'NONE', #4794, #9246, #10549, .T. ) ;
#7223 = VECTOR ( 'NONE', #3407, 1000.000000000000000 ) ;
#7224 = VERTEX_POINT ( 'NONE', #1585 ) ;
#7225 = DIRECTION ( 'NONE',  ( -0.000000000000000000, -1.000000000000000000, -0.000000000000000000 ) ) ;
#7226 = EDGE_CURVE ( 'NONE', #7967, #1704, #3607, .T. ) ;
#7227 = DIRECTION ( 'NONE',  ( -0.9396926207859082059, -0.3420201433256695456, -8.414147190578587988E-17 ) ) ;
#7228 = CIRCLE ( 'NONE', #359, 0.4000000000000001887 ) ;
#7229 = CARTESIAN_POINT ( 'NONE',  ( -2.700000000000000178, 0.6999999999999997335, 7.549999999999999822 ) ) ;
#7230 = FACE_OUTER_BOUND ( 'NONE', #5593, .T. ) ;
#7231 = DIRECTION ( 'NONE',  ( -0.7071067811865462405, 0.000000000000000000, 0.7071067811865489050 ) ) ;
#7232 = DIRECTION ( 'NONE',  ( 0.000000000000000000, 0.000000000000000000, 1.000000000000000000 ) ) ;
#7233 = ORIENTED_EDGE ( 'NONE', *, *, #6858, .F. ) ;
#7234 = VERTEX_POINT ( 'NONE', #3306 ) ;
#7235 = EDGE_LOOP ( 'NONE', ( #8436, #6070, #9343, #3308 ) ) ;
#7236 = EDGE_CURVE ( 'NONE', #4184, #9265, #10537, .T. ) ;
#7237 = DIRECTION ( 'NONE',  ( 0.000000000000000000, 2.017120320903263702E-16, -1.000000000000000000 ) ) ;
#7238 = CARTESIAN_POINT ( 'NONE',  ( -6.563830408857795895, -1.920042149226665718, -1.000000000000000000 ) ) ;
#7239 = LINE ( 'NONE', #8040, #97 ) ;
#7240 = STYLED_ITEM ( 'NONE', ( #8581 ), #461 ) ;
#7241 = VERTEX_POINT ( 'NONE', #4224 ) ;
#7242 = PRESENTATION_LAYER_ASSIGNMENT (  '', '', ( #3297 ) ) ;
#7243 = VECTOR ( 'NONE', #3312, 1000.000000000000000 ) ;
#7244 = EDGE_CURVE ( 'NONE', #3793, #625, #10609, .T. ) ;
#7245 = VECTOR ( 'NONE', #3943, 999.9999999999998863 ) ;
#7246 = ADVANCED_FACE ( 'NONE', ( #7171 ), #10575, .T. ) ;
#7247 = VERTEX_POINT ( 'NONE', #1658 ) ;
#7248 = CARTESIAN_POINT ( 'NONE',  ( -2.598076211353316900, 9.999999999999998224, 1.499999999999999112 ) ) ;
#7249 = AXIS2_PLACEMENT_3D ( 'NONE', #7792, #10310, #447 ) ;
#7250 = DIRECTION ( 'NONE',  ( 0.000000000000000000, 4.869470219022243768E-16, -1.000000000000000000 ) ) ;
#7251 = ORIENTED_EDGE ( 'NONE', *, *, #8614, .F. ) ;
#7252 = CARTESIAN_POINT ( 'NONE',  ( 0.000000000000000000, 8.099999999999999645, 0.000000000000000000 ) ) ;
#7253 = ORIENTED_EDGE ( 'NONE', *, *, #3074, .T. ) ;
#7254 = DIRECTION ( 'NONE',  ( 0.000000000000000000, 1.000000000000000000, 0.000000000000000000 ) ) ;
#7255 = VECTOR ( 'NONE', #3092, 1000.000000000000000 ) ;
#7256 = CARTESIAN_POINT ( 'NONE',  ( 2.500000000000000000, -2.299999999999999822, 7.699999999999997513 ) ) ;
#7257 = CARTESIAN_POINT ( 'NONE',  ( -6.200000000000000178, 2.100000000000000089, 1.599999999999999867 ) ) ;
#7258 = LINE ( 'NONE', #3258, #180 ) ;
#7259 = VERTEX_POINT ( 'NONE', #4158 ) ;
#7260 = DIRECTION ( 'NONE',  ( 1.000000000000000000, 0.000000000000000000, 0.000000000000000000 ) ) ;
#7261 = AXIS2_PLACEMENT_3D ( 'NONE', #8796, #10418, #2210 ) ;
#7262 = CYLINDRICAL_SURFACE ( 'NONE', #2214, 0.5999999999999989786 ) ;
#7263 = LINE ( 'NONE', #7954, #7353 ) ;
#7264 = EDGE_CURVE ( 'NONE', #4092, #2273, #66, .T. ) ;
#7265 = ORIENTED_EDGE ( 'NONE', *, *, #10454, .F. ) ;
#7267 = VERTEX_POINT ( 'NONE', #6822 ) ;
#7266 = DIRECTION ( 'NONE',  ( -1.000000000000000000, 0.000000000000000000, 0.000000000000000000 ) ) ;
#7268 = ORIENTED_EDGE ( 'NONE', *, *, #7184, .F. ) ;
#7269 = AXIS2_PLACEMENT_3D ( 'NONE', #3902, #10447, #1285 ) ;
#7270 = ADVANCED_FACE ( 'NONE', ( #3499 ), #8146, .F. ) ;
#7271 = CARTESIAN_POINT ( 'NONE',  ( -6.199999999999999289, 5.650000000000001243, 5.250000000000000000 ) ) ;
#7272 = DIRECTION ( 'NONE',  ( -1.535153518563546084E-16, -1.000000000000000000, 0.000000000000000000 ) ) ;
#7273 = DIRECTION ( 'NONE',  ( 0.000000000000000000, 0.000000000000000000, -1.000000000000000000 ) ) ;
#7274 = FACE_OUTER_BOUND ( 'NONE', #2626, .T. ) ;
#7275 = ORIENTED_EDGE ( 'NONE', *, *, #324, .F. ) ;
#7276 = PLANE ( 'NONE',  #3482 ) ;
#7277 = FACE_OUTER_BOUND ( 'NONE', #9144, .T. ) ;
#7278 = CARTESIAN_POINT ( 'NONE',  ( -2.542012759203106320, 0.1000000000000001721, 2.000000000000000000 ) ) ;
#7279 = CARTESIAN_POINT ( 'NONE',  ( 5.750000000000000000, 6.100000000000000533, -6.400000000000000355 ) ) ;
#7280 = EDGE_CURVE ( 'NONE', #9438, #918, #6891, .T. ) ;
#7281 = DIRECTION ( 'NONE',  ( -1.000000000000000000, 1.341711765540131426E-16, 0.000000000000000000 ) ) ;
#7282 = VECTOR ( 'NONE', #7110, 1000.000000000000000 ) ;
#7283 = EDGE_CURVE ( 'NONE', #10278, #1645, #3530, .T. ) ;
#7284 = ORIENTED_EDGE ( 'NONE', *, *, #2929, .T. ) ;
#7285 = EDGE_LOOP ( 'NONE', ( #1513, #457, #2660, #7485 ) ) ;
#7286 = CLOSED_SHELL ( 'NONE', ( #1202, #8208, #6644, #3017, #4494, #2241, #5715, #7583, #7653, #2203, #8624, #10015, #2491, #2078, #9674, #5470, #5598, #8648, #1482, #3309, #3273 ) ) ;
#7287 = VECTOR ( 'NONE', #3677, 1000.000000000000000 ) ;
#7288 = AXIS2_PLACEMENT_3D ( 'NONE', #4160, #3315, #3514 ) ;
#7289 = CARTESIAN_POINT ( 'NONE',  ( -5.828491013390330266, -2.434932337075561115, -1.000000000000000000 ) ) ;
#7290 = FACE_OUTER_BOUND ( 'NONE', #5054, .T. ) ;
#7291 = EDGE_LOOP ( 'NONE', ( #2070, #6612, #5660, #5010, #1813 ) ) ;
#7292 = DIRECTION ( 'NONE',  ( 0.000000000000000000, 0.000000000000000000, 1.000000000000000000 ) ) ;
#7293 = DIRECTION ( 'NONE',  ( 0.000000000000000000, 0.000000000000000000, 1.000000000000000000 ) ) ;
#7294 = LINE ( 'NONE', #8883, #206 ) ;
#7295 = FILL_AREA_STYLE ('',( #2362 ) ) ;
#7296 = VECTOR ( 'NONE', #943, 999.9999999999998863 ) ;
#7297 = EDGE_CURVE ( 'NONE', #8495, #4874, #10428, .T. ) ;
#7298 = VERTEX_POINT ( 'NONE', #4913 ) ;
#7299 = DIRECTION ( 'NONE',  ( -0.000000000000000000, 1.000000000000000000, 2.017120320903263702E-16 ) ) ;
#7300 = CARTESIAN_POINT ( 'NONE',  ( 5.599999999999996092, 5.700000000000000178, -6.400000000000000355 ) ) ;
#7301 = ORIENTED_EDGE ( 'NONE', *, *, #2911, .F. ) ;
#7302 = ORIENTED_EDGE ( 'NONE', *, *, #10574, .T. ) ;
#7303 = EDGE_CURVE ( 'NONE', #3068, #7440, #7060, .T. ) ;
#7304 = CARTESIAN_POINT ( 'NONE',  ( -3.850000000000000089, 1.000000000000000000, 5.850000000000000533 ) ) ;
#7305 = ADVANCED_FACE ( 'NONE', ( #10596 ), #8214, .F. ) ;
#7306 = AXIS2_PLACEMENT_3D ( 'NONE', #7256, #3741, #7072 ) ;
#7307 = VECTOR ( 'NONE', #2408, 1000.000000000000000 ) ;
#7308 = CARTESIAN_POINT ( 'NONE',  ( -6.514715287270208322, -2.198587845354674108, -1.000000000000000000 ) ) ;
#7309 = FACE_OUTER_BOUND ( 'NONE', #9765, .T. ) ;
#7310 = LINE ( 'NONE', #2657, #227 ) ;
#7311 = ORIENTED_EDGE ( 'NONE', *, *, #1436, .F. ) ;
#7312 = CARTESIAN_POINT ( 'NONE',  ( -5.799999999999998934, 5.650000000000001243, -1.000000000000000000 ) ) ;
#7313 = DIRECTION ( 'NONE',  ( 0.000000000000000000, 0.000000000000000000, -1.000000000000000000 ) ) ;
#7314 = VERTEX_POINT ( 'NONE', #3838 ) ;
#7315 = DIRECTION ( 'NONE',  ( 0.000000000000000000, 1.000000000000000000, 0.000000000000000000 ) ) ;
#7316 = EDGE_LOOP ( 'NONE', ( #6430, #3628, #3030, #2963 ) ) ;
#7317 = ORIENTED_EDGE ( 'NONE', *, *, #2855, .T. ) ;
#7318 = CARTESIAN_POINT ( 'NONE',  ( 1.700000000000000178, 1.099999999999999867, -6.750000000000001776 ) ) ;
#7319 = TOROIDAL_SURFACE ( 'NONE', #5994, 0.05000000000000010686, 0.1499999999999999944 ) ;
#7320 = EDGE_CURVE ( 'NONE', #2402, #3689, #36, .T. ) ;
#7321 = DIRECTION ( 'NONE',  ( 0.000000000000000000, 1.000000000000000000, 0.000000000000000000 ) ) ;
#7322 = CARTESIAN_POINT ( 'NONE',  ( 6.399999999999998579, -2.034757436496875016, 1.000000000000000000 ) ) ;
#7323 = CARTESIAN_POINT ( 'NONE',  ( -6.200000000000000178, 2.100000000000000089, -1.599999999999999867 ) ) ;
#7324 = VECTOR ( 'NONE', #5192, 1000.000000000000000 ) ;
#7325 = DIRECTION ( 'NONE',  ( 0.000000000000000000, 0.000000000000000000, -1.000000000000000000 ) ) ;
#7326 = ORIENTED_EDGE ( 'NONE', *, *, #8503, .T. ) ;
#7327 = FILL_AREA_STYLE ('',( #5533 ) ) ;
#7328 = DIRECTION ( 'NONE',  ( 0.000000000000000000, -4.430117370400858162E-17, 1.000000000000000000 ) ) ;
#7329 = AXIS2_PLACEMENT_3D ( 'NONE', #2023, #4674, #3695 ) ;
#7330 = LINE ( 'NONE', #1386, #149 ) ;
#7331 = ADVANCED_FACE ( 'NONE', ( #7091 ), #1944, .F. ) ;
#7332 = ORIENTED_EDGE ( 'NONE', *, *, #4074, .F. ) ;
#7333 = CARTESIAN_POINT ( 'NONE',  ( -2.499999999999999556, 0.1000000000000017125, -7.200000000000000178 ) ) ;
#7335 = ORIENTED_EDGE ( 'NONE', *, *, #9114, .F. ) ;
#7334 = CARTESIAN_POINT ( 'NONE',  ( 0.000000000000000000, 2.100000000000000089, 1.000000000000000000 ) ) ;
#7336 = CARTESIAN_POINT ( 'NONE',  ( 0.000000000000000000, 2.399999999999999467, 6.700000000000000178 ) ) ;
#7337 = VERTEX_POINT ( 'NONE', #9304 ) ;
#7338 = ORIENTED_EDGE ( 'NONE', *, *, #6446, .T. ) ;
#7339 = VECTOR ( 'NONE', #1865, 1000.000000000000000 ) ;
#7340 = DIRECTION ( 'NONE',  ( 1.000000000000000000, -1.327027319204863784E-16, 0.000000000000000000 ) ) ;
#7341 = DIRECTION ( 'NONE',  ( 0.000000000000000000, 4.430117370400858162E-17, -1.000000000000000000 ) ) ;
#7342 = DIRECTION ( 'NONE',  ( 1.807003620809174139E-16, -1.000000000000000000, -4.430117370400858162E-17 ) ) ;
#7343 = EDGE_CURVE ( 'NONE', #8485, #3507, #10624, .T. ) ;
#7344 = VECTOR ( 'NONE', #5477, 1000.000000000000000 ) ;
#7345 = ORIENTED_EDGE ( 'NONE', *, *, #4848, .F. ) ;
#7346 = DIRECTION ( 'NONE',  ( 0.000000000000000000, 0.000000000000000000, -1.000000000000000000 ) ) ;
#7347 = CIRCLE ( 'NONE', #7186, 0.1499999999999999667 ) ;
#7348 = AXIS2_PLACEMENT_3D ( 'NONE', #7122, #1316, #2122 ) ;
#7349 = CARTESIAN_POINT ( 'NONE',  ( -4.250000000000000000, 6.700000000000000178, 5.099999999999999645 ) ) ;
#7350 = DIRECTION ( 'NONE',  ( 0.000000000000000000, -1.000000000000000000, -0.000000000000000000 ) ) ;
#7351 = DIRECTION ( 'NONE',  ( -0.000000000000000000, -1.000000000000000000, -0.000000000000000000 ) ) ;
#7352 = VERTEX_POINT ( 'NONE', #2690 ) ;
#7353 = VECTOR ( 'NONE', #1124, 1000.000000000000000 ) ;
#7354 = DIRECTION ( 'NONE',  ( -0.000000000000000000, -0.000000000000000000, -1.000000000000000000 ) ) ;
#7355 = EDGE_CURVE ( 'NONE', #5919, #9484, #7123, .T. ) ;
#7356 = ORIENTED_EDGE ( 'NONE', *, *, #1103, .T. ) ;
#7357 = ORIENTED_EDGE ( 'NONE', *, *, #774, .T. ) ;
#7358 = ORIENTED_EDGE ( 'NONE', *, *, #7104, .T. ) ;
#7359 = CARTESIAN_POINT ( 'NONE',  ( -0.4000000000000001887, -3.099999999999998312, -6.200000000000001954 ) ) ;
#7360 = EDGE_CURVE ( 'NONE', #8529, #9398, #3575, .T. ) ;
#7361 = ADVANCED_FACE ( 'NONE', ( #3619 ), #5117, .T. ) ;
#7362 = CIRCLE ( 'NONE', #773, 0.04999999999999969746 ) ;
#7363 = FACE_OUTER_BOUND ( 'NONE', #1820, .T. ) ;
#7364 = EDGE_LOOP ( 'NONE', ( #4115, #9348, #716, #10347 ) ) ;
#7365 = PLANE ( 'NONE',  #5377 ) ;
#7366 = FACE_OUTER_BOUND ( 'NONE', #9592, .T. ) ;
#7367 = DIRECTION ( 'NONE',  ( -1.000000000000000000, -0.000000000000000000, -0.000000000000000000 ) ) ;
#7368 = EDGE_LOOP ( 'NONE', ( #3787, #8258, #4831, #6127 ) ) ;
#7369 = CYLINDRICAL_SURFACE ( 'NONE', #9618, 0.04999999999999883010 ) ;
#7370 = VERTEX_POINT ( 'NONE', #3762 ) ;
#7371 = DIRECTION ( 'NONE',  ( -1.000000000000000000, 0.000000000000000000, -0.000000000000000000 ) ) ;
#7372 = AXIS2_PLACEMENT_3D ( 'NONE', #8364, #7404, #7530 ) ;
#7373 = ORIENTED_EDGE ( 'NONE', *, *, #5626, .F. ) ;
#7374 = CIRCLE ( 'NONE', #7953, 1.000000000000000000 ) ;
#7375 = CARTESIAN_POINT ( 'NONE',  ( 6.744145861810626030, -2.526248663070268741, -1.000000000000000000 ) ) ;
#7376 = EDGE_CURVE ( 'NONE', #10528, #6014, #3283, .T. ) ;
#7377 = CARTESIAN_POINT ( 'NONE',  ( 4.250000000000000000, 6.550000000000000711, 4.675000000000001599 ) ) ;
#7378 = LINE ( 'NONE', #10448, #7307 ) ;
#7379 = ORIENTED_EDGE ( 'NONE', *, *, #9905, .F. ) ;
#7380 = AXIS2_PLACEMENT_3D ( 'NONE', #10564, #6581, #9914 ) ;
#7381 = CARTESIAN_POINT ( 'NONE',  ( -3.850000000000000089, 4.986986664055304885, -5.850000000000000533 ) ) ;
#7382 = FACE_OUTER_BOUND ( 'NONE', #1123, .T. ) ;
#7383 = EDGE_LOOP ( 'NONE', ( #2515, #5180, #10171, #3616 ) ) ;
#7384 = LINE ( 'NONE', #3054, #292 ) ;
#7385 = DIRECTION ( 'NONE',  ( 0.3420201433256695456, 0.9396926207859082059, 1.895473080790100108E-16 ) ) ;
#7386 = DIRECTION ( 'NONE',  ( 0.000000000000000000, -1.000000000000000000, -2.460132057943349518E-16 ) ) ;
#7387 = VERTEX_POINT ( 'NONE', #2090 ) ;
#7388 = VERTEX_POINT ( 'NONE', #1219 ) ;
#7389 = EDGE_CURVE ( 'NONE', #8788, #2646, #6840, .T. ) ;
#7390 = VECTOR ( 'NONE', #583, 1000.000000000000000 ) ;
#7391 = ADVANCED_FACE ( 'NONE', ( #7363 ), #8540, .T. ) ;
#7392 = CARTESIAN_POINT ( 'NONE',  ( -5.799999999999996270, 0.5000000000000002220, -4.499999999999997335 ) ) ;
#7393 = CARTESIAN_POINT ( 'NONE',  ( 5.799999999999998046, 0.5000000000000004441, 3.000000000000000888 ) ) ;
#7394 = EDGE_CURVE ( 'NONE', #9061, #7998, #223, .T. ) ;
#7395 = PLANE ( 'NONE',  #471 ) ;
#7396 = CIRCLE ( 'NONE', #204, 0.05000000000000077993 ) ;
#7397 = DIRECTION ( 'NONE',  ( 0.000000000000000000, 1.000000000000000000, 0.000000000000000000 ) ) ;
#7398 = EDGE_LOOP ( 'NONE', ( #9875, #2492, #7573, #5011 ) ) ;
#7399 = LINE ( 'NONE', #9840, #224 ) ;
#7400 = AXIS2_PLACEMENT_3D ( 'NONE', #1438, #3935, #10554 ) ;
#7401 = LINE ( 'NONE', #6864, #3873 ) ;
#7403 = EDGE_LOOP ( 'NONE', ( #6670, #8342, #4646, #8160 ) ) ;
#7402 = CARTESIAN_POINT ( 'NONE',  ( -6.200000000000000178, 3.100000000000000089, -4.500000000000000888 ) ) ;
#7404 = DIRECTION ( 'NONE',  ( 0.000000000000000000, 1.000000000000000000, 0.000000000000000000 ) ) ;
#7405 = SURFACE_STYLE_USAGE ( .BOTH. , #2806 ) ;
#7406 = DIRECTION ( 'NONE',  ( 0.000000000000000000, -2.460132057943349518E-16, 1.000000000000000000 ) ) ;
#7407 = CARTESIAN_POINT ( 'NONE',  ( -0.4000000000000001887, 0.7999999999999983791, 7.299999999999998934 ) ) ;
#7408 = VECTOR ( 'NONE', #7869, 1000.000000000000114 ) ;
#7409 = VECTOR ( 'NONE', #9516, 1000.000000000000000 ) ;
#7410 = CARTESIAN_POINT ( 'NONE',  ( 2.550000000000000266, -2.299999999999999822, 7.699999999999997513 ) ) ;
#7411 = EDGE_CURVE ( 'NONE', #7224, #8512, #411, .T. ) ;
#7412 = DIRECTION ( 'NONE',  ( 0.000000000000000000, 0.000000000000000000, 1.000000000000000000 ) ) ;
#7413 = DIRECTION ( 'NONE',  ( 0.000000000000000000, -1.000000000000000000, 0.000000000000000000 ) ) ;
#7414 = DIRECTION ( 'NONE',  ( 1.000000000000000000, 0.000000000000000000, 0.000000000000000000 ) ) ;
#7415 = LINE ( 'NONE', #7206, #3811 ) ;
#7416 = ORIENTED_EDGE ( 'NONE', *, *, #5530, .T. ) ;
#7417 = EDGE_CURVE ( 'NONE', #3986, #10510, #3699, .T. ) ;
#7418 = CARTESIAN_POINT ( 'NONE',  ( 0.4000000000000001887, 2.504411906293519507, 7.549999999999999822 ) ) ;
#7419 = LINE ( 'NONE', #3393, #413 ) ;
#7420 = DIRECTION ( 'NONE',  ( 0.000000000000000000, -1.000000000000000000, -0.000000000000000000 ) ) ;
#7421 = DIRECTION ( 'NONE',  ( 1.000000000000000000, -0.000000000000000000, -0.000000000000000000 ) ) ;
#7422 = PLANE ( 'NONE',  #8327 ) ;
#7423 = AXIS2_PLACEMENT_3D ( 'NONE', #10386, #9390, #8620 ) ;
#7424 = LINE ( 'NONE', #3131, #102 ) ;
#7425 = CARTESIAN_POINT ( 'NONE',  ( -5.799999999999996270, 2.400000000000000355, -3.000000000000000000 ) ) ;
#7426 = ADVANCED_FACE ( 'NONE', ( #3978 ), #2776, .T. ) ;
#7427 = ORIENTED_EDGE ( 'NONE', *, *, #7952, .T. ) ;
#7428 = ORIENTED_EDGE ( 'NONE', *, *, #9393, .T. ) ;
#7429 = CARTESIAN_POINT ( 'NONE',  ( -6.200000000000000178, 3.100000000000000089, -1.599999999999999867 ) ) ;
#7430 = CIRCLE ( 'NONE', #6489, 0.5999999999999989786 ) ;
#7431 = EDGE_CURVE ( 'NONE', #6573, #9816, #316, .T. ) ;
#7432 = ORIENTED_EDGE ( 'NONE', *, *, #6984, .F. ) ;
#7433 = PLANE ( 'NONE',  #3464 ) ;
#7434 = EDGE_CURVE ( 'NONE', #9928, #1685, #110, .T. ) ;
#7435 = CARTESIAN_POINT ( 'NONE',  ( 0.000000000000000000, 3.100000000000000089, -3.000000000000000000 ) ) ;
#7436 = LINE ( 'NONE', #637, #351 ) ;
#7437 = EDGE_CURVE ( 'NONE', #6792, #5638, #3681, .T. ) ;
#7438 = DIRECTION ( 'NONE',  ( 0.000000000000000000, -0.000000000000000000, -1.000000000000000000 ) ) ;
#7439 = ORIENTED_EDGE ( 'NONE', *, *, #1154, .F. ) ;
#7440 = VERTEX_POINT ( 'NONE', #6959 ) ;
#7441 = ADVANCED_FACE ( 'NONE', ( #7488 ), #8470, .F. ) ;
#7442 = LINE ( 'NONE', #6097, #159 ) ;
#7443 = CARTESIAN_POINT ( 'NONE',  ( 0.000000000000000000, 8.099999999999999645, -3.500000000000000000 ) ) ;
#7444 = DIRECTION ( 'NONE',  ( 0.000000000000000000, 0.000000000000000000, 1.000000000000000000 ) ) ;
#7445 = LINE ( 'NONE', #9860, #3826 ) ;
#7446 = EDGE_LOOP ( 'NONE', ( #10038, #5907, #4370, #7746 ) ) ;
#7447 = DIRECTION ( 'NONE',  ( -0.000000000000000000, -0.000000000000000000, -1.000000000000000000 ) ) ;
#7448 = VECTOR ( 'NONE', #3161, 1000.000000000000000 ) ;
#7449 = DIRECTION ( 'NONE',  ( 1.000000000000000000, 1.341711765540131426E-16, 0.000000000000000000 ) ) ;
#7450 = AXIS2_PLACEMENT_3D ( 'NONE', #1275, #5607, #6341 ) ;
#7451 = FACE_OUTER_BOUND ( 'NONE', #3554, .T. ) ;
#7452 = EDGE_CURVE ( 'NONE', #3510, #9986, #375, .T. ) ;
#7453 = DIRECTION ( 'NONE',  ( -0.000000000000000000, 4.430117370400858162E-17, -1.000000000000000000 ) ) ;
#7454 = DIRECTION ( 'NONE',  ( -0.000000000000000000, -1.000000000000000000, -0.000000000000000000 ) ) ;
#7455 = ORIENTED_EDGE ( 'NONE', *, *, #2266, .F. ) ;
#7456 = ORIENTED_EDGE ( 'NONE', *, *, #4141, .T. ) ;
#7457 = AXIS2_PLACEMENT_3D ( 'NONE', #4900, #5721, #5653 ) ;
#7458 = LINE ( 'NONE', #243, #7339 ) ;
#7459 = DIRECTION ( 'NONE',  ( 0.000000000000000000, 1.000000000000000000, 0.000000000000000000 ) ) ;
#7460 = DIRECTION ( 'NONE',  ( -1.000000000000000000, 0.000000000000000000, 0.000000000000000000 ) ) ;
#7461 = DIRECTION ( 'NONE',  ( 0.000000000000000000, 0.000000000000000000, 1.000000000000000000 ) ) ;
#7462 = VECTOR ( 'NONE', #6109, 1000.000000000000000 ) ;
#7463 = CARTESIAN_POINT ( 'NONE',  ( -5.750000000000000000, 3.100000000000000089, 5.250000000000000000 ) ) ;
#7464 = CARTESIAN_POINT ( 'NONE',  ( -6.236169591142200375, -0.7547152872702095339, -1.000000000000000000 ) ) ;
#7465 =( NAMED_UNIT ( * ) PLANE_ANGLE_UNIT ( ) SI_UNIT ( $, .RADIAN. ) );
#7466 = FACE_OUTER_BOUND ( 'NONE', #3254, .T. ) ;
#7467 = CARTESIAN_POINT ( 'NONE',  ( 5.828491013390330266, -2.434932337075561115, 0.000000000000000000 ) ) ;
#7469 = VERTEX_POINT ( 'NONE', #1407 ) ;
#7468 = CARTESIAN_POINT ( 'NONE',  ( -5.799999999999996270, 1.000000000000000000, -6.400000000000000355 ) ) ;
#7470 = TOROIDAL_SURFACE ( 'NONE', #10461, 0.09999999999999996392, 0.2000000000000000111 ) ;
#7471 = EDGE_CURVE ( 'NONE', #2778, #4874, #3733, .T. ) ;
#7472 = AXIS2_PLACEMENT_3D ( 'NONE', #2237, #2323, #588 ) ;
#7473 = DIRECTION ( 'NONE',  ( -0.000000000000000000, -0.000000000000000000, 1.000000000000000000 ) ) ;
#7474 = DIRECTION ( 'NONE',  ( -1.000000000000000000, 1.341711765540131426E-16, 0.000000000000000000 ) ) ;
#7475 = VECTOR ( 'NONE', #6041, 1000.000000000000000 ) ;
#7476 = DIRECTION ( 'NONE',  ( 1.000000000000000000, 0.000000000000000000, 0.000000000000000000 ) ) ;
#7477 = EDGE_CURVE ( 'NONE', #1379, #10222, #348, .T. ) ;
#7478 = ORIENTED_EDGE ( 'NONE', *, *, #5616, .F. ) ;
#7479 = FACE_OUTER_BOUND ( 'NONE', #1714, .T. ) ;
#7480 = EDGE_CURVE ( 'NONE', #10495, #3485, #161, .T. ) ;
#7481 = DIRECTION ( 'NONE',  ( 1.807003620809174139E-16, -1.000000000000000000, -4.430117370400858162E-17 ) ) ;
#7482 = CARTESIAN_POINT ( 'NONE',  ( 5.049999999999997158, 2.400000000000000355, 5.350000000000001421 ) ) ;
#7483 = LINE ( 'NONE', #3284, #7282 ) ;
#7484 = DIRECTION ( 'NONE',  ( 0.000000000000000000, 0.000000000000000000, 1.000000000000000000 ) ) ;
#7485 = ORIENTED_EDGE ( 'NONE', *, *, #6769, .F. ) ;
#7486 = ORIENTED_EDGE ( 'NONE', *, *, #8388, .T. ) ;
#7487 = CARTESIAN_POINT ( 'NONE',  ( -1.699999999999999956, 2.949999999999998845, 7.249999999999999112 ) ) ;
#7488 = FACE_OUTER_BOUND ( 'NONE', #7744, .T. ) ;
#7489 = EDGE_LOOP ( 'NONE', ( #3728, #9732, #8830, #6035 ) ) ;
#7490 = CARTESIAN_POINT ( 'NONE',  ( 0.7999999999999999334, 2.650000000000000799, 7.549999999999999822 ) ) ;
#7491 = CARTESIAN_POINT ( 'NONE',  ( -6.399999999999998579, -2.034757436496875016, 1.000000000000000000 ) ) ;
#7492 = AXIS2_PLACEMENT_3D ( 'NONE', #1905, #5214, #8129 ) ;
#7493 = CARTESIAN_POINT ( 'NONE',  ( 3.880824640740575759, 0.5000000000000004441, 3.000000000000000000 ) ) ;
#7494 = LINE ( 'NONE', #3490, #115 ) ;
#7495 = EDGE_CURVE ( 'NONE', #5411, #3892, #3716, .T. ) ;
#7496 = ADVANCED_FACE ( 'NONE', ( #3957 ), #9603, .T. ) ;
#7497 = CARTESIAN_POINT ( 'NONE',  ( 6.199999999999998401, 0.6000000000000006439, -3.000000000000000000 ) ) ;
#7498 = ORIENTED_EDGE ( 'NONE', *, *, #7996, .T. ) ;
#7499 = ORIENTED_EDGE ( 'NONE', *, *, #1359, .F. ) ;
#7500 = AXIS2_PLACEMENT_3D ( 'NONE', #182, #8806, #8958 ) ;
#7501 = DIRECTION ( 'NONE',  ( 0.000000000000000000, 0.000000000000000000, -1.000000000000000000 ) ) ;
#7502 = VECTOR ( 'NONE', #6511, 1000.000000000000000 ) ;
#7503 = DIRECTION ( 'NONE',  ( -0.000000000000000000, -1.000000000000000000, -0.000000000000000000 ) ) ;
#7504 = ORIENTED_EDGE ( 'NONE', *, *, #88, .T. ) ;
#7505 = ORIENTED_EDGE ( 'NONE', *, *, #6963, .T. ) ;
#7506 = DIRECTION ( 'NONE',  ( -0.5735764363510463815, -0.8191520442889915765, 0.000000000000000000 ) ) ;
#7507 = VECTOR ( 'NONE', #4016, 1000.000000000000000 ) ;
#7508 = EDGE_CURVE ( 'NONE', #6610, #1701, #7430, .T. ) ;
#7509 = FACE_OUTER_BOUND ( 'NONE', #1757, .T. ) ;
#7510 = CARTESIAN_POINT ( 'NONE',  ( 2.449999999999999289, 0.1000000000000015876, -7.200000000000000178 ) ) ;
#7511 = PLANE ( 'NONE',  #563 ) ;
#7512 = EDGE_CURVE ( 'NONE', #537, #951, #330, .T. ) ;
#7513 = ORIENTED_EDGE ( 'NONE', *, *, #3221, .T. ) ;
#7514 = CARTESIAN_POINT ( 'NONE',  ( -5.750000000000000000, 5.650000000000001243, 5.250000000000000000 ) ) ;
#7515 = ADVANCED_FACE ( 'NONE', ( #3914 ), #256, .T. ) ;
#7516 = AXIS2_PLACEMENT_3D ( 'NONE', #3909, #4672, #4739 ) ;
#7517 = VERTEX_POINT ( 'NONE', #4177 ) ;
#7518 = CARTESIAN_POINT ( 'NONE',  ( 0.000000000000000000, 0.000000000000000000, 0.000000000000000000 ) ) ;
#7519 = DIRECTION ( 'NONE',  ( 0.000000000000000000, -1.000000000000000000, 0.000000000000000000 ) ) ;
#7520 = CARTESIAN_POINT ( 'NONE',  ( 0.8000000000000001554, 0.7999999999999983791, 7.299999999999998934 ) ) ;
#7521 = CARTESIAN_POINT ( 'NONE',  ( 4.549999999999997158, 0.000000000000000000, -5.850000000000000533 ) ) ;
#7522 = CARTESIAN_POINT ( 'NONE',  ( -2.100000000000000089, -3.100000000000000089, 6.699999999999999289 ) ) ;
#7523 = ORIENTED_EDGE ( 'NONE', *, *, #1654, .F. ) ;
#7524 = LINE ( 'NONE', #8090, #3946 ) ;
#7525 = LINE ( 'NONE', #3360, #3739 ) ;
#7526 = EDGE_CURVE ( 'NONE', #2329, #5100, #7415, .T. ) ;
#7527 = CARTESIAN_POINT ( 'NONE',  ( -2.499999999999999556, 0.7500000000000006661, 7.549999999999998046 ) ) ;
#7529 = ORIENTED_EDGE ( 'NONE', *, *, #4101, .F. ) ;
#7528 = DIRECTION ( 'NONE',  ( -0.000000000000000000, -0.000000000000000000, -1.000000000000000000 ) ) ;
#7530 = DIRECTION ( 'NONE',  ( 0.000000000000000000, 0.000000000000000000, 1.000000000000000000 ) ) ;
#7531 = ORIENTED_EDGE ( 'NONE', *, *, #9440, .F. ) ;
#7532 = ORIENTED_EDGE ( 'NONE', *, *, #4204, .F. ) ;
#7533 = EDGE_CURVE ( 'NONE', #968, #2664, #7445, .T. ) ;
#7534 = CARTESIAN_POINT ( 'NONE',  ( -5.750000000000000000, 5.650000000000001243, 5.250000000000000000 ) ) ;
#7535 = ORIENTED_EDGE ( 'NONE', *, *, #4492, .F. ) ;
#7536 = CARTESIAN_POINT ( 'NONE',  ( 4.336808689942017736E-16, 0.6999999999999998446, 7.549999999999999822 ) ) ;
#7537 = ORIENTED_EDGE ( 'NONE', *, *, #3564, .T. ) ;
#7538 = CARTESIAN_POINT ( 'NONE',  ( -3.299999999999999822, 0.8500000000000000888, -5.850000000000000533 ) ) ;
#7539 = CARTESIAN_POINT ( 'NONE',  ( 0.8000000000000001554, 1.099999999999998535, 6.349999999999997868 ) ) ;
#7540 = LINE ( 'NONE', #7312, #4270 ) ;
#7541 = AXIS2_PLACEMENT_3D ( 'NONE', #4360, #4420, #8286 ) ;
#7542 = PLANE ( 'NONE',  #3649 ) ;
#7543 = VERTEX_POINT ( 'NONE', #3967 ) ;
#7544 = CARTESIAN_POINT ( 'NONE',  ( 2.500000000000000444, 0.1500000000000024647, -7.049999999999999822 ) ) ;
#7545 = FACE_OUTER_BOUND ( 'NONE', #8287, .T. ) ;
#7546 = DIRECTION ( 'NONE',  ( 1.000000000000000000, 0.000000000000000000, 0.000000000000000000 ) ) ;
#7547 = LINE ( 'NONE', #3790, #275 ) ;
#7548 = CARTESIAN_POINT ( 'NONE',  ( -3.880824640740575759, 0.4999999999999995559, -3.000000000000000000 ) ) ;
#7549 = ORIENTED_EDGE ( 'NONE', *, *, #9464, .T. ) ;
#7550 = EDGE_LOOP ( 'NONE', ( #1223, #5745, #6621, #8331 ) ) ;
#7551 = SHAPE_DEFINITION_REPRESENTATION ( #10255, #4621 ) ;
#7552 = EDGE_CURVE ( 'NONE', #3969, #10292, #7183, .T. ) ;
#7553 = VERTEX_POINT ( 'NONE', #10523 ) ;
#7554 = CARTESIAN_POINT ( 'NONE',  ( 2.500000000000000444, 0.7500000000000006661, 7.549999999999998046 ) ) ;
#7555 = VECTOR ( 'NONE', #2520, 1000.000000000000000 ) ;
#7556 = LINE ( 'NONE', #4998, #579 ) ;
#7557 = EDGE_LOOP ( 'NONE', ( #2881, #1621, #5494, #157 ) ) ;
#7558 = EDGE_CURVE ( 'NONE', #1970, #7241, #7378, .T. ) ;
#7559 = AXIS2_PLACEMENT_3D ( 'NONE', #4205, #4272, #3492 ) ;
#7560 = DIRECTION ( 'NONE',  ( -1.000000000000000000, -0.000000000000000000, -0.000000000000000000 ) ) ;
#7561 = CARTESIAN_POINT ( 'NONE',  ( -5.049999999999997158, 0.1000000000000001721, -2.000000000000000000 ) ) ;
#7562 = CARTESIAN_POINT ( 'NONE',  ( 0.000000000000000000, 2.100000000000000089, 1.599999999999999867 ) ) ;
#7563 = VECTOR ( 'NONE', #5264, 1000.000000000000000 ) ;
#7564 = CARTESIAN_POINT ( 'NONE',  ( 3.880824640740575759, 0.09999999999999990841, 3.000000000000000000 ) ) ;
#7565 = FACE_OUTER_BOUND ( 'NONE', #4, .T. ) ;
#7566 = DIRECTION ( 'NONE',  ( 0.000000000000000000, 0.000000000000000000, 1.000000000000000000 ) ) ;
#7567 = ORIENTED_EDGE ( 'NONE', *, *, #7882, .T. ) ;
#7568 = VERTEX_POINT ( 'NONE', #4734 ) ;
#7569 = ORIENTED_EDGE ( 'NONE', *, *, #1668, .T. ) ;
#7570 = ORIENTED_EDGE ( 'NONE', *, *, #8365, .T. ) ;
#7571 = CARTESIAN_POINT ( 'NONE',  ( -3.299999999999999822, 0.8000000000000001554, -7.050000000000001599 ) ) ;
#7572 = LINE ( 'NONE', #3782, #515 ) ;
#7573 = ORIENTED_EDGE ( 'NONE', *, *, #3659, .T. ) ;
#7574 = LINE ( 'NONE', #1581, #7555 ) ;
#7575 = EDGE_CURVE ( 'NONE', #10493, #7165, #288, .T. ) ;
#7576 = ORIENTED_EDGE ( 'NONE', *, *, #8065, .F. ) ;
#7577 = CARTESIAN_POINT ( 'NONE',  ( 5.049999999999997158, 1.000000000000000000, 4.500000000000000888 ) ) ;
#7578 = PRESENTATION_STYLE_ASSIGNMENT (( #8108 ) ) ;
#7579 = EDGE_CURVE ( 'NONE', #9814, #478, #85, .T. ) ;
#7580 = AXIS2_PLACEMENT_3D ( 'NONE', #9272, #8444, #10200 ) ;
#7581 = CARTESIAN_POINT ( 'NONE',  ( 6.236169591142200375, -0.7547152872702095339, -1.000000000000000000 ) ) ;
#7582 = VECTOR ( 'NONE', #5161, 1000.000000000000000 ) ;
#7583 = ADVANCED_FACE ( 'NONE', ( #7274 ), #360, .T. ) ;
#7584 = EDGE_CURVE ( 'NONE', #3156, #4986, #7195, .T. ) ;
#7585 = CARTESIAN_POINT ( 'NONE',  ( 3.880824640740575759, 0.09999999999999990841, 2.599999999999997424 ) ) ;
#7586 = CARTESIAN_POINT ( 'NONE',  ( 6.199999999999999289, 5.650000000000001243, -5.250000000000000000 ) ) ;
#7587 = ORIENTED_EDGE ( 'NONE', *, *, #7838, .F. ) ;
#7588 = ORIENTED_EDGE ( 'NONE', *, *, #5616, .T. ) ;
#7589 = ORIENTED_EDGE ( 'NONE', *, *, #5314, .T. ) ;
#7590 = ORIENTED_EDGE ( 'NONE', *, *, #7303, .T. ) ;
#7591 = ORIENTED_EDGE ( 'NONE', *, *, #2503, .T. ) ;
#7592 = DIRECTION ( 'NONE',  ( -1.000000000000000000, 0.000000000000000000, 0.000000000000000000 ) ) ;
#7593 = DIRECTION ( 'NONE',  ( 0.000000000000000000, -1.000000000000000000, 0.000000000000000000 ) ) ;
#7594 = DIRECTION ( 'NONE',  ( 0.000000000000000000, 0.000000000000000000, 1.000000000000000000 ) ) ;
#7595 = ORIENTED_EDGE ( 'NONE', *, *, #9841, .F. ) ;
#7596 =( LENGTH_UNIT ( ) NAMED_UNIT ( * ) SI_UNIT ( .MILLI., .METRE. ) );
#7597 = UNCERTAINTY_MEASURE_WITH_UNIT (LENGTH_MEASURE( 1.000000000000000082E-05 ), #3461, 'distance_accuracy_value', 'NONE');
#7598 = EDGE_CURVE ( 'NONE', #3093, #710, #3849, .T. ) ;
#7599 = CIRCLE ( 'NONE', #8283, 0.1999999999999996503 ) ;
#7600 = PLANE ( 'NONE',  #7735 ) ;
#7601 = AXIS2_PLACEMENT_3D ( 'NONE', #8162, #3580, #4171 ) ;
#7603 = EDGE_LOOP ( 'NONE', ( #6989, #7179, #7549, #10451 ) ) ;
#7602 = CARTESIAN_POINT ( 'NONE',  ( -1.699999999999999956, 2.650000000000000799, 7.249999999999999112 ) ) ;
#7604 = AXIS2_PLACEMENT_3D ( 'NONE', #4242, #74, #5843 ) ;
#7605 = ORIENTED_EDGE ( 'NONE', *, *, #3696, .T. ) ;
#7606 = ORIENTED_EDGE ( 'NONE', *, *, #1990, .F. ) ;
#7607 = CARTESIAN_POINT ( 'NONE',  ( 3.850000000000000089, 2.400000000000000355, -5.850000000000000533 ) ) ;
#7608 = ORIENTED_EDGE ( 'NONE', *, *, #4542, .F. ) ;
#7609 = CARTESIAN_POINT ( 'NONE',  ( 2.500000000000000000, -3.099999999999997424, -6.800000000000002487 ) ) ;
#7610 = EDGE_CURVE ( 'NONE', #7314, #8868, #7239, .T. ) ;
#7611 = ORIENTED_EDGE ( 'NONE', *, *, #8149, .T. ) ;
#7612 = CARTESIAN_POINT ( 'NONE',  ( 0.000000000000000000, 8.099999999999999645, 0.000000000000000000 ) ) ;
#7613 = CARTESIAN_POINT ( 'NONE',  ( 6.399999999999998579, -0.6400000000000000133, 1.000000000000000000 ) ) ;
#7614 = LINE ( 'NONE', #8080, #4327 ) ;
#7615 = DIRECTION ( 'NONE',  ( 0.000000000000000000, -1.000000000000000000, -2.017120320903263702E-16 ) ) ;
#7616 = VERTEX_POINT ( 'NONE', #8831 ) ;
#7617 = AXIS2_PLACEMENT_3D ( 'NONE', #1722, #6412, #1447 ) ;
#7618 = DIRECTION ( 'NONE',  ( 0.000000000000000000, 0.000000000000000000, 1.000000000000000000 ) ) ;
#7619 = VECTOR ( 'NONE', #9306, 1000.000000000000000 ) ;
#7620 = DIRECTION ( 'NONE',  ( 0.000000000000000000, -1.000000000000000000, 0.000000000000000000 ) ) ;
#7621 = LINE ( 'NONE', #3605, #934 ) ;
#7622 = CARTESIAN_POINT ( 'NONE',  ( -3.850000000000000089, 4.986986664055304885, -6.700000000000000178 ) ) ;
#7623 = DIRECTION ( 'NONE',  ( 0.000000000000000000, 0.000000000000000000, 1.000000000000000000 ) ) ;
#7624 = ORIENTED_EDGE ( 'NONE', *, *, #7389, .F. ) ;
#7625 = ORIENTED_EDGE ( 'NONE', *, *, #1154, .T. ) ;
#7626 = ORIENTED_EDGE ( 'NONE', *, *, #4870, .T. ) ;
#7627 = ORIENTED_EDGE ( 'NONE', *, *, #8778, .F. ) ;
#7628 = AXIS2_PLACEMENT_3D ( 'NONE', #8014, #4510, #5499 ) ;
#7629 = AXIS2_PLACEMENT_3D ( 'NONE', #1021, #8465, #8347 ) ;
#7630 = ORIENTED_EDGE ( 'NONE', *, *, #8897, .T. ) ;
#7631 = CARTESIAN_POINT ( 'NONE',  ( 5.799999999999996270, 0.5000000000000004441, -4.499999999999997335 ) ) ;
#7632 = LINE ( 'NONE', #1924, #4078 ) ;
#7633 = EDGE_CURVE ( 'NONE', #3744, #7149, #3650, .T. ) ;
#7634 = VECTOR ( 'NONE', #2880, 999.9999999999998863 ) ;
#7635 = ORIENTED_EDGE ( 'NONE', *, *, #8994, .F. ) ;
#7636 = CARTESIAN_POINT ( 'NONE',  ( 5.908508773426603966, -0.9841458618106281309, -1.000000000000000000 ) ) ;
#7637 = AXIS2_PLACEMENT_3D ( 'NONE', #6003, #5078, #1046 ) ;
#7638 = PLANE ( 'NONE',  #6481 ) ;
#7639 = VECTOR ( 'NONE', #5729, 1000.000000000000000 ) ;
#7640 = CARTESIAN_POINT ( 'NONE',  ( 5.799999999999996270, 0.5000000000000002220, -4.499999999999997335 ) ) ;
#7641 = ORIENTED_EDGE ( 'NONE', *, *, #8530, .F. ) ;
#7642 = ORIENTED_EDGE ( 'NONE', *, *, #1082, .F. ) ;
#7643 = ORIENTED_EDGE ( 'NONE', *, *, #1637, .T. ) ;
#7644 = ORIENTED_EDGE ( 'NONE', *, *, #1943, .T. ) ;
#7645 = DIRECTION ( 'NONE',  ( -1.000000000000000000, -1.327027319204863784E-16, 0.000000000000000000 ) ) ;
#7646 = SURFACE_STYLE_FILL_AREA ( #1816 ) ;
#7647 = CARTESIAN_POINT ( 'NONE',  ( -5.799999999999996270, 0.1000000000000001721, 3.000000000000000000 ) ) ;
#7648 = ORIENTED_EDGE ( 'NONE', *, *, #4817, .F. ) ;
#7649 = EDGE_CURVE ( 'NONE', #5145, #585, #144, .T. ) ;
#7650 = VECTOR ( 'NONE', #8144, 1000.000000000000000 ) ;
#7651 = EDGE_LOOP ( 'NONE', ( #4975, #7427, #1833, #8494 ) ) ;
#7652 = EDGE_CURVE ( 'NONE', #1327, #2308, #7258, .T. ) ;
#7653 = ADVANCED_FACE ( 'NONE', ( #7290 ), #3904, .F. ) ;
#7654 = DIRECTION ( 'NONE',  ( 1.327027319204863784E-16, -1.000000000000000000, -0.000000000000000000 ) ) ;
#7655 = LINE ( 'NONE', #6278, #564 ) ;
#7656 = AXIS2_PLACEMENT_3D ( 'NONE', #8637, #7941, #3134 ) ;
#7657 = CARTESIAN_POINT ( 'NONE',  ( -3.999999999999998224, -3.551475717527321367E-16, -4.500000000000000888 ) ) ;
#7658 = CARTESIAN_POINT ( 'NONE',  ( 2.598076211353316456, 9.999999999999998224, 1.499999999999999112 ) ) ;
#7659 = PLANE ( 'NONE',  #8329 ) ;
#7660 = VERTEX_POINT ( 'NONE', #3587 ) ;
#7661 = CARTESIAN_POINT ( 'NONE',  ( -5.828491013390329378, -2.434932337075560671, 1.000000000000000000 ) ) ;
#7662 = ORIENTED_EDGE ( 'NONE', *, *, #5855, .T. ) ;
#7663 = ORIENTED_EDGE ( 'NONE', *, *, #7508, .T. ) ;
#7664 = ORIENTED_EDGE ( 'NONE', *, *, #8634, .T. ) ;
#7665 = CIRCLE ( 'NONE', #6032, 0.2000000000000007327 ) ;
#7666 = LINE ( 'NONE', #10333, #3992 ) ;
#7667 = CARTESIAN_POINT ( 'NONE',  ( 2.900000000000000355, -3.099999999999999201, 7.299999999999998934 ) ) ;
#7668 = EDGE_CURVE ( 'NONE', #7149, #10098, #7396, .T. ) ;
#7669 = CARTESIAN_POINT ( 'NONE',  ( -5.049999999999997158, 0.5000000000000001110, 3.000000000000000000 ) ) ;
#7670 = VECTOR ( 'NONE', #5972, 1000.000000000000000 ) ;
#7671 = EDGE_CURVE ( 'NONE', #7568, #10123, #200, .T. ) ;
#7672 = ADVANCED_FACE ( 'NONE', ( #560 ), #4243, .F. ) ;
#7673 = AXIS2_PLACEMENT_3D ( 'NONE', #5931, #811, #3345 ) ;
#7675 = ORIENTED_EDGE ( 'NONE', *, *, #6103, .T. ) ;
#7674 = DIRECTION ( 'NONE',  ( 0.000000000000000000, 2.017120320903263702E-16, -1.000000000000000000 ) ) ;
#7676 = DIRECTION ( 'NONE',  ( 0.000000000000000000, 1.807003620809174385E-16, -1.000000000000000000 ) ) ;
#7677 = EDGE_LOOP ( 'NONE', ( #3084, #8028, #5847, #855, #7332, #7696, #4145, #2908 ) ) ;
#7678 = CARTESIAN_POINT ( 'NONE',  ( -5.750000000000000000, 6.100000000000000533, 6.700000000000000178 ) ) ;
#7679 = VERTEX_POINT ( 'NONE', #2628 ) ;
#7680 = CARTESIAN_POINT ( 'NONE',  ( 2.550000000000001155, 0.6999999999999994005, 7.699999999999997513 ) ) ;
#7681 = DIRECTION ( 'NONE',  ( 0.000000000000000000, 0.000000000000000000, 1.000000000000000000 ) ) ;
#7682 = LINE ( 'NONE', #987, #752 ) ;
#7683 = DIRECTION ( 'NONE',  ( -0.000000000000000000, 0.000000000000000000, 1.000000000000000000 ) ) ;
#7684 = DIRECTION ( 'NONE',  ( 0.000000000000000000, -1.000000000000000000, -2.460132057943349518E-16 ) ) ;
#7685 = DIRECTION ( 'NONE',  ( -0.000000000000000000, 4.430117370400858162E-17, -1.000000000000000000 ) ) ;
#7686 = CIRCLE ( 'NONE', #10628, 0.2999999999999999334 ) ;
#7687 = CARTESIAN_POINT ( 'NONE',  ( -5.799999999999996270, 0.5000000000000004441, 4.500000000000000888 ) ) ;
#7688 = PLANE ( 'NONE',  #3109 ) ;
#7689 = CARTESIAN_POINT ( 'NONE',  ( 5.049999999999997158, 1.000000000000000000, 5.000000000000000888 ) ) ;
#7690 = EDGE_CURVE ( 'NONE', #6719, #6484, #737, .T. ) ;
#7691 = ORIENTED_EDGE ( 'NONE', *, *, #4096, .T. ) ;
#7692 = ORIENTED_EDGE ( 'NONE', *, *, #6086, .T. ) ;
#7693 = EDGE_LOOP ( 'NONE', ( #7455, #6230, #6410, #4230 ) ) ;
#7694 = AXIS2_PLACEMENT_3D ( 'NONE', #6682, #4730, #4241 ) ;
#7695 = ADVANCED_FACE ( 'NONE', ( #4218 ), #8235, .T. ) ;
#7696 = ORIENTED_EDGE ( 'NONE', *, *, #2871, .F. ) ;
#7697 = ORIENTED_EDGE ( 'NONE', *, *, #9705, .F. ) ;
#7698 = DIRECTION ( 'NONE',  ( 0.000000000000000000, 1.000000000000000000, 0.000000000000000000 ) ) ;
#7699 = FACE_OUTER_BOUND ( 'NONE', #8145, .T. ) ;
#7700 = LINE ( 'NONE', #6912, #594 ) ;
#7701 = DIRECTION ( 'NONE',  ( -0.7071067811865489050, -0.000000000000000000, -0.7071067811865462405 ) ) ;
#7702 = PLANE ( 'NONE',  #3303 ) ;
#7703 = EDGE_CURVE ( 'NONE', #3148, #310, #4271, .T. ) ;
#7704 = ORIENTED_EDGE ( 'NONE', *, *, #7844, .T. ) ;
#7705 = ORIENTED_EDGE ( 'NONE', *, *, #1415, .T. ) ;
#7706 = ORIENTED_EDGE ( 'NONE', *, *, #9795, .T. ) ;
#7707 = ORIENTED_EDGE ( 'NONE', *, *, #940, .T. ) ;
#7708 = CARTESIAN_POINT ( 'NONE',  ( 2.900000000000000355, 0.7999999999999982681, 7.549999999999999822 ) ) ;
#7709 = CARTESIAN_POINT ( 'NONE',  ( 2.449999999999999289, 0.6999999999999997335, 7.699999999999997513 ) ) ;
#7710 = AXIS2_PLACEMENT_3D ( 'NONE', #6360, #9604, #668 ) ;
#7711 = ORIENTED_EDGE ( 'NONE', *, *, #5045, .T. ) ;
#7712 = CIRCLE ( 'NONE', #572, 0.5999999999999989786 ) ;
#7713 = EDGE_CURVE ( 'NONE', #10433, #968, #7800, .T. ) ;
#7714 = LINE ( 'NONE', #381, #7821 ) ;
#7715 = EDGE_CURVE ( 'NONE', #6885, #638, #4007, .T. ) ;
#7716 = CARTESIAN_POINT ( 'NONE',  ( -5.799999999999996270, 2.400000000000000355, 2.000000000000000000 ) ) ;
#7717 = CARTESIAN_POINT ( 'NONE',  ( 0.000000000000000000, 2.100000000000000089, -1.000000000000000000 ) ) ;
#7718 = CARTESIAN_POINT ( 'NONE',  ( -2.449999999999998845, 0.1000000000000017542, -7.200000000000000178 ) ) ;
#7719 = CARTESIAN_POINT ( 'NONE',  ( 5.124054256371548099, -3.172339182284404924, 0.000000000000000000 ) ) ;
#7720 = ORIENTED_EDGE ( 'NONE', *, *, #5089, .F. ) ;
#7721 = ORIENTED_EDGE ( 'NONE', *, *, #5045, .F. ) ;
#7722 = ORIENTED_EDGE ( 'NONE', *, *, #543, .F. ) ;
#7723 = ORIENTED_EDGE ( 'NONE', *, *, #8428, .F. ) ;
#7724 = FACE_OUTER_BOUND ( 'NONE', #8169, .T. ) ;
#7725 = ORIENTED_EDGE ( 'NONE', *, *, #9476, .F. ) ;
#7726 = DIRECTION ( 'NONE',  ( 0.000000000000000000, -4.430117370400858162E-17, 1.000000000000000000 ) ) ;
#7727 = DIRECTION ( 'NONE',  ( -0.000000000000000000, -0.000000000000000000, -1.000000000000000000 ) ) ;
#7728 = EDGE_CURVE ( 'NONE', #2123, #5900, #4080, .T. ) ;
#7729 = LINE ( 'NONE', #108, #4287 ) ;
#7730 = CARTESIAN_POINT ( 'NONE',  ( -5.799999999999998934, 3.100000000000000533, 5.250000000000000000 ) ) ;
#7731 = CYLINDRICAL_SURFACE ( 'NONE', #9775, 0.9999999999999996669 ) ;
#7732 = DIRECTION ( 'NONE',  ( 0.000000000000000000, 0.000000000000000000, 1.000000000000000000 ) ) ;
#7733 = CARTESIAN_POINT ( 'NONE',  ( -3.299999999999999822, 0.8500000000000000888, -5.850000000000000533 ) ) ;
#7734 = ADVANCED_FACE ( 'NONE', ( #7769 ), #6770, .F. ) ;
#7735 = AXIS2_PLACEMENT_3D ( 'NONE', #1742, #9173, #267 ) ;
#7736 = AXIS2_PLACEMENT_3D ( 'NONE', #4436, #548, #6299 ) ;
#7737 = LINE ( 'NONE', #599, #883 ) ;
#7738 = EDGE_CURVE ( 'NONE', #3555, #8059, #7817, .T. ) ;
#7739 = EDGE_LOOP ( 'NONE', ( #2364, #9375, #5656, #45, #9022, #7215 ) ) ;
#7740 = VERTEX_POINT ( 'NONE', #6062 ) ;
#7741 = ORIENTED_EDGE ( 'NONE', *, *, #6234, .T. ) ;
#7742 = AXIS2_PLACEMENT_3D ( 'NONE', #4418, #5256, #4358 ) ;
#7743 = DIRECTION ( 'NONE',  ( 0.000000000000000000, 1.000000000000000000, 0.000000000000000000 ) ) ;
#7744 = EDGE_LOOP ( 'NONE', ( #10470, #6304, #6968, #7326 ) ) ;
#7745 = CARTESIAN_POINT ( 'NONE',  ( -3.563393125268146111, 2.400000000000000355, 4.500000000000000888 ) ) ;
#7746 = ORIENTED_EDGE ( 'NONE', *, *, #10578, .F. ) ;
#7747 = CARTESIAN_POINT ( 'NONE',  ( -2.100000000000000089, 0.7999999999999982681, 7.549999999999999822 ) ) ;
#7748 = CARTESIAN_POINT ( 'NONE',  ( 6.399999999999998579, -2.034757436496875016, 1.000000000000000000 ) ) ;
#7749 = FACE_OUTER_BOUND ( 'NONE', #4232, .T. ) ;
#7750 = CARTESIAN_POINT ( 'NONE',  ( -2.500000000000000000, -3.099999999999999201, 7.549999999999999822 ) ) ;
#7751 = TOROIDAL_SURFACE ( 'NONE', #8337, 0.09999999999999996392, 0.2000000000000000111 ) ;
#7752 = CARTESIAN_POINT ( 'NONE',  ( -4.250000000000000000, 6.100000000000000533, 5.674999999999998046 ) ) ;
#7753 = CARTESIAN_POINT ( 'NONE',  ( 6.399999999999998579, -2.034757436496875016, -1.000000000000000000 ) ) ;
#7754 = CYLINDRICAL_SURFACE ( 'NONE', #6537, 0.2999999999999999334 ) ;
#7755 = CARTESIAN_POINT ( 'NONE',  ( -5.049999999999997158, 2.128355624055937206E-16, -6.700000000000000178 ) ) ;
#7756 = EDGE_CURVE ( 'NONE', #7241, #4126, #4153, .T. ) ;
#7757 = DIRECTION ( 'NONE',  ( 0.000000000000000000, 0.000000000000000000, -1.000000000000000000 ) ) ;
#7758 = DIRECTION ( 'NONE',  ( -0.000000000000000000, -0.7071067811865451302, 0.7071067811865500152 ) ) ;
#7759 = ADVANCED_FACE ( 'NONE', ( #4288 ), #7751, .T. ) ;
#7760 = CARTESIAN_POINT ( 'NONE',  ( 5.799999999999996270, 0.1000000000000001721, 2.000000000000000000 ) ) ;
#7761 = EDGE_CURVE ( 'NONE', #10493, #5411, #7556, .T. ) ;
#7762 = ORIENTED_EDGE ( 'NONE', *, *, #4411, .T. ) ;
#7763 = VERTEX_POINT ( 'NONE', #3527 ) ;
#7764 = ORIENTED_EDGE ( 'NONE', *, *, #6830, .F. ) ;
#7765 = AXIS2_PLACEMENT_3D ( 'NONE', #216, #929, #1689 ) ;
#7766 = VERTEX_POINT ( 'NONE', #2717 ) ;
#7767 = CARTESIAN_POINT ( 'NONE',  ( 6.200000000000000178, 2.100000000000000089, 1.599999999999999867 ) ) ;
#7768 = LINE ( 'NONE', #518, #683 ) ;
#7769 = FACE_OUTER_BOUND ( 'NONE', #5098, .T. ) ;
#7770 = DIRECTION ( 'NONE',  ( -1.000000000000000000, 0.000000000000000000, 0.000000000000000000 ) ) ;
#7771 = SURFACE_STYLE_FILL_AREA ( #2173 ) ;
#7772 = DIRECTION ( 'NONE',  ( -1.000000000000000000, 0.000000000000000000, 0.000000000000000000 ) ) ;
#7773 = DIRECTION ( 'NONE',  ( 0.000000000000000000, -1.000000000000000000, 0.000000000000000000 ) ) ;
#7774 = CARTESIAN_POINT ( 'NONE',  ( 0.000000000000000000, 0.09999999999999971412, 3.000000000000000444 ) ) ;
#7775 = EDGE_CURVE ( 'NONE', #8276, #5746, #7682, .T. ) ;
#7776 = DIRECTION ( 'NONE',  ( 0.000000000000000000, -1.000000000000000000, 0.000000000000000000 ) ) ;
#7777 = EDGE_LOOP ( 'NONE', ( #7338, #2917, #3225, #6420 ) ) ;
#7778 = ORIENTED_EDGE ( 'NONE', *, *, #2091, .T. ) ;
#7779 = ORIENTED_EDGE ( 'NONE', *, *, #1505, .F. ) ;
#7780 = EDGE_CURVE ( 'NONE', #6610, #10385, #685, .T. ) ;
#7781 = ADVANCED_FACE ( 'NONE', ( #4307 ), #7847, .T. ) ;
#7782 = DIRECTION ( 'NONE',  ( 0.000000000000000000, -1.000000000000000000, 0.000000000000000000 ) ) ;
#7783 = ORIENTED_EDGE ( 'NONE', *, *, #1541, .T. ) ;
#7784 = LINE ( 'NONE', #7510, #4136 ) ;
#7785 = AXIS2_PLACEMENT_3D ( 'NONE', #5925, #9943, #9121 ) ;
#7786 = LINE ( 'NONE', #3694, #7563 ) ;
#7787 = DIRECTION ( 'NONE',  ( -0.000000000000000000, 2.017120320903263702E-16, -1.000000000000000000 ) ) ;
#7788 = PLANE ( 'NONE',  #4865 ) ;
#7789 = DIRECTION ( 'NONE',  ( 0.000000000000000000, 1.000000000000000000, 0.000000000000000000 ) ) ;
#7790 = EDGE_CURVE ( 'NONE', #2076, #3095, #7700, .T. ) ;
#7791 = ORIENTED_EDGE ( 'NONE', *, *, #3290, .F. ) ;
#7792 = CARTESIAN_POINT ( 'NONE',  ( 5.799999999999996270, 0.5000000000000002220, 3.000000000000000000 ) ) ;
#7793 = LINE ( 'NONE', #8724, #759 ) ;
#7794 = VERTEX_POINT ( 'NONE', #8430 ) ;
#7795 = ORIENTED_EDGE ( 'NONE', *, *, #6508, .F. ) ;
#7796 = ORIENTED_EDGE ( 'NONE', *, *, #7526, .T. ) ;
#7797 = DIRECTION ( 'NONE',  ( 0.000000000000000000, -1.000000000000000000, 0.000000000000000000 ) ) ;
#7798 = TOROIDAL_SURFACE ( 'NONE', #2574, 0.05000000000000075218, 0.1499999999999999944 ) ;
#7799 = CARTESIAN_POINT ( 'NONE',  ( 3.016417413042201456, 2.170863245782921780, 7.299999999999998934 ) ) ;
#7800 = LINE ( 'NONE', #1170, #7634 ) ;
#7801 = CARTESIAN_POINT ( 'NONE',  ( -3.880824640740575759, 0.09999999999999990841, 4.500000000000000888 ) ) ;
#7802 = CARTESIAN_POINT ( 'NONE',  ( -6.999999999999997335, -2.034757436496875016, -1.000000000000000000 ) ) ;
#7803 = DIRECTION ( 'NONE',  ( -1.000000000000000000, 0.000000000000000000, -0.000000000000000000 ) ) ;
#7804 = VECTOR ( 'NONE', #2020, 1000.000000000000000 ) ;
#7805 = DIRECTION ( 'NONE',  ( 0.000000000000000000, 1.000000000000000000, 4.430117370400858162E-17 ) ) ;
#7807 = EDGE_LOOP ( 'NONE', ( #10201, #8861, #2854, #7630 ) ) ;
#7806 = CARTESIAN_POINT ( 'NONE',  ( 0.8000000000000001554, 3.249999999999998224, 7.249999999999999112 ) ) ;
#7808 = VECTOR ( 'NONE', #5636, 1000.000000000000000 ) ;
#7809 = CARTESIAN_POINT ( 'NONE',  ( 2.500000000000000444, 0.9000000000000005773, 7.549999999999999822 ) ) ;
#7810 = VERTEX_POINT ( 'NONE', #9254 ) ;
#7811 = CARTESIAN_POINT ( 'NONE',  ( 2.100000000000000089, 0.7999999999999983791, 7.299999999999998934 ) ) ;
#7812 = ORIENTED_EDGE ( 'NONE', *, *, #88, .F. ) ;
#7813 = MANIFOLD_SOLID_BREP ( 'Fillet7', #6281 ) ;
#7814 = CARTESIAN_POINT ( 'NONE',  ( 5.750000000000000000, 6.100000000000000533, 6.400000000000000355 ) ) ;
#7815 = DIRECTION ( 'NONE',  ( -1.000000000000000000, 0.000000000000000000, 0.000000000000000000 ) ) ;
#7816 = EDGE_CURVE ( 'NONE', #3354, #4515, #7666, .T. ) ;
#7817 = CIRCLE ( 'NONE', #2583, 0.2000000000000005107 ) ;
#7818 = CARTESIAN_POINT ( 'NONE',  ( 0.000000000000000000, 15.00000000000000000, -2.500000000000000444 ) ) ;
#7819 = ADVANCED_FACE ( 'NONE', ( #4099 ), #445, .T. ) ;
#7820 = CARTESIAN_POINT ( 'NONE',  ( -5.799999999999996270, 0.000000000000000000, 6.700000000000000178 ) ) ;
#7821 = VECTOR ( 'NONE', #6826, 1000.000000000000000 ) ;
#7822 = AXIS2_PLACEMENT_3D ( 'NONE', #7949, #3146, #4772 ) ;
#7823 = CARTESIAN_POINT ( 'NONE',  ( 2.542012759203106320, 0.1000000000000001721, 2.000000000000000000 ) ) ;
#7824 = PLANE ( 'NONE',  #3570 ) ;
#7825 = DIRECTION ( 'NONE',  ( 0.000000000000000000, 0.000000000000000000, -1.000000000000000000 ) ) ;
#7826 = ORIENTED_EDGE ( 'NONE', *, *, #2553, .F. ) ;
#7827 = CIRCLE ( 'NONE', #1000, 0.1499999999999999667 ) ;
#7828 = VERTEX_POINT ( 'NONE', #8632 ) ;
#7829 = VERTEX_POINT ( 'NONE', #4620 ) ;
#7830 = DIRECTION ( 'NONE',  ( -0.6427876096865353661, 0.7660444431189813441, 0.000000000000000000 ) ) ;
#7831 = VECTOR ( 'NONE', #496, 999.9999999999998863 ) ;
#7832 = EDGE_CURVE ( 'NONE', #5921, #3112, #486, .T. ) ;
#7833 = LINE ( 'NONE', #4539, #582 ) ;
#7834 = DIRECTION ( 'NONE',  ( 0.000000000000000000, 1.000000000000000000, 0.000000000000000000 ) ) ;
#7835 = AXIS2_PLACEMENT_3D ( 'NONE', #7334, #8823, #3011 ) ;
#7836 = ADVANCED_FACE ( 'NONE', ( #612 ), #755, .T. ) ;
#7837 = CARTESIAN_POINT ( 'NONE',  ( -4.549999999999997158, 2.400000000000000355, -5.850000000000000533 ) ) ;
#7838 = EDGE_CURVE ( 'NONE', #4828, #6004, #4169, .T. ) ;
#7839 = ORIENTED_EDGE ( 'NONE', *, *, #3290, .T. ) ;
#7840 = LINE ( 'NONE', #836, #4246 ) ;
#7841 = ORIENTED_EDGE ( 'NONE', *, *, #2911, .T. ) ;
#7842 = DIRECTION ( 'NONE',  ( 0.000000000000000000, 1.000000000000000000, 0.000000000000000000 ) ) ;
#7843 = DIRECTION ( 'NONE',  ( -1.000000000000000000, 0.000000000000000000, -0.000000000000000000 ) ) ;
#7844 = EDGE_CURVE ( 'NONE', #4306, #6046, #4121, .T. ) ;
#7845 = EDGE_LOOP ( 'NONE', ( #2344, #5670, #6584, #7641 ) ) ;
#7846 = TOROIDAL_SURFACE ( 'NONE', #4630, 0.05000000000000075218, 0.1499999999999999944 ) ;
#7847 = CYLINDRICAL_SURFACE ( 'NONE', #1899, 0.2999999999999999334 ) ;
#7848 = DIRECTION ( 'NONE',  ( 0.7660444431189813441, -0.6427876096865353661, 0.000000000000000000 ) ) ;
#7849 = DIRECTION ( 'NONE',  ( 0.000000000000000000, 2.017120320903263702E-16, -1.000000000000000000 ) ) ;
#7850 = DIRECTION ( 'NONE',  ( -1.535153518563546084E-16, 1.000000000000000000, 0.000000000000000000 ) ) ;
#7851 = ORIENTED_EDGE ( 'NONE', *, *, #3348, .F. ) ;
#7852 = DIRECTION ( 'NONE',  ( 0.000000000000000000, -1.000000000000000000, 0.000000000000000000 ) ) ;
#7853 = VECTOR ( 'NONE', #7447, 1000.000000000000000 ) ;
#7854 = VERTEX_POINT ( 'NONE', #9406 ) ;
#7855 = ADVANCED_FACE ( 'NONE', ( #633 ), #7731, .T. ) ;
#7856 = ORIENTED_EDGE ( 'NONE', *, *, #9896, .F. ) ;
#7857 = AXIS2_PLACEMENT_3D ( 'NONE', #7491, #8189, #3429 ) ;
#7858 = VERTEX_POINT ( 'NONE', #1242 ) ;
#7859 = CARTESIAN_POINT ( 'NONE',  ( 0.8000000000000001554, 3.249999999999998668, 6.349999999999997868 ) ) ;
#7860 = CARTESIAN_POINT ( 'NONE',  ( 6.172636875200958606, -2.926423563648953063, -1.000000000000000000 ) ) ;
#7861 = DIRECTION ( 'NONE',  ( 0.000000000000000000, 0.000000000000000000, -1.000000000000000000 ) ) ;
#7862 = CIRCLE ( 'NONE', #3321, 1.000000000000000000 ) ;
#7863 = EDGE_CURVE ( 'NONE', #1908, #6760, #648, .T. ) ;
#7864 = DIRECTION ( 'NONE',  ( -0.000000000000000000, 2.017120320903263702E-16, -1.000000000000000000 ) ) ;
#7865 = DIRECTION ( 'NONE',  ( -1.000000000000000000, 0.000000000000000000, 0.000000000000000000 ) ) ;
#7866 = DIRECTION ( 'NONE',  ( 0.000000000000000000, 1.000000000000000000, 0.000000000000000000 ) ) ;
#7867 = DIRECTION ( 'NONE',  ( 0.000000000000000000, -2.460132057943349518E-16, 1.000000000000000000 ) ) ;
#7868 = AXIS2_PLACEMENT_3D ( 'NONE', #4758, #7293, #5642 ) ;
#7870 = ORIENTED_EDGE ( 'NONE', *, *, #4450, .F. ) ;
#7869 = DIRECTION ( 'NONE',  ( -0.5735764363510492680, -0.8191520442889894671, 0.000000000000000000 ) ) ;
#7871 = TOROIDAL_SURFACE ( 'NONE', #8920, 0.4249999999999999334, 0.1499999999999999944 ) ;
#7872 = ORIENTED_EDGE ( 'NONE', *, *, #7832, .T. ) ;
#7873 = CARTESIAN_POINT ( 'NONE',  ( 5.750000000000000000, 5.700000000000000178, 6.700000000000000178 ) ) ;
#7874 = ORIENTED_EDGE ( 'NONE', *, *, #3414, .T. ) ;
#7875 = DIRECTION ( 'NONE',  ( 1.000000000000000000, -0.000000000000000000, 0.000000000000000000 ) ) ;
#7876 = ORIENTED_EDGE ( 'NONE', *, *, #8069, .T. ) ;
#7877 = EDGE_CURVE ( 'NONE', #8495, #2006, #3724, .T. ) ;
#7878 = DIRECTION ( 'NONE',  ( -1.000000000000000000, -0.000000000000000000, -0.000000000000000000 ) ) ;
#7879 = DIRECTION ( 'NONE',  ( 1.535153518563546084E-16, -1.000000000000000000, -0.000000000000000000 ) ) ;
#7880 = LINE ( 'NONE', #2063, #4168 ) ;
#7881 = DIRECTION ( 'NONE',  ( 0.000000000000000000, 0.000000000000000000, 1.000000000000000000 ) ) ;
#7882 = EDGE_CURVE ( 'NONE', #10410, #8107, #7483, .T. ) ;
#7883 = CARTESIAN_POINT ( 'NONE',  ( 0.000000000000000000, 3.100000000000000089, -1.599999999999999867 ) ) ;
#7884 = CARTESIAN_POINT ( 'NONE',  ( -0.05000000000000012768, 0.6999999999999997335, 7.549999999999998046 ) ) ;
#7885 = AXIS2_PLACEMENT_3D ( 'NONE', #1828, #8166, #8980 ) ;
#7886 = CARTESIAN_POINT ( 'NONE',  ( 5.750000000000000000, 5.650000000000001243, -5.250000000000000000 ) ) ;
#7887 = EDGE_LOOP ( 'NONE', ( #4144, #9175, #3144, #950, #4318 ) ) ;
#7888 = CYLINDRICAL_SURFACE ( 'NONE', #2111, 0.4000000000000001887 ) ;
#7889 = EDGE_LOOP ( 'NONE', ( #9174, #3614, #4035, #8952 ) ) ;
#7890 = ORIENTED_EDGE ( 'NONE', *, *, #10382, .T. ) ;
#7891 = DIRECTION ( 'NONE',  ( 0.000000000000000000, 0.000000000000000000, 1.000000000000000000 ) ) ;
#7892 = DIRECTION ( 'NONE',  ( -1.000000000000000000, 0.000000000000000000, 0.000000000000000000 ) ) ;
#7893 = LINE ( 'NONE', #1684, #4503 ) ;
#7894 = EDGE_CURVE ( 'NONE', #4669, #6579, #3919, .T. ) ;
#7895 = ADVANCED_FACE ( 'NONE', ( #7213 ), #4824, .T. ) ;
#7896 = DIRECTION ( 'NONE',  ( -0.000000000000000000, -1.000000000000000000, -0.000000000000000000 ) ) ;
#7897 = EDGE_CURVE ( 'NONE', #6866, #6786, #3834, .T. ) ;
#7898 = DIRECTION ( 'NONE',  ( 0.000000000000000000, 0.000000000000000000, 1.000000000000000000 ) ) ;
#7899 = CARTESIAN_POINT ( 'NONE',  ( -5.049999999999997158, 2.400000000000000355, 4.500000000000000888 ) ) ;
#7900 = AXIS2_PLACEMENT_3D ( 'NONE', #1358, #5268, #7803 ) ;
#7901 = PLANE ( 'NONE',  #2820 ) ;
#7902 = ORIENTED_EDGE ( 'NONE', *, *, #9209, .T. ) ;
#7903 = LINE ( 'NONE', #8507, #4365 ) ;
#7904 = ORIENTED_EDGE ( 'NONE', *, *, #10173, .F. ) ;
#7905 = VERTEX_POINT ( 'NONE', #2041 ) ;
#7906 = CARTESIAN_POINT ( 'NONE',  ( 3.299999999999999822, 0.5000000000000026645, -6.750000000000001776 ) ) ;
#7907 = CARTESIAN_POINT ( 'NONE',  ( -5.750000000000000000, 6.100000000000000533, 6.700000000000000178 ) ) ;
#7908 = VERTEX_POINT ( 'NONE', #2962 ) ;
#7909 = VECTOR ( 'NONE', #313, 1000.000000000000000 ) ;
#7910 = EDGE_CURVE ( 'NONE', #3447, #1582, #7547, .T. ) ;
#7911 = DIRECTION ( 'NONE',  ( -1.327027319204863784E-16, 1.000000000000000000, 0.000000000000000000 ) ) ;
#7912 = EDGE_CURVE ( 'NONE', #1854, #10303, #7384, .T. ) ;
#7913 = ADVANCED_FACE ( 'NONE', ( #186 ), #3862, .F. ) ;
#7914 = CARTESIAN_POINT ( 'NONE',  ( -6.200000000000000178, 3.100000000000000089, 1.599999999999999867 ) ) ;
#7915 = DIRECTION ( 'NONE',  ( 0.000000000000000000, -4.430117370400858162E-17, 1.000000000000000000 ) ) ;
#7916 = DIRECTION ( 'NONE',  ( -1.000000000000000000, -1.341711765540131426E-16, 0.000000000000000000 ) ) ;
#7917 = DIRECTION ( 'NONE',  ( 1.000000000000000000, -1.327027319204863784E-16, 0.000000000000000000 ) ) ;
#7918 = EDGE_CURVE ( 'NONE', #9846, #815, #7424, .T. ) ;
#7919 = ORIENTED_EDGE ( 'NONE', *, *, #5104, .F. ) ;
#7920 = DIRECTION ( 'NONE',  ( 0.000000000000000000, 0.000000000000000000, -1.000000000000000000 ) ) ;
#7921 = ORIENTED_EDGE ( 'NONE', *, *, #6394, .T. ) ;
#7922 = VECTOR ( 'NONE', #1320, 1000.000000000000000 ) ;
#7923 = FILL_AREA_STYLE_COLOUR ( '', #723 ) ;
#7924 = CIRCLE ( 'NONE', #7962, 2.500000000000000444 ) ;
#7925 = VERTEX_POINT ( 'NONE', #5501 ) ;
#7926 = DIRECTION ( 'NONE',  ( 0.000000000000000000, 1.000000000000000000, 0.000000000000000000 ) ) ;
#7927 = DIRECTION ( 'NONE',  ( 0.000000000000000000, 0.000000000000000000, -1.000000000000000000 ) ) ;
#7928 = EDGE_CURVE ( 'NONE', #710, #5655, #132, .T. ) ;
#7929 = CARTESIAN_POINT ( 'NONE',  ( -5.699999999999998401, 0.09999999999999993616, -4.500000000000001776 ) ) ;
#7930 = LINE ( 'NONE', #9130, #4300 ) ;
#7931 = ORIENTED_EDGE ( 'NONE', *, *, #9679, .F. ) ;
#7932 = ADVANCED_FACE ( 'NONE', ( #7509 ), #8929, .F. ) ;
#7933 = CARTESIAN_POINT ( 'NONE',  ( 3.299999999999999822, 0.7999999999999983791, 7.299999999999998934 ) ) ;
#7934 = ORIENTED_EDGE ( 'NONE', *, *, #10230, .T. ) ;
#7935 = AXIS2_PLACEMENT_3D ( 'NONE', #3402, #1603, #9595 ) ;
#7936 = CARTESIAN_POINT ( 'NONE',  ( -5.799999999999997158, 3.100000000000000089, 1.599999999999999867 ) ) ;
#7937 = LINE ( 'NONE', #5226, #8077 ) ;
#7938 = CARTESIAN_POINT ( 'NONE',  ( 0.000000000000000000, 8.099999999999999645, 0.000000000000000000 ) ) ;
#7939 = LINE ( 'NONE', #3102, #4399 ) ;
#7940 = DIRECTION ( 'NONE',  ( -0.000000000000000000, -1.000000000000000000, -1.445602896647339163E-16 ) ) ;
#7941 = DIRECTION ( 'NONE',  ( -0.000000000000000000, 4.430117370400858162E-17, -1.000000000000000000 ) ) ;
#7942 = PLANE ( 'NONE',  #10007 ) ;
#7943 = CARTESIAN_POINT ( 'NONE',  ( 2.500000000000000444, 0.1500000000000024647, -7.200000000000000178 ) ) ;
#7944 = FACE_OUTER_BOUND ( 'NONE', #7235, .T. ) ;
#7945 = ORIENTED_EDGE ( 'NONE', *, *, #3100, .T. ) ;
#7946 = ORIENTED_EDGE ( 'NONE', *, *, #3363, .F. ) ;
#7947 = DIRECTION ( 'NONE',  ( 0.000000000000000000, -1.000000000000000000, 0.000000000000000000 ) ) ;
#7948 = LINE ( 'NONE', #880, #4426 ) ;
#7949 = CARTESIAN_POINT ( 'NONE',  ( -1.699999999999999956, 0.8500000000000000888, -5.850000000000000533 ) ) ;
#7950 = EDGE_CURVE ( 'NONE', #6715, #3093, #3887, .T. ) ;
#7951 = VECTOR ( 'NONE', #6884, 1000.000000000000000 ) ;
#7952 = EDGE_CURVE ( 'NONE', #3354, #9729, #3981, .T. ) ;
#7953 = AXIS2_PLACEMENT_3D ( 'NONE', #7196, #9669, #2312 ) ;
#7954 = CARTESIAN_POINT ( 'NONE',  ( -3.850000000000000089, 1.000000000000000000, -5.850000000000000533 ) ) ;
#7955 = CARTESIAN_POINT ( 'NONE',  ( 5.799999999999996270, 3.100000000000000089, -1.599999999999999867 ) ) ;
#7956 = CARTESIAN_POINT ( 'NONE',  ( -6.199999999999999289, 5.650000000000001243, -5.250000000000000000 ) ) ;
#7957 = EDGE_CURVE ( 'NONE', #1666, #3354, #7525, .T. ) ;
#7958 = DIRECTION ( 'NONE',  ( 0.000000000000000000, -2.017120320903263702E-16, 1.000000000000000000 ) ) ;
#7959 = DIRECTION ( 'NONE',  ( 0.000000000000000000, 0.000000000000000000, -1.000000000000000000 ) ) ;
#7960 = VECTOR ( 'NONE', #3486, 1000.000000000000000 ) ;
#7961 = ORIENTED_EDGE ( 'NONE', *, *, #4415, .T. ) ;
#7962 = AXIS2_PLACEMENT_3D ( 'NONE', #9050, #1607, #4595 ) ;
#7963 = ORIENTED_EDGE ( 'NONE', *, *, #2082, .F. ) ;
#7964 = DIRECTION ( 'NONE',  ( 0.000000000000000000, -4.430117370400858162E-17, 1.000000000000000000 ) ) ;
#7965 = FACE_OUTER_BOUND ( 'NONE', #459, .T. ) ;
#7966 = VECTOR ( 'NONE', #1076, 1000.000000000000000 ) ;
#7967 = VERTEX_POINT ( 'NONE', #8191 ) ;
#7968 = CARTESIAN_POINT ( 'NONE',  ( 5.049999999999997158, 2.128355624055937206E-16, -5.350000000000001421 ) ) ;
#7969 = ADVANCED_FACE ( 'NONE', ( #7466 ), #3546, .T. ) ;
#7970 = EDGE_CURVE ( 'NONE', #9665, #5145, #3852, .T. ) ;
#7971 = CARTESIAN_POINT ( 'NONE',  ( -5.049999999999997158, 0.1000000000000001721, -3.000000000000000000 ) ) ;
#7972 = AXIS2_PLACEMENT_3D ( 'NONE', #9157, #10372, #2924 ) ;
#7973 = DIRECTION ( 'NONE',  ( 0.000000000000000000, 0.000000000000000000, -1.000000000000000000 ) ) ;
#7974 = FACE_OUTER_BOUND ( 'NONE', #2830, .T. ) ;
#7975 = DIRECTION ( 'NONE',  ( 0.000000000000000000, 1.000000000000000000, 0.000000000000000000 ) ) ;
#7976 = CARTESIAN_POINT ( 'NONE',  ( -2.299999999999999822, -2.299999999999999822, 7.549999999999999822 ) ) ;
#7977 = EDGE_CURVE ( 'NONE', #310, #9752, #417, .T. ) ;
#7978 = DIRECTION ( 'NONE',  ( 0.000000000000000000, 0.000000000000000000, 1.000000000000000000 ) ) ;
#7979 = CARTESIAN_POINT ( 'NONE',  ( -3.850000000000000089, 4.986986664055304885, 5.850000000000000533 ) ) ;
#7980 = LINE ( 'NONE', #3449, #729 ) ;
#7981 = ORIENTED_EDGE ( 'NONE', *, *, #4312, .F. ) ;
#7982 = CARTESIAN_POINT ( 'NONE',  ( 2.900000000000000355, 0.7999999999999983791, 7.299999999999998934 ) ) ;
#7983 = EDGE_LOOP ( 'NONE', ( #3242, #9212, #3260, #9908, #7532, #4660, #5060, #1755 ) ) ;
#7984 = AXIS2_PLACEMENT_3D ( 'NONE', #5765, #7342, #4108 ) ;
#7985 = ORIENTED_EDGE ( 'NONE', *, *, #5009, .F. ) ;
#7986 = CARTESIAN_POINT ( 'NONE',  ( -2.499999999999999556, 0.3000000000000024314, -7.050000000000001599 ) ) ;
#7987 = LINE ( 'NONE', #8607, #8210 ) ;
#7988 = DIRECTION ( 'NONE',  ( -0.000000000000000000, -0.000000000000000000, 1.000000000000000000 ) ) ;
#7989 = CARTESIAN_POINT ( 'NONE',  ( -2.500000000000000000, -2.299999999999998046, -7.200000000000001066 ) ) ;
#7990 = CARTESIAN_POINT ( 'NONE',  ( 4.549999999999997158, 2.400000000000000355, -5.850000000000000533 ) ) ;
#7991 = ADVANCED_FACE ( 'NONE', ( #336 ), #7365, .F. ) ;
#7992 = FACE_OUTER_BOUND ( 'NONE', #172, .T. ) ;
#7993 = EDGE_CURVE ( 'NONE', #3675, #9846, #3781, .T. ) ;
#7994 = FACE_OUTER_BOUND ( 'NONE', #10244, .T. ) ;
#7995 = ORIENTED_EDGE ( 'NONE', *, *, #1015, .T. ) ;
#7996 = EDGE_CURVE ( 'NONE', #3101, #8842, #7401, .T. ) ;
#7997 = CARTESIAN_POINT ( 'NONE',  ( 5.049999999999997158, 2.128355624055937206E-16, -5.350000000000001421 ) ) ;
#7998 = VERTEX_POINT ( 'NONE', #7636 ) ;
#7999 = CARTESIAN_POINT ( 'NONE',  ( 2.550000000000001155, 0.7000000000000000666, 7.549999999999998046 ) ) ;
#8000 = ORIENTED_EDGE ( 'NONE', *, *, #2064, .T. ) ;
#8001 = CARTESIAN_POINT ( 'NONE',  ( 5.699999999999998401, 0.6000000000000007550, -4.500000000000001776 ) ) ;
#8002 =( NAMED_UNIT ( * ) PLANE_ANGLE_UNIT ( ) SI_UNIT ( $, .RADIAN. ) );
#8003 = LINE ( 'NONE', #1800, #7909 ) ;
#8004 =( GEOMETRIC_REPRESENTATION_CONTEXT ( 3 ) GLOBAL_UNCERTAINTY_ASSIGNED_CONTEXT ( ( #1243 ) ) GLOBAL_UNIT_ASSIGNED_CONTEXT ( ( #6202, #529, #2940 ) ) REPRESENTATION_CONTEXT ( 'NONE', 'WORKASPACE' ) );
#8005 = CARTESIAN_POINT ( 'NONE',  ( 2.500000000000000444, 0.3000000000000024314, -7.050000000000001599 ) ) ;
#8006 = DIRECTION ( 'NONE',  ( 0.000000000000000000, 0.000000000000000000, 1.000000000000000000 ) ) ;
#8007 = CARTESIAN_POINT ( 'NONE',  ( -4.250000000000000000, 6.700000000000000178, -5.674999999999999822 ) ) ;
#8008 = CIRCLE ( 'NONE', #5030, 0.5000000000000000000 ) ;
#8009 = PLANE ( 'NONE',  #8945 ) ;
#8010 = EDGE_CURVE ( 'NONE', #10510, #1396, #3933, .T. ) ;
#8011 = LINE ( 'NONE', #4819, #7808 ) ;
#8012 = ORIENTED_EDGE ( 'NONE', *, *, #10416, .F. ) ;
#8013 = ORIENTED_EDGE ( 'NONE', *, *, #7044, .F. ) ;
#8014 = CARTESIAN_POINT ( 'NONE',  ( -2.500000000000000000, -2.299999999999999822, 7.699999999999997513 ) ) ;
#8015 = EDGE_CURVE ( 'NONE', #535, #872, #7310, .T. ) ;
#8016 = CIRCLE ( 'NONE', #937, 0.1499999999999999667 ) ;
#8017 = DIRECTION ( 'NONE',  ( 0.000000000000000000, 0.000000000000000000, -1.000000000000000000 ) ) ;
#8018 = EDGE_LOOP ( 'NONE', ( #3232, #2642, #4304, #6882, #4008 ) ) ;
#8019 = AXIS2_PLACEMENT_3D ( 'NONE', #9922, #5126, #8357 ) ;
#8020 = DIRECTION ( 'NONE',  ( 0.000000000000000000, -2.409338161078895729E-16, -1.000000000000000000 ) ) ;
#8021 = CARTESIAN_POINT ( 'NONE',  ( 2.500000000000000444, 0.1000000000000017125, -7.200000000000000178 ) ) ;
#8022 = DIRECTION ( 'NONE',  ( -0.000000000000000000, 4.430117370400858162E-17, -1.000000000000000000 ) ) ;
#8023 = CARTESIAN_POINT ( 'NONE',  ( 3.299999999999999822, 0.8000000000000001554, -6.750000000000001776 ) ) ;
#8024 = VECTOR ( 'NONE', #7592, 1000.000000000000000 ) ;
#8025 = ADVANCED_FACE ( 'NONE', ( #7451 ), #1855, .F. ) ;
#8026 = DIRECTION ( 'NONE',  ( 0.000000000000000000, -0.000000000000000000, -1.000000000000000000 ) ) ;
#8027 = ORIENTED_EDGE ( 'NONE', *, *, #7495, .T. ) ;
#8028 = ORIENTED_EDGE ( 'NONE', *, *, #7167, .T. ) ;
#8029 = DIRECTION ( 'NONE',  ( -0.000000000000000000, -0.000000000000000000, 1.000000000000000000 ) ) ;
#8030 = CARTESIAN_POINT ( 'NONE',  ( 0.8000000000000001554, 2.949999999999998401, 7.549999999999999822 ) ) ;
#8031 = VECTOR ( 'NONE', #7476, 1000.000000000000000 ) ;
#8032 = EDGE_CURVE ( 'NONE', #537, #10538, #3903, .T. ) ;
#8033 = EDGE_CURVE ( 'NONE', #5809, #4283, #7494, .T. ) ;
#8034 = AXIS2_PLACEMENT_3D ( 'NONE', #284, #217, #342 ) ;
#8035 = CARTESIAN_POINT ( 'NONE',  ( 3.299999999999999822, 2.949999999999998845, 7.249999999999999112 ) ) ;
#8036 = VECTOR ( 'NONE', #2118, 1000.000000000000000 ) ;
#8037 = CARTESIAN_POINT ( 'NONE',  ( -5.943206300660539121, -2.598762745933357543, 1.000000000000000000 ) ) ;
#8038 = DIRECTION ( 'NONE',  ( -1.000000000000000000, -0.000000000000000000, -0.000000000000000000 ) ) ;
#8039 = DIRECTION ( 'NONE',  ( 0.000000000000000000, -1.000000000000000000, -2.460132057943349518E-16 ) ) ;
#8040 = CARTESIAN_POINT ( 'NONE',  ( 5.799999999999996270, 0.5000000000000002220, 4.500000000000000888 ) ) ;
#8041 = FACE_OUTER_BOUND ( 'NONE', #749, .T. ) ;
#8042 = ORIENTED_EDGE ( 'NONE', *, *, #2258, .F. ) ;
#8043 = ORIENTED_EDGE ( 'NONE', *, *, #1675, .F. ) ;
#8044 = LINE ( 'NONE', #1348, #1246 ) ;
#8045 = VERTEX_POINT ( 'NONE', #4266 ) ;
#8046 = DIRECTION ( 'NONE',  ( 1.000000000000000000, 0.000000000000000000, -0.000000000000000000 ) ) ;
#8047 = DIRECTION ( 'NONE',  ( 0.000000000000000000, 0.000000000000000000, -1.000000000000000000 ) ) ;
#8048 = CARTESIAN_POINT ( 'NONE',  ( 0.000000000000000000, 2.100000000000000089, -1.599999999999999867 ) ) ;
#8049 = CARTESIAN_POINT ( 'NONE',  ( 5.450000000000000178, 5.700000000000000178, 6.700000000000000178 ) ) ;
#8050 = EDGE_CURVE ( 'NONE', #3000, #9599, #399, .T. ) ;
#8051 = ADVANCED_FACE ( 'NONE', ( #3801 ), #9884, .T. ) ;
#8052 = EDGE_CURVE ( 'NONE', #8773, #535, #168, .T. ) ;
#8053 = AXIS2_PLACEMENT_3D ( 'NONE', #4431, #983, #4309 ) ;
#8054 = CIRCLE ( 'NONE', #8997, 0.1499999999999999667 ) ;
#8055 = EDGE_CURVE ( 'NONE', #10157, #9048, #3998, .T. ) ;
#8056 = DIRECTION ( 'NONE',  ( 0.000000000000000000, 0.000000000000000000, -1.000000000000000000 ) ) ;
#8057 = FACE_OUTER_BOUND ( 'NONE', #4071, .T. ) ;
#8058 = ORIENTED_EDGE ( 'NONE', *, *, #2343, .F. ) ;
#8059 = VERTEX_POINT ( 'NONE', #8448 ) ;
#8060 = DIRECTION ( 'NONE',  ( 0.000000000000000000, 0.000000000000000000, -1.000000000000000000 ) ) ;
#8061 = LINE ( 'NONE', #1624, #4590 ) ;
#8062 = CARTESIAN_POINT ( 'NONE',  ( 0.000000000000000000, 0.09999999999999971412, -4.500000000000000888 ) ) ;
#8063 = CARTESIAN_POINT ( 'NONE',  ( 3.880824640740575759, 0.4999999999999998890, -4.499999999999997335 ) ) ;
#8064 = DIRECTION ( 'NONE',  ( 0.3420201433256695456, 0.9396926207859082059, 4.162948602181157199E-17 ) ) ;
#8065 = EDGE_CURVE ( 'NONE', #6760, #10355, #3671, .T. ) ;
#8066 = DIRECTION ( 'NONE',  ( -1.807003620809174139E-16, 1.000000000000000000, -1.153875183674998759E-16 ) ) ;
#8067 = ADVANCED_FACE ( 'NONE', ( #7230 ), #3881, .T. ) ;
#8068 = VECTOR ( 'NONE', #7299, 1000.000000000000000 ) ;
#8069 = EDGE_CURVE ( 'NONE', #7998, #10599, #3687, .T. ) ;
#8070 = DIRECTION ( 'NONE',  ( 0.9396926207859082059, 0.3420201433256695456, 8.414147190578587988E-17 ) ) ;
#8071 = CARTESIAN_POINT ( 'NONE',  ( 3.299999999999999822, 0.8000000000000001554, -6.800000000000001599 ) ) ;
#8072 = LINE ( 'NONE', #7308, #8369 ) ;
#8073 = ORIENTED_EDGE ( 'NONE', *, *, #2517, .F. ) ;
#8074 = EDGE_LOOP ( 'NONE', ( #1207, #8313, #9383, #2319 ) ) ;
#8075 = AXIS2_PLACEMENT_3D ( 'NONE', #2785, #10242, #1815 ) ;
#8076 = AXIS2_PLACEMENT_3D ( 'NONE', #7886, #7121, #9342 ) ;
#8077 = VECTOR ( 'NONE', #3731, 1000.000000000000000 ) ;
#8078 = CARTESIAN_POINT ( 'NONE',  ( 3.880824640740575759, 0.4999999999999998890, 4.500000000000000888 ) ) ;
#8079 = EDGE_CURVE ( 'NONE', #6715, #4837, #7330, .T. ) ;
#8080 = CARTESIAN_POINT ( 'NONE',  ( -0.7999999999999999334, 2.999999999999998224, 6.349999999999997868 ) ) ;
#8081 = AXIS2_PLACEMENT_3D ( 'NONE', #4220, #5662, #10561 ) ;
#8082 = DIRECTION ( 'NONE',  ( 0.000000000000000000, 0.000000000000000000, 1.000000000000000000 ) ) ;
#8083 = DIRECTION ( 'NONE',  ( 0.000000000000000000, 0.000000000000000000, 1.000000000000000000 ) ) ;
#8084 = VECTOR ( 'NONE', #8173, 1000.000000000000000 ) ;
#8085 = CARTESIAN_POINT ( 'NONE',  ( -6.399999999999998579, -2.034757436496875016, -1.000000000000000000 ) ) ;
#8086 = VECTOR ( 'NONE', #10444, 1000.000000000000000 ) ;
#8087 = VERTEX_POINT ( 'NONE', #4579 ) ;
#8088 = VERTEX_POINT ( 'NONE', #3076 ) ;
#8089 = CARTESIAN_POINT ( 'NONE',  ( 5.799999999999996270, 1.000000000000000000, -4.999999999999997335 ) ) ;
#8090 = CARTESIAN_POINT ( 'NONE',  ( 0.000000000000000000, 2.100000000000000089, 1.599999999999999867 ) ) ;
#8091 = CARTESIAN_POINT ( 'NONE',  ( 3.299999999999999822, 0.8000000000000001554, -7.050000000000001599 ) ) ;
#8092 = EDGE_CURVE ( 'NONE', #3874, #9846, #3704, .T. ) ;
#8093 = ORIENTED_EDGE ( 'NONE', *, *, #8344, .T. ) ;
#8094 = EDGE_CURVE ( 'NONE', #2025, #5528, #7263, .T. ) ;
#8095 = DIRECTION ( 'NONE',  ( -1.000000000000000000, -0.000000000000000000, 0.000000000000000000 ) ) ;
#8096 = CARTESIAN_POINT ( 'NONE',  ( -1.699999999999999956, 3.249999999999998224, 7.249999999999999112 ) ) ;
#8097 = CARTESIAN_POINT ( 'NONE',  ( -4.549999999999997158, 1.000000000000000000, -5.850000000000000533 ) ) ;
#8098 = AXIS2_PLACEMENT_3D ( 'NONE', #4684, #8705, #8558 ) ;
#8099 = CARTESIAN_POINT ( 'NONE',  ( 3.850000000000000089, 1.000000000000000000, 5.850000000000000533 ) ) ;
#8100 = VECTOR ( 'NONE', #362, 1000.000000000000000 ) ;
#8101 = ADVANCED_FACE ( 'NONE', ( #245 ), #7369, .F. ) ;
#8102 = DIRECTION ( 'NONE',  ( 1.327027319204863784E-16, 1.000000000000000000, 0.000000000000000000 ) ) ;
#8103 = DIRECTION ( 'NONE',  ( 0.000000000000000000, 1.000000000000000000, 0.000000000000000000 ) ) ;
#8104 = FACE_OUTER_BOUND ( 'NONE', #794, .T. ) ;
#8105 = ORIENTED_EDGE ( 'NONE', *, *, #3770, .F. ) ;
#8106 = DIRECTION ( 'NONE',  ( 1.000000000000000000, -1.341711765540131426E-16, 0.000000000000000000 ) ) ;
#8107 = VERTEX_POINT ( 'NONE', #10425 ) ;
#8108 = SURFACE_STYLE_USAGE ( .BOTH. , #4809 ) ;
#8109 = VERTEX_POINT ( 'NONE', #4458 ) ;
#8110 = DIRECTION ( 'NONE',  ( 0.000000000000000000, 0.000000000000000000, 1.000000000000000000 ) ) ;
#8111 = DIRECTION ( 'NONE',  ( 0.000000000000000000, 4.430117370400858162E-17, -1.000000000000000000 ) ) ;
#8112 = EDGE_CURVE ( 'NONE', #10243, #8848, #307, .T. ) ;
#8113 = DIRECTION ( 'NONE',  ( 0.000000000000000000, 1.000000000000000000, 4.430117370400858162E-17 ) ) ;
#8114 = DIRECTION ( 'NONE',  ( 0.000000000000000000, -1.000000000000000000, 1.445602896647339163E-16 ) ) ;
#8115 = CARTESIAN_POINT ( 'NONE',  ( 3.396418141452980599, 2.685093333532154070, 7.299999999999998934 ) ) ;
#8116 = EDGE_CURVE ( 'NONE', #10572, #8485, #7436, .T. ) ;
#8117 = CARTESIAN_POINT ( 'NONE',  ( 4.250000000000000000, 6.700000000000000178, 5.099999999999999645 ) ) ;
#8118 = LINE ( 'NONE', #9334, #1032 ) ;
#8119 = STYLED_ITEM ( 'NONE', ( #7578 ), #5064 ) ;
#8120 = DIRECTION ( 'NONE',  ( 1.000000000000000000, 0.000000000000000000, 0.000000000000000000 ) ) ;
#8121 = FACE_OUTER_BOUND ( 'NONE', #9407, .T. ) ;
#8122 = ORIENTED_EDGE ( 'NONE', *, *, #5022, .F. ) ;
#8123 = ORIENTED_EDGE ( 'NONE', *, *, #7184, .T. ) ;
#8124 =( NAMED_UNIT ( * ) PLANE_ANGLE_UNIT ( ) SI_UNIT ( $, .RADIAN. ) );
#8125 = CARTESIAN_POINT ( 'NONE',  ( -3.880824640740575759, 0.09999999999999990841, 3.000000000000000000 ) ) ;
#8126 = CARTESIAN_POINT ( 'NONE',  ( 3.299999999999999822, 0.5000000000000027756, -7.050000000000001599 ) ) ;
#8127 = CARTESIAN_POINT ( 'NONE',  ( -1.700000000000000178, 2.650000000000000799, 7.299999999999998934 ) ) ;
#8128 = ORIENTED_EDGE ( 'NONE', *, *, #239, .F. ) ;
#8129 = DIRECTION ( 'NONE',  ( 0.000000000000000000, 1.000000000000000000, 2.017120320903263702E-16 ) ) ;
#8130 = ADVANCED_FACE ( 'NONE', ( #2599 ), #569, .T. ) ;
#8131 = EDGE_CURVE ( 'NONE', #5495, #10010, #2769, .T. ) ;
#8132 = CARTESIAN_POINT ( 'NONE',  ( 0.000000000000000000, 3.100000000000000089, -4.500000000000000888 ) ) ;
#8133 = EDGE_CURVE ( 'NONE', #4302, #2693, #442, .T. ) ;
#8134 = LINE ( 'NONE', #6806, #8165 ) ;
#8135 = DIRECTION ( 'NONE',  ( 1.000000000000000000, 0.000000000000000000, 0.000000000000000000 ) ) ;
#8136 = CARTESIAN_POINT ( 'NONE',  ( -5.049999999999997158, 2.400000000000000355, -3.000000000000000000 ) ) ;
#8137 = LINE ( 'NONE', #5110, #8086 ) ;
#8138 = ORIENTED_EDGE ( 'NONE', *, *, #5022, .T. ) ;
#8139 = AXIS2_PLACEMENT_3D ( 'NONE', #481, #10343, #2814 ) ;
#8140 = ORIENTED_EDGE ( 'NONE', *, *, #3764, .F. ) ;
#8141 = CIRCLE ( 'NONE', #7261, 0.1499999999999999667 ) ;
#8142 = CARTESIAN_POINT ( 'NONE',  ( 4.250000000000000000, 6.700000000000000178, 4.525000000000001243 ) ) ;
#8143 = VERTEX_POINT ( 'NONE', #3735 ) ;
#8144 = DIRECTION ( 'NONE',  ( -1.535153518563546084E-16, 1.000000000000000000, 0.000000000000000000 ) ) ;
#8145 = EDGE_LOOP ( 'NONE', ( #5586, #1923, #2047, #5373 ) ) ;
#8146 = PLANE ( 'NONE',  #7500 ) ;
#8147 = ADVANCED_FACE ( 'NONE', ( #7699 ), #751, .T. ) ;
#8148 = CONICAL_SURFACE ( 'NONE', #8736, 2.500000000000000444, 0.7853981633974460586 ) ;
#8149 = EDGE_CURVE ( 'NONE', #3969, #10433, #7880, .T. ) ;
#8150 = CARTESIAN_POINT ( 'NONE',  ( 2.500000000000000000, -2.299999999999998046, -7.200000000000001066 ) ) ;
#8151 = CARTESIAN_POINT ( 'NONE',  ( -5.699999999999998401, 0.6000000000000007550, -4.500000000000001776 ) ) ;
#8152 = LINE ( 'NONE', #128, #4744 ) ;
#8153 = ORIENTED_EDGE ( 'NONE', *, *, #4263, .F. ) ;
#8154 = CARTESIAN_POINT ( 'NONE',  ( 5.799999999999998934, 5.650000000000001243, -5.250000000000000000 ) ) ;
#8155 = CARTESIAN_POINT ( 'NONE',  ( -5.124054256371548099, -3.172339182284404924, 0.000000000000000000 ) ) ;
#8156 = ORIENTED_EDGE ( 'NONE', *, *, #10075, .T. ) ;
#8157 = ORIENTED_EDGE ( 'NONE', *, *, #10570, .T. ) ;
#8158 = DIRECTION ( 'NONE',  ( 0.000000000000000000, 0.000000000000000000, -1.000000000000000000 ) ) ;
#8159 = CARTESIAN_POINT ( 'NONE',  ( 3.299999999999999822, 2.999999999999998224, 7.249999999999999112 ) ) ;
#8160 = ORIENTED_EDGE ( 'NONE', *, *, #607, .F. ) ;
#8161 = CARTESIAN_POINT ( 'NONE',  ( -1.699999999999999956, 2.999999999999998224, 7.249999999999999112 ) ) ;
#8162 = CARTESIAN_POINT ( 'NONE',  ( -6.399999999999998579, -2.034757436496875016, 1.000000000000000000 ) ) ;
#8163 = DIRECTION ( 'NONE',  ( -1.000000000000000000, 0.000000000000000000, 0.000000000000000000 ) ) ;
#8164 = CARTESIAN_POINT ( 'NONE',  ( 6.199999999999999289, 5.650000000000001243, 5.250000000000000000 ) ) ;
#8165 = VECTOR ( 'NONE', #6943, 1000.000000000000000 ) ;
#8166 = DIRECTION ( 'NONE',  ( 0.5735764363510473807, -0.8191520442889911324, -0.000000000000000000 ) ) ;
#8167 = CARTESIAN_POINT ( 'NONE',  ( 4.336808689942017736E-16, 0.6999999999999997335, 7.699999999999997513 ) ) ;
#8168 = VECTOR ( 'NONE', #7654, 1000.000000000000000 ) ;
#8169 = EDGE_LOOP ( 'NONE', ( #6889, #2007, #6571, #327, #9703, #8583, #4112 ) ) ;
#8170 = AXIS2_PLACEMENT_3D ( 'NONE', #6669, #4301, #8224 ) ;
#8171 = EDGE_CURVE ( 'NONE', #551, #1736, #7712, .T. ) ;
#8172 = CIRCLE ( 'NONE', #7857, 0.5999999999999989786 ) ;
#8173 = DIRECTION ( 'NONE',  ( -0.000000000000000000, -1.000000000000000000, -0.000000000000000000 ) ) ;
#8174 = ORIENTED_EDGE ( 'NONE', *, *, #2278, .T. ) ;
#8175 = EDGE_CURVE ( 'NONE', #10510, #7177, #501, .T. ) ;
#8176 = AXIS2_PLACEMENT_3D ( 'NONE', #4881, #5696, #5775 ) ;
#8177 = CARTESIAN_POINT ( 'NONE',  ( 5.450000000000000178, 6.100000000000000533, -6.700000000000000178 ) ) ;
#8178 = DIRECTION ( 'NONE',  ( -0.000000000000000000, -0.000000000000000000, -1.000000000000000000 ) ) ;
#8179 = CARTESIAN_POINT ( 'NONE',  ( 0.000000000000000000, 0.09999999999999971412, -3.000000000000000444 ) ) ;
#8180 = EDGE_CURVE ( 'NONE', #1619, #5831, #7632, .T. ) ;
#8181 = ORIENTED_EDGE ( 'NONE', *, *, #7437, .T. ) ;
#8182 = EDGE_CURVE ( 'NONE', #6431, #1559, #591, .T. ) ;
#8183 = FACE_OUTER_BOUND ( 'NONE', #10300, .T. ) ;
#8184 = ADVANCED_FACE ( 'NONE', ( #4340 ), #7798, .T. ) ;
#8185 = FACE_OUTER_BOUND ( 'NONE', #262, .T. ) ;
#8186 = ORIENTED_EDGE ( 'NONE', *, *, #4609, .F. ) ;
#8187 = DIRECTION ( 'NONE',  ( 0.000000000000000000, -1.000000000000000000, 2.409338161078895729E-16 ) ) ;
#8188 = FACE_OUTER_BOUND ( 'NONE', #5365, .T. ) ;
#8189 = DIRECTION ( 'NONE',  ( 0.000000000000000000, 0.000000000000000000, 1.000000000000000000 ) ) ;
#8190 = ORIENTED_EDGE ( 'NONE', *, *, #977, .F. ) ;
#8191 = CARTESIAN_POINT ( 'NONE',  ( 5.049999999999998046, 2.400000000000000355, -5.350000000000001421 ) ) ;
#8192 = EDGE_CURVE ( 'NONE', #3330, #9589, #4305, .T. ) ;
#8193 = LINE ( 'NONE', #7585, #7966 ) ;
#8194 = ORIENTED_EDGE ( 'NONE', *, *, #5762, .T. ) ;
#8195 = DIRECTION ( 'NONE',  ( 0.000000000000000000, 1.000000000000000000, 0.000000000000000000 ) ) ;
#8196 = PRESENTATION_LAYER_ASSIGNMENT (  '', '', ( #5097 ) ) ;
#8197 = AXIS2_PLACEMENT_3D ( 'NONE', #3538, #10272, #287 ) ;
#8198 = CIRCLE ( 'NONE', #6221, 0.4250000000000000444 ) ;
#8199 = CARTESIAN_POINT ( 'NONE',  ( 5.049999999999997158, 0.1000000000000001721, 2.000000000000000000 ) ) ;
#8200 = EDGE_CURVE ( 'NONE', #1147, #6099, #610, .T. ) ;
#8201 = CARTESIAN_POINT ( 'NONE',  ( -5.049999999999997158, 0.000000000000000000, -4.500000000000000000 ) ) ;
#8202 = LINE ( 'NONE', #3013, #4760 ) ;
#8203 = ORIENTED_EDGE ( 'NONE', *, *, #2742, .F. ) ;
#8204 = VERTEX_POINT ( 'NONE', #4971 ) ;
#8205 = AXIS2_PLACEMENT_3D ( 'NONE', #10476, #617, #7227 ) ;
#8206 = CIRCLE ( 'NONE', #7372, 0.4250000000000000444 ) ;
#8207 = PLANE ( 'NONE',  #1460 ) ;
#8208 = ADVANCED_FACE ( 'NONE', ( #631 ), #7846, .T. ) ;
#8209 = DIRECTION ( 'NONE',  ( 0.000000000000000000, 1.000000000000000000, 0.000000000000000000 ) ) ;
#8210 = VECTOR ( 'NONE', #9453, 1000.000000000000000 ) ;
#8211 = CARTESIAN_POINT ( 'NONE',  ( 5.450000000000000178, 5.700000000000000178, -6.700000000000000178 ) ) ;
#8212 = VERTEX_POINT ( 'NONE', #1652 ) ;
#8213 = DIRECTION ( 'NONE',  ( 0.000000000000000000, -1.000000000000000000, 0.000000000000000000 ) ) ;
#8214 = PLANE ( 'NONE',  #3668 ) ;
#8215 = LINE ( 'NONE', #7571, #8068 ) ;
#8216 = DIRECTION ( 'NONE',  ( 0.000000000000000000, 0.000000000000000000, 1.000000000000000000 ) ) ;
#8217 = DIRECTION ( 'NONE',  ( -1.000000000000000000, 0.000000000000000000, 0.000000000000000000 ) ) ;
#8218 = LINE ( 'NONE', #5658, #4706 ) ;
#8219 = ORIENTED_EDGE ( 'NONE', *, *, #5219, .F. ) ;
#8220 = EDGE_CURVE ( 'NONE', #3186, #3282, #7574, .T. ) ;
#8221 = ORIENTED_EDGE ( 'NONE', *, *, #10525, .T. ) ;
#8222 = CARTESIAN_POINT ( 'NONE',  ( 5.353484830911968473, -3.500000000000000444, 0.000000000000000000 ) ) ;
#8223 = DIRECTION ( 'NONE',  ( 0.000000000000000000, 0.000000000000000000, -1.000000000000000000 ) ) ;
#8224 = DIRECTION ( 'NONE',  ( 0.000000000000000000, -0.000000000000000000, 1.000000000000000000 ) ) ;
#8225 = DIRECTION ( 'NONE',  ( 1.000000000000000000, 0.000000000000000000, -0.000000000000000000 ) ) ;
#8226 = AXIS2_PLACEMENT_3D ( 'NONE', #9455, #4803, #9684 ) ;
#8227 = ORIENTED_EDGE ( 'NONE', *, *, #4296, .F. ) ;
#8228 = FACE_OUTER_BOUND ( 'NONE', #3539, .T. ) ;
#8229 = CARTESIAN_POINT ( 'NONE',  ( 0.000000000000000000, -2.299999999999999822, 7.549999999999998046 ) ) ;
#8230 = CARTESIAN_POINT ( 'NONE',  ( -2.900000000000000355, -3.099999999999996980, -7.050000000000002487 ) ) ;
#8231 = ADVANCED_FACE ( 'NONE', ( #465 ), #9090, .F. ) ;
#8232 = CIRCLE ( 'NONE', #7656, 0.2000000000000000944 ) ;
#8233 = CARTESIAN_POINT ( 'NONE',  ( 5.499999999999996447, 5.500000000000000888, -6.700000000000000178 ) ) ;
#8234 = EDGE_CURVE ( 'NONE', #3409, #3447, #7729, .T. ) ;
#8235 = PLANE ( 'NONE',  #5914 ) ;
#8236 = VECTOR ( 'NONE', #2763, 1000.000000000000000 ) ;
#8237 = ORIENTED_EDGE ( 'NONE', *, *, #5751, .T. ) ;
#8238 = VERTEX_POINT ( 'NONE', #4844 ) ;
#8239 = DIRECTION ( 'NONE',  ( 0.7660444431189813441, 0.6427876096865353661, 0.000000000000000000 ) ) ;
#8240 = CARTESIAN_POINT ( 'NONE',  ( -6.514715287270208322, -2.198587845354674108, 1.000000000000000000 ) ) ;
#8241 = ORIENTED_EDGE ( 'NONE', *, *, #5969, .F. ) ;
#8242 = VERTEX_POINT ( 'NONE', #3452 ) ;
#8243 = PLANE ( 'NONE',  #9498 ) ;
#8244 = CARTESIAN_POINT ( 'NONE',  ( 2.500000000000000000, -2.299999999999998046, -7.050000000000002487 ) ) ;
#8245 = CARTESIAN_POINT ( 'NONE',  ( -3.850000000000000089, 4.986986664055304885, -6.700000000000000178 ) ) ;
#8246 = AXIS2_PLACEMENT_3D ( 'NONE', #9976, #164, #3994 ) ;
#8247 = DIRECTION ( 'NONE',  ( -0.000000000000000000, 2.409338161078894743E-16, 1.000000000000000000 ) ) ;
#8248 = VECTOR ( 'NONE', #5113, 1000.000000000000114 ) ;
#8249 = ORIENTED_EDGE ( 'NONE', *, *, #5439, .T. ) ;
#8250 = CARTESIAN_POINT ( 'NONE',  ( 5.799999999999996270, 0.5000000000000002220, 4.500000000000000888 ) ) ;
#8251 = DIRECTION ( 'NONE',  ( -1.000000000000000000, -0.000000000000000000, 0.000000000000000000 ) ) ;
#8252 = VECTOR ( 'NONE', #9016, 1000.000000000000000 ) ;
#8253 = VERTEX_POINT ( 'NONE', #3228 ) ;
#8254 = ORIENTED_EDGE ( 'NONE', *, *, #300, .F. ) ;
#8255 = EDGE_CURVE ( 'NONE', #4389, #538, #800, .T. ) ;
#8256 = DIRECTION ( 'NONE',  ( 0.5735764363510463815, 0.8191520442889915765, 0.000000000000000000 ) ) ;
#8257 = CARTESIAN_POINT ( 'NONE',  ( -3.880824640740575759, 0.09999999999999990841, 2.599999999999997424 ) ) ;
#8258 = ORIENTED_EDGE ( 'NONE', *, *, #8255, .F. ) ;
#8259 = CARTESIAN_POINT ( 'NONE',  ( 4.250000000000000000, 6.550000000000000711, 5.099999999999999645 ) ) ;
#8260 = ORIENTED_EDGE ( 'NONE', *, *, #464, .T. ) ;
#8261 = EDGE_CURVE ( 'NONE', #5298, #9029, #7862, .T. ) ;
#8262 = ORIENTED_EDGE ( 'NONE', *, *, #3879, .F. ) ;
#8263 = DIRECTION ( 'NONE',  ( 1.000000000000000000, 0.000000000000000000, -0.000000000000000000 ) ) ;
#8264 = CYLINDRICAL_SURFACE ( 'NONE', #7972, 0.5749999999999999556 ) ;
#8265 = AXIS2_PLACEMENT_3D ( 'NONE', #10610, #3135, #6229 ) ;
#8266 = VERTEX_POINT ( 'NONE', #6577 ) ;
#8267 = DIRECTION ( 'NONE',  ( -1.000000000000000000, -0.000000000000000000, 0.000000000000000000 ) ) ;
#8268 = CARTESIAN_POINT ( 'NONE',  ( 5.049999999999997158, 2.400000000000000355, 4.500000000000000888 ) ) ;
#8269 = LINE ( 'NONE', #866, #1176 ) ;
#8270 = CARTESIAN_POINT ( 'NONE',  ( -2.499999999999999556, 0.1000000000000016848, -7.049999999999999822 ) ) ;
#8271 = VECTOR ( 'NONE', #893, 1000.000000000000000 ) ;
#8272 = ORIENTED_EDGE ( 'NONE', *, *, #6854, .F. ) ;
#8273 = VERTEX_POINT ( 'NONE', #3302 ) ;
#8274 = VECTOR ( 'NONE', #10271, 1000.000000000000000 ) ;
#8275 = CARTESIAN_POINT ( 'NONE',  ( -3.880824640740575759, 0.4999999999999995559, -4.499999999999997335 ) ) ;
#8276 = VERTEX_POINT ( 'NONE', #4082 ) ;
#8277 = ORIENTED_EDGE ( 'NONE', *, *, #2579, .F. ) ;
#8278 = EDGE_CURVE ( 'NONE', #8242, #6169, #578, .T. ) ;
#8279 = VECTOR ( 'NONE', #7272, 1000.000000000000000 ) ;
#8280 = CARTESIAN_POINT ( 'NONE',  ( 0.8000000000000001554, 2.949999999999998845, 7.249999999999999112 ) ) ;
#8281 = DIRECTION ( 'NONE',  ( 0.000000000000000000, 0.000000000000000000, -1.000000000000000000 ) ) ;
#8282 = DIRECTION ( 'NONE',  ( 0.000000000000000000, -0.000000000000000000, 1.000000000000000000 ) ) ;
#8283 = AXIS2_PLACEMENT_3D ( 'NONE', #3376, #4147, #10556 ) ;
#8284 = LINE ( 'NONE', #3478, #947 ) ;
#8285 = DIRECTION ( 'NONE',  ( 0.000000000000000000, 0.000000000000000000, 1.000000000000000000 ) ) ;
#8286 = DIRECTION ( 'NONE',  ( -1.000000000000000000, 0.000000000000000000, 0.000000000000000000 ) ) ;
#8287 = EDGE_LOOP ( 'NONE', ( #6324, #604, #4180, #10524 ) ) ;
#8288 = ORIENTED_EDGE ( 'NONE', *, *, #9975, .F. ) ;
#8289 = CARTESIAN_POINT ( 'NONE',  ( -6.891491226573391415, -1.690611574686247565, 1.000000000000000000 ) ) ;
#8290 = CARTESIAN_POINT ( 'NONE',  ( 4.250000000000000000, 6.550000000000000711, -5.099999999999999645 ) ) ;
#8291 = CARTESIAN_POINT ( 'NONE',  ( 5.799999999999998046, -0.6400000000000000133, -1.000000000000000000 ) ) ;
#8292 = MECHANICAL_DESIGN_GEOMETRIC_PRESENTATION_REPRESENTATION (  '', ( #386 ), #151 ) ;
#8293 = LINE ( 'NONE', #7561, #8373 ) ;
#8294 = ORIENTED_EDGE ( 'NONE', *, *, #4256, .F. ) ;
#8295 = ADVANCED_FACE ( 'NONE', ( #4254 ), #5592, .F. ) ;
#8296 = FACE_OUTER_BOUND ( 'NONE', #3453, .T. ) ;
#8297 = EDGE_CURVE ( 'NONE', #10297, #3373, #766, .T. ) ;
#8298 = DIRECTION ( 'NONE',  ( 0.000000000000000000, 1.000000000000000000, 0.000000000000000000 ) ) ;
#8299 = DIRECTION ( 'NONE',  ( -0.000000000000000000, -0.000000000000000000, 1.000000000000000000 ) ) ;
#8300 = FACE_OUTER_BOUND ( 'NONE', #7889, .T. ) ;
#8301 = EDGE_CURVE ( 'NONE', #5364, #2485, #7784, .T. ) ;
#8302 = AXIS2_PLACEMENT_3D ( 'NONE', #536, #7867, #8622 ) ;
#8303 = CARTESIAN_POINT ( 'NONE',  ( 0.000000000000000000, 14.49999999999999645, -3.000000000000000444 ) ) ;
#8304 = PLANE ( 'NONE',  #1262 ) ;
#8305 = FACE_OUTER_BOUND ( 'NONE', #8603, .T. ) ;
#8306 = ORIENTED_EDGE ( 'NONE', *, *, #2679, .T. ) ;
#8307 = ORIENTED_EDGE ( 'NONE', *, *, #7044, .T. ) ;
#8308 = CARTESIAN_POINT ( 'NONE',  ( -5.049999999999997158, 2.400000000000000355, 5.350000000000001421 ) ) ;
#8309 = EDGE_CURVE ( 'NONE', #10303, #7679, #7614, .T. ) ;
#8310 = CARTESIAN_POINT ( 'NONE',  ( 0.5164174130422014564, 2.170863245782921780, 7.299999999999998934 ) ) ;
#8311 = CARTESIAN_POINT ( 'NONE',  ( -2.900000000000000355, -3.100000000000000089, 6.699999999999999289 ) ) ;
#8312 = EDGE_CURVE ( 'NONE', #3518, #1736, #664, .T. ) ;
#8313 = ORIENTED_EDGE ( 'NONE', *, *, #2538, .T. ) ;
#8314 = CARTESIAN_POINT ( 'NONE',  ( 5.049999999999997158, 4.986986664055304885, -4.999999999999997335 ) ) ;
#8315 = DIRECTION ( 'NONE',  ( -0.000000000000000000, -0.000000000000000000, -1.000000000000000000 ) ) ;
#8316 = DIRECTION ( 'NONE',  ( 0.000000000000000000, 0.000000000000000000, 1.000000000000000000 ) ) ;
#8317 = LINE ( 'NONE', #5186, #1225 ) ;
#8318 = ORIENTED_EDGE ( 'NONE', *, *, #5965, .T. ) ;
#8319 = ADVANCED_FACE ( 'NONE', ( #4118 ), #426, .F. ) ;
#8320 = VECTOR ( 'NONE', #79, 1000.000000000000000 ) ;
#8321 = CARTESIAN_POINT ( 'NONE',  ( -6.399999999999998579, -2.034757436496875016, -1.000000000000000000 ) ) ;
#8322 = VECTOR ( 'NONE', #1796, 1000.000000000000000 ) ;
#8323 = ORIENTED_EDGE ( 'NONE', *, *, #2832, .T. ) ;
#8324 = EDGE_LOOP ( 'NONE', ( #10031, #5327, #341, #2117 ) ) ;
#8325 = CARTESIAN_POINT ( 'NONE',  ( 3.299999999999999822, 1.100000000000000089, -5.850000000000000533 ) ) ;
#8326 = DIRECTION ( 'NONE',  ( 0.000000000000000000, 0.000000000000000000, 1.000000000000000000 ) ) ;
#8327 = AXIS2_PLACEMENT_3D ( 'NONE', #8989, #3034, #7927 ) ;
#8328 = ORIENTED_EDGE ( 'NONE', *, *, #2964, .T. ) ;
#8329 = AXIS2_PLACEMENT_3D ( 'NONE', #9831, #843, #1583 ) ;
#8330 = DIRECTION ( 'NONE',  ( 0.000000000000000000, -4.430117370400858162E-17, 1.000000000000000000 ) ) ;
#8331 = ORIENTED_EDGE ( 'NONE', *, *, #2845, .F. ) ;
#8332 = DIRECTION ( 'NONE',  ( 0.000000000000000000, 0.000000000000000000, 1.000000000000000000 ) ) ;
#8333 = EDGE_CURVE ( 'NONE', #7740, #6802, #7540, .T. ) ;
#8334 = LINE ( 'NONE', #4731, #8031 ) ;
#8335 = ORIENTED_EDGE ( 'NONE', *, *, #7480, .T. ) ;
#8336 = CARTESIAN_POINT ( 'NONE',  ( -5.049999999999997158, 2.400000000000000355, -2.000000000000000000 ) ) ;
#8337 = AXIS2_PLACEMENT_3D ( 'NONE', #2548, #5144, #1044 ) ;
#8338 = LINE ( 'NONE', #6069, #4738 ) ;
#8339 = DIRECTION ( 'NONE',  ( 0.000000000000000000, 1.000000000000000000, 0.000000000000000000 ) ) ;
#8340 = VERTEX_POINT ( 'NONE', #7248 ) ;
#8341 = ORIENTED_EDGE ( 'NONE', *, *, #40, .F. ) ;
#8342 = ORIENTED_EDGE ( 'NONE', *, *, #1049, .T. ) ;
#8343 = ORIENTED_EDGE ( 'NONE', *, *, #2136, .F. ) ;
#8344 = EDGE_CURVE ( 'NONE', #8375, #4408, #735, .T. ) ;
#8345 = DIRECTION ( 'NONE',  ( 0.5735764363510463815, -0.8191520442889915765, 0.000000000000000000 ) ) ;
#8346 = FACE_OUTER_BOUND ( 'NONE', #3099, .T. ) ;
#8347 = DIRECTION ( 'NONE',  ( -1.000000000000000000, 0.000000000000000000, 0.000000000000000000 ) ) ;
#8348 = CARTESIAN_POINT ( 'NONE',  ( -5.499999999999996447, 1.000000000000000000, -6.400000000000000355 ) ) ;
#8349 = EDGE_CURVE ( 'NONE', #3391, #9217, #4202, .T. ) ;
#8350 = DIRECTION ( 'NONE',  ( 1.000000000000000000, 0.000000000000000000, 0.000000000000000000 ) ) ;
#8351 = CARTESIAN_POINT ( 'NONE',  ( 5.799999999999998934, 5.650000000000001243, 5.250000000000000000 ) ) ;
#8352 = FACE_OUTER_BOUND ( 'NONE', #439, .T. ) ;
#8353 = AXIS2_PLACEMENT_3D ( 'NONE', #9358, #7134, #5380 ) ;
#8354 = VECTOR ( 'NONE', #247, 1000.000000000000000 ) ;
#8355 = ORIENTED_EDGE ( 'NONE', *, *, #6241, .F. ) ;
#8356 = CARTESIAN_POINT ( 'NONE',  ( 3.880824640740575759, 0.09999999999999990841, -6.700000000000000178 ) ) ;
#8357 = DIRECTION ( 'NONE',  ( -0.8191520442889909104, 0.5735764363510473807, 0.000000000000000000 ) ) ;
#8358 =( NAMED_UNIT ( * ) SI_UNIT ( $, .STERADIAN. ) SOLID_ANGLE_UNIT ( ) );
#8359 = ADVANCED_FACE ( 'NONE', ( #783 ), #4061, .T. ) ;
#8360 = VERTEX_POINT ( 'NONE', #10621 ) ;
#8361 = EDGE_CURVE ( 'NONE', #7517, #9726, #4217, .T. ) ;
#8362 = FACE_OUTER_BOUND ( 'NONE', #4316, .T. ) ;
#8363 = CARTESIAN_POINT ( 'NONE',  ( -6.744145861810626918, -2.526248663070270073, -1.000000000000000000 ) ) ;
#8364 = CARTESIAN_POINT ( 'NONE',  ( -4.250000000000000000, 6.700000000000000178, -5.099999999999999645 ) ) ;
#8365 = EDGE_CURVE ( 'NONE', #10191, #1339, #519, .T. ) ;
#8366 = DIRECTION ( 'NONE',  ( -1.000000000000000000, 0.000000000000000000, 0.000000000000000000 ) ) ;
#8367 = FACE_OUTER_BOUND ( 'NONE', #8956, .T. ) ;
#8368 = CARTESIAN_POINT ( 'NONE',  ( -5.450000000000000178, 5.700000000000000178, 6.400000000000000355 ) ) ;
#8369 = VECTOR ( 'NONE', #2376, 1000.000000000000114 ) ;
#8370 = AXIS2_PLACEMENT_3D ( 'NONE', #933, #3721, #4505 ) ;
#8371 = VERTEX_POINT ( 'NONE', #8535 ) ;
#8372 = CARTESIAN_POINT ( 'NONE',  ( 5.450000000000000178, 5.700000000000000178, -6.400000000000000355 ) ) ;
#8373 = VECTOR ( 'NONE', #8326, 1000.000000000000000 ) ;
#8374 = DIRECTION ( 'NONE',  ( 0.000000000000000000, 0.000000000000000000, 1.000000000000000000 ) ) ;
#8375 = VERTEX_POINT ( 'NONE', #3686 ) ;
#8376 = VERTEX_POINT ( 'NONE', #6954 ) ;
#8377 = DIRECTION ( 'NONE',  ( 0.000000000000000000, -2.460132057943349518E-16, 1.000000000000000000 ) ) ;
#8378 = CARTESIAN_POINT ( 'NONE',  ( -4.250000000000000000, 6.550000000000000711, 5.674999999999998046 ) ) ;
#8379 = ADVANCED_FACE ( 'NONE', ( #558 ), #4413, .T. ) ;
#8380 = LINE ( 'NONE', #2426, #3041 ) ;
#8381 = PRESENTATION_STYLE_ASSIGNMENT (( #34 ) ) ;
#8382 = DIRECTION ( 'NONE',  ( 1.327027319204863784E-16, -1.000000000000000000, 0.000000000000000000 ) ) ;
#8383 = EDGE_CURVE ( 'NONE', #7129, #5108, #7665, .T. ) ;
#8384 = CIRCLE ( 'NONE', #2352, 0.2999999999999999334 ) ;
#8385 = CARTESIAN_POINT ( 'NONE',  ( 2.500000000000000000, -2.299999999999998046, -7.050000000000002487 ) ) ;
#8386 = FACE_OUTER_BOUND ( 'NONE', #2831, .T. ) ;
#8387 = ORIENTED_EDGE ( 'NONE', *, *, #6296, .T. ) ;
#8388 = EDGE_CURVE ( 'NONE', #7766, #10528, #7768, .T. ) ;
#8389 = AXIS2_PLACEMENT_3D ( 'NONE', #7884, #4695, #2436 ) ;
#8390 = VECTOR ( 'NONE', #6679, 1000.000000000000000 ) ;
#8391 = ORIENTED_EDGE ( 'NONE', *, *, #1967, .F. ) ;
#8392 = DIRECTION ( 'NONE',  ( 1.000000000000000000, 0.000000000000000000, -0.000000000000000000 ) ) ;
#8393 = ORIENTED_EDGE ( 'NONE', *, *, #5005, .F. ) ;
#8394 = DIRECTION ( 'NONE',  ( 0.000000000000000000, 0.000000000000000000, 1.000000000000000000 ) ) ;
#8395 = CYLINDRICAL_SURFACE ( 'NONE', #9912, 0.6000000000000007550 ) ;
#8396 = CARTESIAN_POINT ( 'NONE',  ( 2.500000000000000000, -2.299999999999999822, 7.549999999999998046 ) ) ;
#8397 = ADVANCED_FACE ( 'NONE', ( #7749 ), #4701, .T. ) ;
#8398 = CARTESIAN_POINT ( 'NONE',  ( -3.299999999999999822, 2.650000000000000799, 7.299999999999998934 ) ) ;
#8399 = VECTOR ( 'NONE', #8814, 1000.000000000000000 ) ;
#8400 = CARTESIAN_POINT ( 'NONE',  ( 5.049999999999997158, 1.929479379815013440E-14, -4.500000000000000000 ) ) ;
#8401 = EDGE_CURVE ( 'NONE', #9265, #2799, #938, .T. ) ;
#8402 = ORIENTED_EDGE ( 'NONE', *, *, #10508, .F. ) ;
#8403 = VECTOR ( 'NONE', #9056, 1000.000000000000000 ) ;
#8404 = PLANE ( 'NONE',  #10302 ) ;
#8405 = ORIENTED_EDGE ( 'NONE', *, *, #7649, .T. ) ;
#8406 = AXIS2_PLACEMENT_3D ( 'NONE', #8035, #1404, #9042 ) ;
#8407 = EDGE_LOOP ( 'NONE', ( #7589, #5347, #10366, #8761, #1802, #5374 ) ) ;
#8408 = PLANE ( 'NONE',  #7472 ) ;
#8409 = VECTOR ( 'NONE', #7615, 1000.000000000000000 ) ;
#8410 = CARTESIAN_POINT ( 'NONE',  ( -2.500000000000000000, -2.299999999999998046, -7.200000000000001066 ) ) ;
#8411 = CARTESIAN_POINT ( 'NONE',  ( 5.750000000000000000, 6.099999999999999645, 5.250000000000000000 ) ) ;
#8412 = CYLINDRICAL_SURFACE ( 'NONE', #8246, 0.2999999999999999334 ) ;
#8413 = DIRECTION ( 'NONE',  ( 0.000000000000000000, -2.460132057943349518E-16, 1.000000000000000000 ) ) ;
#8414 = DIRECTION ( 'NONE',  ( 1.000000000000000000, 0.000000000000000000, 0.000000000000000000 ) ) ;
#8415 = LINE ( 'NONE', #9239, #4894 ) ;
#8416 = DIRECTION ( 'NONE',  ( 0.000000000000000000, 0.000000000000000000, 1.000000000000000000 ) ) ;
#8417 = CARTESIAN_POINT ( 'NONE',  ( -6.999999999999997335, -2.034757436496875016, 1.000000000000000000 ) ) ;
#8418 = VERTEX_POINT ( 'NONE', #2686 ) ;
#8419 = ORIENTED_EDGE ( 'NONE', *, *, #9389, .T. ) ;
#8420 = EDGE_CURVE ( 'NONE', #5031, #659, #4472, .T. ) ;
#8421 = LINE ( 'NONE', #10183, #5046 ) ;
#8422 = EDGE_CURVE ( 'NONE', #488, #1106, #4681, .T. ) ;
#8423 = DIRECTION ( 'NONE',  ( 0.000000000000000000, 1.000000000000000000, 2.017120320903263702E-16 ) ) ;
#8424 =( GEOMETRIC_REPRESENTATION_CONTEXT ( 3 ) GLOBAL_UNCERTAINTY_ASSIGNED_CONTEXT ( ( #6567 ) ) GLOBAL_UNIT_ASSIGNED_CONTEXT ( ( #4157, #9231, #10151 ) ) REPRESENTATION_CONTEXT ( 'NONE', 'WORKASPACE' ) );
#8425 = DIRECTION ( 'NONE',  ( 0.000000000000000000, 1.000000000000000000, 0.000000000000000000 ) ) ;
#8426 = CIRCLE ( 'NONE', #107, 0.1499999999999999667 ) ;
#8427 = CARTESIAN_POINT ( 'NONE',  ( 0.000000000000000000, 0.09999999999999971412, -3.000000000000000444 ) ) ;
#8428 = EDGE_CURVE ( 'NONE', #7440, #2397, #875, .T. ) ;
#8429 = CARTESIAN_POINT ( 'NONE',  ( -2.900000000000000355, 2.504411906293519507, 7.299999999999998934 ) ) ;
#8430 = CARTESIAN_POINT ( 'NONE',  ( -5.049999999999997158, 2.400000000000000355, 4.500000000000000888 ) ) ;
#8431 = DIRECTION ( 'NONE',  ( 1.000000000000000000, 0.000000000000000000, 0.000000000000000000 ) ) ;
#8432 = AXIS2_PLACEMENT_3D ( 'NONE', #9331, #5071, #9185 ) ;
#8433 = ADVANCED_FACE ( 'NONE', ( #1208 ), #10150, .T. ) ;
#8434 = DIRECTION ( 'NONE',  ( 0.000000000000000000, 1.000000000000000000, 0.000000000000000000 ) ) ;
#8435 = VERTEX_POINT ( 'NONE', #1212 ) ;
#8436 = ORIENTED_EDGE ( 'NONE', *, *, #3077, .F. ) ;
#8437 = CARTESIAN_POINT ( 'NONE',  ( 6.199999999999998401, -0.6400000000000000133, 1.000000000000000000 ) ) ;
#8438 = DIRECTION ( 'NONE',  ( 1.000000000000000000, 0.000000000000000000, -0.000000000000000000 ) ) ;
#8439 = PLANE ( 'NONE',  #8139 ) ;
#8440 = CIRCLE ( 'NONE', #8443, 0.5999999999999989786 ) ;
#8441 = CARTESIAN_POINT ( 'NONE',  ( 2.500000000000000000, -2.500000000000000000, 7.549999999999999822 ) ) ;
#8442 = LINE ( 'NONE', #2148, #8457 ) ;
#8443 = AXIS2_PLACEMENT_3D ( 'NONE', #2043, #6915, #2966 ) ;
#8444 = DIRECTION ( 'NONE',  ( 0.000000000000000000, -1.000000000000000000, 0.000000000000000000 ) ) ;
#8445 = EDGE_CURVE ( 'NONE', #4389, #2099, #4369, .T. ) ;
#8446 = VECTOR ( 'NONE', #5759, 1000.000000000000000 ) ;
#8447 = EDGE_LOOP ( 'NONE', ( #7373, #5687, #1741, #7720, #7251, #289, #4036, #476 ) ) ;
#8448 = CARTESIAN_POINT ( 'NONE',  ( 6.236169591142200375, -0.7547152872702095339, 1.000000000000000000 ) ) ;
#8449 = AXIS2_PLACEMENT_3D ( 'NONE', #5213, #4377, #6982 ) ;
#8450 = EDGE_LOOP ( 'NONE', ( #4281, #5391, #696, #8237 ) ) ;
#8451 = CARTESIAN_POINT ( 'NONE',  ( 6.236169591142200375, -0.7547152872702095339, -1.000000000000000000 ) ) ;
#8452 = ADVANCED_FACE ( 'NONE', ( #4770 ), #8264, .T. ) ;
#8453 = TOROIDAL_SURFACE ( 'NONE', #7148, 0.05000000000000075218, 0.1499999999999999944 ) ;
#8454 = ORIENTED_EDGE ( 'NONE', *, *, #6066, .F. ) ;
#8455 = DIRECTION ( 'NONE',  ( 0.000000000000000000, 1.000000000000000000, 4.430117370400858162E-17 ) ) ;
#8456 = VERTEX_POINT ( 'NONE', #3832 ) ;
#8457 = VECTOR ( 'NONE', #1590, 1000.000000000000000 ) ;
#8458 = DIRECTION ( 'NONE',  ( -0.8191520442889894671, -0.5735764363510493791, 0.000000000000000000 ) ) ;
#8459 = EDGE_CURVE ( 'NONE', #1168, #1106, #8317, .T. ) ;
#8460 = LINE ( 'NONE', #4802, #4990 ) ;
#8461 = EDGE_CURVE ( 'NONE', #6802, #4283, #4787, .T. ) ;
#8462 = FACE_OUTER_BOUND ( 'NONE', #1182, .T. ) ;
#8463 = FILL_AREA_STYLE_COLOUR ( '', #6785 ) ;
#8464 = VECTOR ( 'NONE', #2433, 1000.000000000000000 ) ;
#8465 = DIRECTION ( 'NONE',  ( -0.000000000000000000, -0.000000000000000000, -1.000000000000000000 ) ) ;
#8466 = DIRECTION ( 'NONE',  ( -1.000000000000000000, 0.000000000000000000, -0.000000000000000000 ) ) ;
#8467 = PLANE ( 'NONE',  #1502 ) ;
#8468 = CARTESIAN_POINT ( 'NONE',  ( -6.200000000000000178, 0.6000000000000007550, 3.000000000000000444 ) ) ;
#8469 = ORIENTED_EDGE ( 'NONE', *, *, #7, .T. ) ;
#8470 = PLANE ( 'NONE',  #7249 ) ;
#8471 = ADVANCED_FACE ( 'NONE', ( #1172 ), #1122, .T. ) ;
#8472 = CIRCLE ( 'NONE', #7288, 0.1999999999999996503 ) ;
#8473 = CARTESIAN_POINT ( 'NONE',  ( 0.000000000000000000, -2.299999999999999822, 7.699999999999997513 ) ) ;
#8474 = CARTESIAN_POINT ( 'NONE',  ( -0.7999999999999999334, 2.650000000000000799, 7.549999999999999822 ) ) ;
#8475 = PRESENTATION_STYLE_ASSIGNMENT (( #7405 ) ) ;
#8476 = CARTESIAN_POINT ( 'NONE',  ( 4.250000000000000000, 6.700000000000000178, 4.675000000000001599 ) ) ;
#8477 = DIRECTION ( 'NONE',  ( -1.000000000000000000, -0.000000000000000000, -0.000000000000000000 ) ) ;
#8478 = EDGE_CURVE ( 'NONE', #1645, #4565, #7987, .T. ) ;
#8479 = LINE ( 'NONE', #1177, #8403 ) ;
#8480 = DIRECTION ( 'NONE',  ( 0.000000000000000000, 0.000000000000000000, -1.000000000000000000 ) ) ;
#8481 = VERTEX_POINT ( 'NONE', #3015 ) ;
#8482 = EDGE_CURVE ( 'NONE', #8774, #2870, #4818, .T. ) ;
#8483 = ORIENTED_EDGE ( 'NONE', *, *, #10331, .F. ) ;
#8484 = MECHANICAL_DESIGN_GEOMETRIC_PRESENTATION_REPRESENTATION (  '', ( #6836 ), #1683 ) ;
#8485 = VERTEX_POINT ( 'NONE', #5891 ) ;
#8486 = DIRECTION ( 'NONE',  ( 0.000000000000000000, 1.000000000000000000, 4.430117370400858162E-17 ) ) ;
#8487 = VECTOR ( 'NONE', #9166, 1000.000000000000000 ) ;
#8488 = CARTESIAN_POINT ( 'NONE',  ( 2.598076211353316900, 14.49999999999999645, 1.499999999999999112 ) ) ;
#8489 = DIRECTION ( 'NONE',  ( 1.000000000000000000, -0.000000000000000000, -0.000000000000000000 ) ) ;
#8490 = DIRECTION ( 'NONE',  ( -0.000000000000000000, 0.000000000000000000, 1.000000000000000000 ) ) ;
#8491 = FACE_OUTER_BOUND ( 'NONE', #5812, .T. ) ;
#8492 = TOROIDAL_SURFACE ( 'NONE', #9472, 0.05000000000000075218, 0.1499999999999999944 ) ;
#8493 = DIRECTION ( 'NONE',  ( 0.000000000000000000, 0.000000000000000000, -1.000000000000000000 ) ) ;
#8494 = ORIENTED_EDGE ( 'NONE', *, *, #4969, .T. ) ;
#8495 = VERTEX_POINT ( 'NONE', #6818 ) ;
#8496 = VERTEX_POINT ( 'NONE', #7657 ) ;
#8497 = CARTESIAN_POINT ( 'NONE',  ( 0.8964181414529803771, 2.685093333532154070, 7.549999999999999822 ) ) ;
#8498 = CARTESIAN_POINT ( 'NONE',  ( 5.799999999999998046, 2.100000000000000089, 5.250000000000000000 ) ) ;
#8499 = DIRECTION ( 'NONE',  ( 0.000000000000000000, 0.000000000000000000, 1.000000000000000000 ) ) ;
#8500 = EDGE_CURVE ( 'NONE', #6554, #5346, #8003, .T. ) ;
#8501 = CARTESIAN_POINT ( 'NONE',  ( -4.250000000000000000, 6.550000000000000711, -4.524999999999999467 ) ) ;
#8502 = ORIENTED_EDGE ( 'NONE', *, *, #4563, .F. ) ;
#8503 = EDGE_CURVE ( 'NONE', #6630, #5677, #8193, .T. ) ;
#8504 = AXIS2_PLACEMENT_3D ( 'NONE', #9055, #868, #5004 ) ;
#8505 = VECTOR ( 'NONE', #7073, 1000.000000000000000 ) ;
#8506 = PLANE ( 'NONE',  #1280 ) ;
#8507 = CARTESIAN_POINT ( 'NONE',  ( 3.396418141452980599, 0.5350933335321558237, -6.800000000000001599 ) ) ;
#8508 = VECTOR ( 'NONE', #8416, 1000.000000000000000 ) ;
#8509 = PRESENTATION_LAYER_ASSIGNMENT (  '', '', ( #386 ) ) ;
#8510 = FACE_OUTER_BOUND ( 'NONE', #3329, .T. ) ;
#8511 = ADVANCED_FACE ( 'NONE', ( #8228 ), #1139, .T. ) ;
#8513 = ORIENTED_EDGE ( 'NONE', *, *, #5104, .T. ) ;
#8512 = VERTEX_POINT ( 'NONE', #8037 ) ;
#8514 = DIRECTION ( 'NONE',  ( -1.000000000000000000, 0.000000000000000000, 0.000000000000000000 ) ) ;
#8515 = VERTEX_POINT ( 'NONE', #4936 ) ;
#8516 = CARTESIAN_POINT ( 'NONE',  ( -0.2000000000000000944, 0.6999999999999997335, 7.549999999999999822 ) ) ;
#8517 = LINE ( 'NONE', #473, #5086 ) ;
#8518 = EDGE_CURVE ( 'NONE', #8107, #636, #4716, .T. ) ;
#8519 = CARTESIAN_POINT ( 'NONE',  ( -5.699999999999998401, 0.6000000000000007550, 5.250000000000000000 ) ) ;
#8520 = CARTESIAN_POINT ( 'NONE',  ( -5.049999999999997158, 2.128355624055937206E-16, -5.350000000000001421 ) ) ;
#8521 = VECTOR ( 'NONE', #1392, 1000.000000000000000 ) ;
#8522 = EDGE_CURVE ( 'NONE', #5383, #2261, #1190, .T. ) ;
#8523 = AXIS2_PLACEMENT_3D ( 'NONE', #8781, #9624, #3683 ) ;
#8524 = VECTOR ( 'NONE', #3845, 1000.000000000000000 ) ;
#8525 = EDGE_CURVE ( 'NONE', #8575, #6847, #833, .T. ) ;
#8526 = LINE ( 'NONE', #1692, #8274 ) ;
#8528 = ORIENTED_EDGE ( 'NONE', *, *, #3248, .T. ) ;
#8527 = VERTEX_POINT ( 'NONE', #9940 ) ;
#8529 = VERTEX_POINT ( 'NONE', #3410 ) ;
#8530 = EDGE_CURVE ( 'NONE', #3193, #4113, #4388, .T. ) ;
#8531 = ORIENTED_EDGE ( 'NONE', *, *, #5703, .F. ) ;
#8532 = VECTOR ( 'NONE', #960, 1000.000000000000000 ) ;
#8533 = ADVANCED_FACE ( 'NONE', ( #8296 ), #7542, .T. ) ;
#8534 = VECTOR ( 'NONE', #2718, 1000.000000000000000 ) ;
#8535 = CARTESIAN_POINT ( 'NONE',  ( -2.700000000000000622, -2.299999999999998046, -7.050000000000002487 ) ) ;
#8536 = CARTESIAN_POINT ( 'NONE',  ( 4.286263797015736595E-16, 6.100000000000000533, 3.500000000000000000 ) ) ;
#8537 = DIRECTION ( 'NONE',  ( 0.000000000000000000, -1.000000000000000000, 0.000000000000000000 ) ) ;
#8538 = DIRECTION ( 'NONE',  ( 0.000000000000000000, -1.000000000000000000, -4.869470219022244754E-16 ) ) ;
#8539 = ORIENTED_EDGE ( 'NONE', *, *, #9367, .F. ) ;
#8540 = PLANE ( 'NONE',  #7742 ) ;
#8541 = VECTOR ( 'NONE', #7842, 1000.000000000000000 ) ;
#8542 = CARTESIAN_POINT ( 'NONE',  ( 3.880824640740575759, 0.09999999999999990841, 3.000000000000000000 ) ) ;
#8543 = CIRCLE ( 'NONE', #9873, 0.2000000000000000944 ) ;
#8544 = EDGE_CURVE ( 'NONE', #10142, #228, #7893, .T. ) ;
#8545 = CARTESIAN_POINT ( 'NONE',  ( 5.799999999999996270, 2.400000000000000355, 4.500000000000000888 ) ) ;
#8546 = DIRECTION ( 'NONE',  ( 0.000000000000000000, -1.000000000000000000, 0.000000000000000000 ) ) ;
#8547 = AXIS2_PLACEMENT_3D ( 'NONE', #6696, #3480, #2639 ) ;
#8548 = EDGE_LOOP ( 'NONE', ( #8221, #5754, #2187, #10199 ) ) ;
#8549 = AXIS2_PLACEMENT_3D ( 'NONE', #7938, #7045, #616 ) ;
#8550 = EDGE_LOOP ( 'NONE', ( #4782, #4592, #9888, #2496 ) ) ;
#8551 = VERTEX_POINT ( 'NONE', #8308 ) ;
#8552 = EDGE_CURVE ( 'NONE', #4211, #3709, #889, .T. ) ;
#8553 = CIRCLE ( 'NONE', #6172, 0.2000000000000005107 ) ;
#8554 = DIRECTION ( 'NONE',  ( -0.000000000000000000, -1.000000000000000000, -0.000000000000000000 ) ) ;
#8555 = AXIS2_PLACEMENT_3D ( 'NONE', #10625, #9740, #780 ) ;
#8556 = CARTESIAN_POINT ( 'NONE',  ( 4.250000000000000000, 6.700000000000000178, 5.099999999999999645 ) ) ;
#8557 = LINE ( 'NONE', #6096, #5033 ) ;
#8558 = DIRECTION ( 'NONE',  ( -1.000000000000000000, 0.000000000000000000, 0.000000000000000000 ) ) ;
#8559 = DIRECTION ( 'NONE',  ( 0.000000000000000000, 1.000000000000000000, 0.000000000000000000 ) ) ;
#8560 = DIRECTION ( 'NONE',  ( 1.535153518563546084E-16, 1.000000000000000000, -1.445602896647339163E-16 ) ) ;
#8561 = DIRECTION ( 'NONE',  ( 0.000000000000000000, 1.000000000000000000, 0.000000000000000000 ) ) ;
#8562 = DIRECTION ( 'NONE',  ( 1.000000000000000000, 0.000000000000000000, 0.000000000000000000 ) ) ;
#8564 = ORIENTED_EDGE ( 'NONE', *, *, #5787, .T. ) ;
#8563 = ORIENTED_EDGE ( 'NONE', *, *, #4568, .F. ) ;
#8565 = ORIENTED_EDGE ( 'NONE', *, *, #10298, .T. ) ;
#8566 = LINE ( 'NONE', #10070, #5159 ) ;
#8567 = CARTESIAN_POINT ( 'NONE',  ( 5.750000000000000000, 5.700000000000000178, 6.400000000000000355 ) ) ;
#8568 = DIRECTION ( 'NONE',  ( 0.6427876096865353661, 0.7660444431189813441, 0.000000000000000000 ) ) ;
#8569 = UNCERTAINTY_MEASURE_WITH_UNIT (LENGTH_MEASURE( 1.000000000000000082E-05 ), #1719, 'distance_accuracy_value', 'NONE');
#8570 = DIRECTION ( 'NONE',  ( 0.000000000000000000, 2.460132057943349518E-16, -1.000000000000000000 ) ) ;
#8571 = VECTOR ( 'NONE', #5281, 1000.000000000000000 ) ;
#8572 = CARTESIAN_POINT ( 'NONE',  ( 5.599999999999996092, 5.500000000000000888, 6.400000000000000355 ) ) ;
#8573 = EDGE_CURVE ( 'NONE', #8795, #10046, #7924, .T. ) ;
#8574 = ORIENTED_EDGE ( 'NONE', *, *, #3276, .F. ) ;
#8575 = VERTEX_POINT ( 'NONE', #2549 ) ;
#8576 = LINE ( 'NONE', #1135, #1465 ) ;
#8577 = AXIS2_PLACEMENT_3D ( 'NONE', #7085, #736, #593 ) ;
#8578 = DIRECTION ( 'NONE',  ( 1.000000000000000000, 0.000000000000000000, -0.000000000000000000 ) ) ;
#8579 = DIRECTION ( 'NONE',  ( -0.7660444431189813441, -0.6427876096865353661, 0.000000000000000000 ) ) ;
#8580 = VECTOR ( 'NONE', #3033, 1000.000000000000000 ) ;
#8581 = PRESENTATION_STYLE_ASSIGNMENT (( #4019 ) ) ;
#8583 = ORIENTED_EDGE ( 'NONE', *, *, #175, .F. ) ;
#8582 = ORIENTED_EDGE ( 'NONE', *, *, #1775, .F. ) ;
#8584 = DIRECTION ( 'NONE',  ( 1.000000000000000000, 0.000000000000000000, 0.000000000000000000 ) ) ;
#8585 = VERTEX_POINT ( 'NONE', #4244 ) ;
#8586 = VERTEX_POINT ( 'NONE', #7153 ) ;
#8587 = VECTOR ( 'NONE', #3325, 1000.000000000000000 ) ;
#8588 = DIRECTION ( 'NONE',  ( 0.000000000000000000, 0.000000000000000000, 1.000000000000000000 ) ) ;
#8589 = DIRECTION ( 'NONE',  ( -0.000000000000000000, -1.000000000000000000, 0.000000000000000000 ) ) ;
#8590 = EDGE_CURVE ( 'NONE', #2012, #7829, #8334, .T. ) ;
#8591 = ORIENTED_EDGE ( 'NONE', *, *, #7280, .F. ) ;
#8592 = PLANE ( 'NONE',  #2236 ) ;
#8593 = EDGE_CURVE ( 'NONE', #2045, #9286, #846, .T. ) ;
#8594 = ORIENTED_EDGE ( 'NONE', *, *, #8312, .F. ) ;
#8595 = CARTESIAN_POINT ( 'NONE',  ( -4.250000000000000000, 6.550000000000000711, 4.675000000000001599 ) ) ;
#8596 = LINE ( 'NONE', #7906, #8613 ) ;
#8597 = CARTESIAN_POINT ( 'NONE',  ( 3.299999999999999822, 2.650000000000000799, 7.299999999999998934 ) ) ;
#8598 = CARTESIAN_POINT ( 'NONE',  ( -5.908508773426603966, -0.9841458618106281309, 1.000000000000000000 ) ) ;
#8599 = LINE ( 'NONE', #3772, #8580 ) ;
#8600 = MECHANICAL_DESIGN_GEOMETRIC_PRESENTATION_REPRESENTATION (  '', ( #8119 ), #2918 ) ;
#8601 = ADVANCED_FACE ( 'NONE', ( #4490 ), #1405, .F. ) ;
#8602 = ORIENTED_EDGE ( 'NONE', *, *, #10080, .T. ) ;
#8603 = EDGE_LOOP ( 'NONE', ( #7723, #231, #6734, #10421 ) ) ;
#8604 = PLANE ( 'NONE',  #5877 ) ;
#8605 = CARTESIAN_POINT ( 'NONE',  ( -5.450000000000000178, 5.700000000000000178, -6.700000000000000178 ) ) ;
#8606 = LINE ( 'NONE', #1311, #1299 ) ;
#8607 = CARTESIAN_POINT ( 'NONE',  ( 0.000000000000000000, 3.100000000000000089, 3.000000000000000000 ) ) ;
#8608 = CARTESIAN_POINT ( 'NONE',  ( -6.200000000000000178, 0.6000000000000006439, 4.500000000000000888 ) ) ;
#8609 = CARTESIAN_POINT ( 'NONE',  ( 3.299999999999999822, 3.249999999999998668, 6.349999999999997868 ) ) ;
#8610 = EDGE_CURVE ( 'NONE', #9284, #842, #8044, .T. ) ;
#8611 = ORIENTED_EDGE ( 'NONE', *, *, #741, .F. ) ;
#8612 = ORIENTED_EDGE ( 'NONE', *, *, #8171, .T. ) ;
#8613 = VECTOR ( 'NONE', #6256, 1000.000000000000000 ) ;
#8614 = EDGE_CURVE ( 'NONE', #5230, #4142, #1105, .T. ) ;
#8615 = CYLINDRICAL_SURFACE ( 'NONE', #9710, 0.1999999999999996503 ) ;
#8616 = DIRECTION ( 'NONE',  ( 0.000000000000000000, 1.000000000000000000, 0.000000000000000000 ) ) ;
#8617 = DIRECTION ( 'NONE',  ( 0.000000000000000000, 0.000000000000000000, 1.000000000000000000 ) ) ;
#8618 = PLANE ( 'NONE',  #8075 ) ;
#8619 = AXIS2_PLACEMENT_3D ( 'NONE', #6538, #6783, #4945 ) ;
#8620 = DIRECTION ( 'NONE',  ( 0.000000000000000000, 0.000000000000000000, -1.000000000000000000 ) ) ;
#8621 = ORIENTED_EDGE ( 'NONE', *, *, #4841, .F. ) ;
#8622 = DIRECTION ( 'NONE',  ( -1.000000000000000000, 0.000000000000000000, 0.000000000000000000 ) ) ;
#8623 = EDGE_LOOP ( 'NONE', ( #2767, #8565, #10188, #7064 ) ) ;
#8624 = ADVANCED_FACE ( 'NONE', ( #8346 ), #10022, .F. ) ;
#8625 = LINE ( 'NONE', #2115, #8534 ) ;
#8626 = ORIENTED_EDGE ( 'NONE', *, *, #6551, .T. ) ;
#8627 = DIRECTION ( 'NONE',  ( 0.000000000000000000, 1.000000000000000000, -0.000000000000000000 ) ) ;
#8628 = ORIENTED_EDGE ( 'NONE', *, *, #4609, .T. ) ;
#8629 = FACE_OUTER_BOUND ( 'NONE', #9790, .T. ) ;
#8630 = DIRECTION ( 'NONE',  ( 0.000000000000000000, 0.000000000000000000, -1.000000000000000000 ) ) ;
#8631 = PLANE ( 'NONE',  #7736 ) ;
#8632 = CARTESIAN_POINT ( 'NONE',  ( -2.550000000000000266, -2.299999999999999822, 7.699999999999997513 ) ) ;
#8633 = CYLINDRICAL_SURFACE ( 'NONE', #9446, 0.5749999999999982903 ) ;
#8634 = EDGE_CURVE ( 'NONE', #8788, #4669, #7939, .T. ) ;
#8635 = DIRECTION ( 'NONE',  ( 1.000000000000000000, 0.000000000000000000, 0.000000000000000000 ) ) ;
#8636 = CYLINDRICAL_SURFACE ( 'NONE', #3296, 3.000000000000000444 ) ;
#8637 = CARTESIAN_POINT ( 'NONE',  ( -2.500000000000000000, -2.299999999999999822, 7.549999999999999822 ) ) ;
#8639 = ORIENTED_EDGE ( 'NONE', *, *, #721, .T. ) ;
#8638 = ORIENTED_EDGE ( 'NONE', *, *, #4548, .T. ) ;
#8640 = EDGE_CURVE ( 'NONE', #5294, #248, #861, .T. ) ;
#8641 = AXIS2_PLACEMENT_3D ( 'NONE', #10161, #1356, #4604 ) ;
#8642 = ORIENTED_EDGE ( 'NONE', *, *, #3940, .F. ) ;
#8643 = CARTESIAN_POINT ( 'NONE',  ( 5.799999999999996270, 0.000000000000000000, 6.700000000000000178 ) ) ;
#8644 = VECTOR ( 'NONE', #10261, 1000.000000000000000 ) ;
#8645 = DIRECTION ( 'NONE',  ( 0.000000000000000000, -0.000000000000000000, -1.000000000000000000 ) ) ;
#8646 = ORIENTED_EDGE ( 'NONE', *, *, #1720, .F. ) ;
#8647 = ORIENTED_EDGE ( 'NONE', *, *, #681, .T. ) ;
#8648 = ADVANCED_FACE ( 'NONE', ( #4460 ), #8453, .T. ) ;
#8649 = LINE ( 'NONE', #6726, #1601 ) ;
#8650 = CARTESIAN_POINT ( 'NONE',  ( -4.250000000000000000, 6.700000000000000178, 5.099999999999999645 ) ) ;
#8651 = TOROIDAL_SURFACE ( 'NONE', #8641, 0.05000000000000075218, 0.1499999999999999944 ) ;
#8652 = EDGE_CURVE ( 'NONE', #10538, #5164, #1277, .T. ) ;
#8654 = ORIENTED_EDGE ( 'NONE', *, *, #7280, .T. ) ;
#8653 = ORIENTED_EDGE ( 'NONE', *, *, #4568, .T. ) ;
#8655 = DIRECTION ( 'NONE',  ( 1.000000000000000000, 0.000000000000000000, 0.000000000000000000 ) ) ;
#8656 = ORIENTED_EDGE ( 'NONE', *, *, #352, .F. ) ;
#8657 = LINE ( 'NONE', #7581, #8673 ) ;
#8658 = DIRECTION ( 'NONE',  ( -1.000000000000000000, -0.000000000000000000, -0.000000000000000000 ) ) ;
#8659 = EDGE_CURVE ( 'NONE', #7908, #3969, #8719, .T. ) ;
#8660 = AXIS2_PLACEMENT_3D ( 'NONE', #717, #1236, #8486 ) ;
#8661 = TOROIDAL_SURFACE ( 'NONE', #7492, 0.05000000000000010686, 0.1499999999999999944 ) ;
#8662 = DIRECTION ( 'NONE',  ( 0.000000000000000000, 1.000000000000000000, 0.000000000000000000 ) ) ;
#8663 = EDGE_CURVE ( 'NONE', #9404, #6307, #5066, .T. ) ;
#8664 = EDGE_LOOP ( 'NONE', ( #1555, #10057, #1709, #1036 ) ) ;
#8665 = EDGE_LOOP ( 'NONE', ( #4161, #9901, #9919, #5267 ) ) ;
#8666 = VECTOR ( 'NONE', #3494, 1000.000000000000000 ) ;
#8667 = CARTESIAN_POINT ( 'NONE',  ( -3.299999999999999822, 2.949999999999998845, 7.249999999999999112 ) ) ;
#8668 = EDGE_CURVE ( 'NONE', #4828, #9088, #8606, .T. ) ;
#8669 = VECTOR ( 'NONE', #9468, 1000.000000000000114 ) ;
#8671 = CLOSED_SHELL ( 'NONE', ( #9077, #2351, #10535, #10440, #1376, #9419 ) ) ;
#8670 = ORIENTED_EDGE ( 'NONE', *, *, #9293, .F. ) ;
#8672 = ORIENTED_EDGE ( 'NONE', *, *, #6650, .F. ) ;
#8673 = VECTOR ( 'NONE', #8345, 999.9999999999998863 ) ;
#8674 = CARTESIAN_POINT ( 'NONE',  ( 1.700000000000000178, 2.650000000000001243, -6.200000000000001954 ) ) ;
#8675 = DIRECTION ( 'NONE',  ( 0.000000000000000000, 0.000000000000000000, 1.000000000000000000 ) ) ;
#8676 = FACE_OUTER_BOUND ( 'NONE', #10420, .T. ) ;
#8677 = CARTESIAN_POINT ( 'NONE',  ( -5.049999999999997158, 2.128355624055937206E-16, -6.700000000000000178 ) ) ;
#8678 = DIRECTION ( 'NONE',  ( 0.000000000000000000, 0.000000000000000000, 1.000000000000000000 ) ) ;
#8679 = EDGE_LOOP ( 'NONE', ( #6657, #511, #1595, #4428 ) ) ;
#8680 = DIRECTION ( 'NONE',  ( 0.000000000000000000, 1.000000000000000000, 0.000000000000000000 ) ) ;
#8681 = ORIENTED_EDGE ( 'NONE', *, *, #7928, .T. ) ;
#8682 = LINE ( 'NONE', #7008, #4876 ) ;
#8683 = AXIS2_PLACEMENT_3D ( 'NONE', #2928, #5189, #7205 ) ;
#8684 = AXIS2_PLACEMENT_3D ( 'NONE', #9405, #5143, #5991 ) ;
#8685 = CARTESIAN_POINT ( 'NONE',  ( -4.250000000000000000, 6.550000000000000711, -5.099999999999999645 ) ) ;
#8686 = CARTESIAN_POINT ( 'NONE',  ( 1.700000000000000178, 3.249999999999998224, 7.249999999999999112 ) ) ;
#8687 = CIRCLE ( 'NONE', #513, 0.1499999999999999667 ) ;
#8688 = EDGE_CURVE ( 'NONE', #5420, #9813, #1495, .T. ) ;
#8689 = DIRECTION ( 'NONE',  ( -0.000000000000000000, 1.000000000000000000, -0.000000000000000000 ) ) ;
#8690 = CARTESIAN_POINT ( 'NONE',  ( 5.750000000000000000, 6.099999999999999645, -5.250000000000000000 ) ) ;
#8691 = DIRECTION ( 'NONE',  ( 0.000000000000000000, 0.000000000000000000, -1.000000000000000000 ) ) ;
#8692 = CIRCLE ( 'NONE', #9075, 0.2999999999999999334 ) ;
#8693 = CARTESIAN_POINT ( 'NONE',  ( 0.000000000000000000, 5.700000000000000178, 0.000000000000000000 ) ) ;
#8694 = ADVANCED_FACE ( 'NONE', ( #5013 ), #8395, .T. ) ;
#8696 = ORIENTED_EDGE ( 'NONE', *, *, #7167, .F. ) ;
#8695 = VERTEX_POINT ( 'NONE', #4439 ) ;
#8697 = AXIS2_PLACEMENT_3D ( 'NONE', #8259, #4132, #5712 ) ;
#8698 = ORIENTED_EDGE ( 'NONE', *, *, #306, .T. ) ;
#8699 = FACE_OUTER_BOUND ( 'NONE', #9663, .T. ) ;
#8700 = SURFACE_STYLE_FILL_AREA ( #7295 ) ;
#8701 = VERTEX_POINT ( 'NONE', #3055 ) ;
#8702 = CARTESIAN_POINT ( 'NONE',  ( -1.699999999999999956, 0.7999999999999983791, 7.249999999999999112 ) ) ;
#8703 = ORIENTED_EDGE ( 'NONE', *, *, #3217, .F. ) ;
#8704 = LINE ( 'NONE', #3091, #1622 ) ;
#8705 = DIRECTION ( 'NONE',  ( 0.000000000000000000, 0.000000000000000000, -1.000000000000000000 ) ) ;
#8706 = EDGE_CURVE ( 'NONE', #3555, #8527, #8517, .T. ) ;
#8707 = CARTESIAN_POINT ( 'NONE',  ( 3.299999999999999822, 0.4999999999999998890, 6.700000000000000178 ) ) ;
#8708 = VECTOR ( 'NONE', #24, 1000.000000000000000 ) ;
#8709 = DIRECTION ( 'NONE',  ( 0.000000000000000000, 1.000000000000000000, 4.430117370400858162E-17 ) ) ;
#8710 = PLANE ( 'NONE',  #4156 ) ;
#8711 = EDGE_CURVE ( 'NONE', #10385, #1168, #8440, .T. ) ;
#8712 = VECTOR ( 'NONE', #9337, 1000.000000000000000 ) ;
#8713 = DIRECTION ( 'NONE',  ( 0.000000000000000000, -1.000000000000000000, 0.000000000000000000 ) ) ;
#8714 = ORIENTED_EDGE ( 'NONE', *, *, #5659, .T. ) ;
#8715 = EDGE_LOOP ( 'NONE', ( #1307, #4795, #873, #9201, #2356, #8013 ) ) ;
#8716 = DIRECTION ( 'NONE',  ( -0.7071067811865489050, 0.000000000000000000, -0.7071067811865462405 ) ) ;
#8717 = AXIS2_PLACEMENT_3D ( 'NONE', #3382, #9024, #4783 ) ;
#8718 = ADVANCED_FACE ( 'NONE', ( #4871 ), #1357, .T. ) ;
#8719 = LINE ( 'NONE', #6355, #1463 ) ;
#8720 = CARTESIAN_POINT ( 'NONE',  ( -5.799999999999996270, 1.000000000000000000, 5.000000000000000888 ) ) ;
#8721 = ORIENTED_EDGE ( 'NONE', *, *, #4371, .F. ) ;
#8722 = ORIENTED_EDGE ( 'NONE', *, *, #1368, .F. ) ;
#8723 = VECTOR ( 'NONE', #8858, 1000.000000000000000 ) ;
#8724 = CARTESIAN_POINT ( 'NONE',  ( -1.734723475976807094E-15, 2.399999999999999467, -5.850000000000000533 ) ) ;
#8725 = LINE ( 'NONE', #860, #5169 ) ;
#8726 = EDGE_CURVE ( 'NONE', #8804, #4986, #1325, .T. ) ;
#8728 = VERTEX_POINT ( 'NONE', #7752 ) ;
#8727 = ORIENTED_EDGE ( 'NONE', *, *, #3910, .F. ) ;
#8729 = CARTESIAN_POINT ( 'NONE',  ( -5.750000000000000000, 5.650000000000001243, 5.250000000000000000 ) ) ;
#8730 = EDGE_CURVE ( 'NONE', #3457, #5900, #8625, .T. ) ;
#8731 = ORIENTED_EDGE ( 'NONE', *, *, #10622, .T. ) ;
#8732 = FACE_OUTER_BOUND ( 'NONE', #7285, .T. ) ;
#8733 = CARTESIAN_POINT ( 'NONE',  ( -0.7999999999999999334, 3.249999999999998668, 6.349999999999997868 ) ) ;
#8734 = DIRECTION ( 'NONE',  ( -0.000000000000000000, -0.000000000000000000, 1.000000000000000000 ) ) ;
#8735 = VECTOR ( 'NONE', #3864, 1000.000000000000000 ) ;
#8736 = AXIS2_PLACEMENT_3D ( 'NONE', #10055, #10138, #3553 ) ;
#8737 = CARTESIAN_POINT ( 'NONE',  ( -3.880824640740575759, 0.4999999999999998890, 4.500000000000000888 ) ) ;
#8738 = ORIENTED_EDGE ( 'NONE', *, *, #8518, .F. ) ;
#8739 = DIRECTION ( 'NONE',  ( 0.000000000000000000, 0.000000000000000000, -1.000000000000000000 ) ) ;
#8740 = EDGE_LOOP ( 'NONE', ( #5955, #2985, #1530, #10426 ) ) ;
#8741 = ADVANCED_FACE ( 'NONE', ( #5029 ), #3791, .T. ) ;
#8742 = FACE_OUTER_BOUND ( 'NONE', #1600, .T. ) ;
#8743 = PLANE ( 'NONE',  #1610 ) ;
#8744 = VECTOR ( 'NONE', #2239, 1000.000000000000000 ) ;
#8745 = DIRECTION ( 'NONE',  ( 0.000000000000000000, -1.000000000000000000, 0.000000000000000000 ) ) ;
#8746 = DIRECTION ( 'NONE',  ( -1.000000000000000000, 0.000000000000000000, 0.000000000000000000 ) ) ;
#8747 = LINE ( 'NONE', #6510, #5291 ) ;
#8748 = EDGE_CURVE ( 'NONE', #6083, #9246, #4917, .T. ) ;
#8749 = EDGE_LOOP ( 'NONE', ( #1575, #3259, #1476, #2377 ) ) ;
#8750 = ORIENTED_EDGE ( 'NONE', *, *, #8711, .T. ) ;
#8751 = CARTESIAN_POINT ( 'NONE',  ( 0.8000000000000001554, 2.999999999999998224, 6.349999999999997868 ) ) ;
#8752 = EDGE_CURVE ( 'NONE', #8848, #10243, #4851, .T. ) ;
#8753 = B_SPLINE_CURVE_WITH_KNOTS ( 'NONE', 3,
 ( #2567, #1698, #4887, #4332 ),
 .UNSPECIFIED., .F., .F.,
 ( 4, 4 ),
 ( 0.000000000000000000, 0.0007707912170032453969 ),
 .UNSPECIFIED. ) ;
#8754 = DIRECTION ( 'NONE',  ( -0.000000000000000000, 0.000000000000000000, -1.000000000000000000 ) ) ;
#8755 = LINE ( 'NONE', #10478, #8880 ) ;
#8756 = CARTESIAN_POINT ( 'NONE',  ( -5.049999999999998046, 4.986986664055304885, -5.350000000000001421 ) ) ;
#8757 = ORIENTED_EDGE ( 'NONE', *, *, #1054, .T. ) ;
#8758 = DIRECTION ( 'NONE',  ( 0.000000000000000000, 2.017120320903263702E-16, -1.000000000000000000 ) ) ;
#8759 = DIRECTION ( 'NONE',  ( 1.000000000000000000, -0.000000000000000000, -0.000000000000000000 ) ) ;
#8760 = PLANE ( 'NONE',  #7710 ) ;
#8761 = ORIENTED_EDGE ( 'NONE', *, *, #3958, .T. ) ;
#8762 = DIRECTION ( 'NONE',  ( 1.535153518563545837E-16, -1.000000000000000000, 0.000000000000000000 ) ) ;
#8763 = VECTOR ( 'NONE', #973, 1000.000000000000000 ) ;
#8764 = CARTESIAN_POINT ( 'NONE',  ( -0.2000000000000005107, -2.299999999999999822, 7.549999999999999822 ) ) ;
#8765 = CIRCLE ( 'NONE', #8504, 0.1499999999999999667 ) ;
#8766 = CARTESIAN_POINT ( 'NONE',  ( 2.100000000000000089, -3.099999999999998757, 7.549999999999999822 ) ) ;
#8767 = DIRECTION ( 'NONE',  ( 0.000000000000000000, 0.000000000000000000, 1.000000000000000000 ) ) ;
#8768 = DIRECTION ( 'NONE',  ( 0.000000000000000000, 1.000000000000000000, 0.000000000000000000 ) ) ;
#8769 = LINE ( 'NONE', #8890, #1662 ) ;
#8770 = DIRECTION ( 'NONE',  ( 0.000000000000000000, 1.000000000000000000, 0.000000000000000000 ) ) ;
#8772 = ORIENTED_EDGE ( 'NONE', *, *, #7579, .T. ) ;
#8771 = VERTEX_POINT ( 'NONE', #3589 ) ;
#8773 = VERTEX_POINT ( 'NONE', #5997 ) ;
#8774 = VERTEX_POINT ( 'NONE', #2882 ) ;
#8775 = VECTOR ( 'NONE', #796, 1000.000000000000000 ) ;
#8776 = LINE ( 'NONE', #10210, #5351 ) ;
#8777 = ORIENTED_EDGE ( 'NONE', *, *, #5350, .T. ) ;
#8778 = EDGE_CURVE ( 'NONE', #7259, #3148, #1527, .T. ) ;
#8779 = ORIENTED_EDGE ( 'NONE', *, *, #10190, .F. ) ;
#8780 = ORIENTED_EDGE ( 'NONE', *, *, #1613, .T. ) ;
#8781 = CARTESIAN_POINT ( 'NONE',  ( 3.299999999999999822, 0.8000000000000001554, -6.750000000000001776 ) ) ;
#8782 = AXIS2_PLACEMENT_3D ( 'NONE', #5482, #7732, #4482 ) ;
#8783 = DIRECTION ( 'NONE',  ( 0.000000000000000000, -1.000000000000000000, -0.000000000000000000 ) ) ;
#8784 = CARTESIAN_POINT ( 'NONE',  ( 5.799999999999998046, 2.100000000000000089, 5.250000000000000000 ) ) ;
#8785 = LINE ( 'NONE', #5628, #9122 ) ;
#8786 = ADVANCED_FACE ( 'NONE', ( #1480 ), #5121, .T. ) ;
#8787 = PLANE ( 'NONE',  #7174 ) ;
#8788 = VERTEX_POINT ( 'NONE', #7049 ) ;
#8789 = ORIENTED_EDGE ( 'NONE', *, *, #6082, .F. ) ;
#8790 = PLANE ( 'NONE',  #6402 ) ;
#8791 = VECTOR ( 'NONE', #9968, 1000.000000000000000 ) ;
#8792 = DIRECTION ( 'NONE',  ( 1.000000000000000000, 0.000000000000000000, 0.000000000000000000 ) ) ;
#8793 = DIRECTION ( 'NONE',  ( -0.8191520442889909104, 0.5735764363510472696, 0.000000000000000000 ) ) ;
#8794 = CLOSED_SHELL ( 'NONE', ( #4551, #8718, #4527, #2561, #4608, #8452 ) ) ;
#8795 = VERTEX_POINT ( 'NONE', #7818 ) ;
#8796 = CARTESIAN_POINT ( 'NONE',  ( 2.550000000000000266, -2.299999999999999822, 7.549999999999998046 ) ) ;
#8797 = PLANE ( 'NONE',  #6988 ) ;
#8798 = LINE ( 'NONE', #5151, #1790 ) ;
#8799 = AXIS2_PLACEMENT_3D ( 'NONE', #205, #468, #7676 ) ;
#8800 = EDGE_CURVE ( 'NONE', #9217, #1147, #1416, .T. ) ;
#8802 = ORIENTED_EDGE ( 'NONE', *, *, #10460, .T. ) ;
#8801 = VERTEX_POINT ( 'NONE', #2804 ) ;
#8803 = CARTESIAN_POINT ( 'NONE',  ( -6.200000000000000178, 0.000000000000000000, 1.000000000000000000 ) ) ;
#8804 = VERTEX_POINT ( 'NONE', #7113 ) ;
#8805 = CARTESIAN_POINT ( 'NONE',  ( -2.500000000000000000, -2.299999999999998046, -7.050000000000002487 ) ) ;
#8806 = DIRECTION ( 'NONE',  ( 1.000000000000000000, 0.000000000000000000, 0.000000000000000000 ) ) ;
#8807 = EDGE_CURVE ( 'NONE', #5493, #10225, #1371, .T. ) ;
#8808 = ADVANCED_FACE ( 'NONE', ( #5179 ), #9485, .T. ) ;
#8809 = DIRECTION ( 'NONE',  ( -1.000000000000000000, -0.000000000000000000, -0.000000000000000000 ) ) ;
#8810 = VECTOR ( 'NONE', #296, 1000.000000000000000 ) ;
#8811 = EDGE_LOOP ( 'NONE', ( #5672, #6974, #2077, #7191 ) ) ;
#8812 = DIRECTION ( 'NONE',  ( 0.000000000000000000, -0.000000000000000000, -1.000000000000000000 ) ) ;
#8813 = ORIENTED_EDGE ( 'NONE', *, *, #6047, .F. ) ;
#8814 = DIRECTION ( 'NONE',  ( 0.000000000000000000, -1.000000000000000000, -2.460132057943349518E-16 ) ) ;
#8815 = CYLINDRICAL_SURFACE ( 'NONE', #345, 0.1999999999999996503 ) ;
#8816 = VECTOR ( 'NONE', #5266, 1000.000000000000000 ) ;
#8817 = DIRECTION ( 'NONE',  ( -1.000000000000000000, -0.000000000000000000, -0.000000000000000000 ) ) ;
#8818 = FACE_OUTER_BOUND ( 'NONE', #1130, .T. ) ;
#8820 = ORIENTED_EDGE ( 'NONE', *, *, #620, .F. ) ;
#8819 = ORIENTED_EDGE ( 'NONE', *, *, #9611, .F. ) ;
#8821 = ORIENTED_EDGE ( 'NONE', *, *, #2421, .T. ) ;
#8822 = AXIS2_PLACEMENT_3D ( 'NONE', #7092, #450, #4479 ) ;
#8823 = DIRECTION ( 'NONE',  ( 0.000000000000000000, -1.000000000000000000, 0.000000000000000000 ) ) ;
#8824 = AXIS2_PLACEMENT_3D ( 'NONE', #1005, #8394, #8263 ) ;
#8825 = CARTESIAN_POINT ( 'NONE',  ( 3.299999999999999822, 2.949999999999998845, 7.249999999999999112 ) ) ;
#8826 = LINE ( 'NONE', #3609, #5370 ) ;
#8827 = CARTESIAN_POINT ( 'NONE',  ( 2.550000000000000266, -2.299999999999998046, -7.200000000000001066 ) ) ;
#8828 = EDGE_CURVE ( 'NONE', #8266, #9061, #8553, .T. ) ;
#8829 = ORIENTED_EDGE ( 'NONE', *, *, #8333, .F. ) ;
#8830 = ORIENTED_EDGE ( 'NONE', *, *, #10190, .T. ) ;
#8831 = CARTESIAN_POINT ( 'NONE',  ( -2.299999999999999822, -2.299999999999999822, 7.549999999999999822 ) ) ;
#8832 = ORIENTED_EDGE ( 'NONE', *, *, #9177, .T. ) ;
#8833 = DIRECTION ( 'NONE',  ( -0.9396926207859082059, 0.3420201433256695456, 1.515189377974040262E-17 ) ) ;
#8834 = FACE_OUTER_BOUND ( 'NONE', #6886, .T. ) ;
#8835 = AXIS2_PLACEMENT_3D ( 'NONE', #7748, #5992, #927 ) ;
#8836 = CARTESIAN_POINT ( 'NONE',  ( 3.880824640740575759, 0.1000000000000006717, -5.850000000000000533 ) ) ;
#8837 = FACE_OUTER_BOUND ( 'NONE', #5464, .T. ) ;
#8838 = DIRECTION ( 'NONE',  ( 0.000000000000000000, -1.000000000000000000, 0.000000000000000000 ) ) ;
#8839 = CARTESIAN_POINT ( 'NONE',  ( -5.049999999999997158, 2.400000000000000355, 2.000000000000000000 ) ) ;
#8840 = CARTESIAN_POINT ( 'NONE',  ( 5.499999999999996447, 1.000000000000000000, -6.400000000000000355 ) ) ;
#8842 = VERTEX_POINT ( 'NONE', #9257 ) ;
#8841 = ORIENTED_EDGE ( 'NONE', *, *, #1675, .T. ) ;
#8843 = ORIENTED_EDGE ( 'NONE', *, *, #338, .T. ) ;
#8844 = EDGE_CURVE ( 'NONE', #2664, #155, #8421, .T. ) ;
#8845 = LINE ( 'NONE', #8878, #1737 ) ;
#8846 = ADVANCED_FACE ( 'NONE', ( #8362 ), #8661, .T. ) ;
#8847 = CLOSED_SHELL ( 'NONE', ( #2999, #8184, #1073, #1328, #3558, #2975, #1818, #5561, #791, #1365, #3872, #3673, #9544, #5021, #7913, #1926, #5980, #1451, #1566, #7515, #3738 ) ) ;
#8848 = VERTEX_POINT ( 'NONE', #3287 ) ;
#8849 = CARTESIAN_POINT ( 'NONE',  ( 5.799999999999998934, 5.650000000000002132, -2.999999999999998224 ) ) ;
#8850 = EDGE_CURVE ( 'NONE', #10475, #437, #4836, .T. ) ;
#8851 = ORIENTED_EDGE ( 'NONE', *, *, #6241, .T. ) ;
#8852 = VECTOR ( 'NONE', #8689, 1000.000000000000000 ) ;
#8853 = DIRECTION ( 'NONE',  ( 0.000000000000000000, 0.000000000000000000, -1.000000000000000000 ) ) ;
#8854 = CARTESIAN_POINT ( 'NONE',  ( 6.200000000000000178, 0.09999999999999971412, -4.500000000000000888 ) ) ;
#8855 = VECTOR ( 'NONE', #8477, 1000.000000000000000 ) ;
#8856 = AXIS2_PLACEMENT_3D ( 'NONE', #2112, #5424, #9549 ) ;
#8857 = DIRECTION ( 'NONE',  ( 0.000000000000000000, 0.000000000000000000, 1.000000000000000000 ) ) ;
#8858 = DIRECTION ( 'NONE',  ( 1.535153518563546084E-16, 1.000000000000000000, 0.000000000000000000 ) ) ;
#8860 = EDGE_LOOP ( 'NONE', ( #6744, #5191, #10234, #1393, #10377, #8073 ) ) ;
#8859 = ORIENTED_EDGE ( 'NONE', *, *, #9652, .F. ) ;
#8861 = ORIENTED_EDGE ( 'NONE', *, *, #676, .T. ) ;
#8862 = EDGE_LOOP ( 'NONE', ( #2274, #1444, #8731, #1461 ) ) ;
#8863 = DIRECTION ( 'NONE',  ( 0.000000000000000000, 2.460132057943349518E-16, -1.000000000000000000 ) ) ;
#8864 = DIRECTION ( 'NONE',  ( 0.000000000000000000, 0.000000000000000000, 1.000000000000000000 ) ) ;
#8865 = ORIENTED_EDGE ( 'NONE', *, *, #4796, .T. ) ;
#8866 = DIRECTION ( 'NONE',  ( 0.000000000000000000, 0.000000000000000000, -1.000000000000000000 ) ) ;
#8867 = EDGE_CURVE ( 'NONE', #8481, #1240, #1564, .T. ) ;
#8868 = VERTEX_POINT ( 'NONE', #1635 ) ;
#8869 = FACE_OUTER_BOUND ( 'NONE', #587, .T. ) ;
#8870 = EDGE_CURVE ( 'NONE', #3783, #10061, #4902, .T. ) ;
#8871 = DIRECTION ( 'NONE',  ( 0.000000000000000000, 1.000000000000000000, 0.000000000000000000 ) ) ;
#8872 = FACE_OUTER_BOUND ( 'NONE', #9020, .T. ) ;
#8873 = AXIS2_PLACEMENT_3D ( 'NONE', #6892, #972, #4981 ) ;
#8874 = ADVANCED_FACE ( 'NONE', ( #8676 ), #6387, .T. ) ;
#8875 = ORIENTED_EDGE ( 'NONE', *, *, #6530, .F. ) ;
#8876 = DIRECTION ( 'NONE',  ( -0.5735764363510474917, -0.8191520442889909104, 0.000000000000000000 ) ) ;
#8877 = EDGE_LOOP ( 'NONE', ( #8341, #10016, #9673, #886 ) ) ;
#8878 = CARTESIAN_POINT ( 'NONE',  ( 5.799999999999998934, 3.100000000000000533, 5.250000000000000000 ) ) ;
#8879 = CARTESIAN_POINT ( 'NONE',  ( 4.549999999999997158, 2.400000000000000355, -5.850000000000000533 ) ) ;
#8880 = VECTOR ( 'NONE', #4826, 1000.000000000000000 ) ;
#8881 = ORIENTED_EDGE ( 'NONE', *, *, #7652, .T. ) ;
#8882 = ORIENTED_EDGE ( 'NONE', *, *, #8726, .T. ) ;
#8883 = CARTESIAN_POINT ( 'NONE',  ( 2.542012759203106320, 0.1000000000000001721, -2.000000000000000000 ) ) ;
#8884 = ORIENTED_EDGE ( 'NONE', *, *, #1384, .F. ) ;
#8885 = CARTESIAN_POINT ( 'NONE',  ( -5.450000000000000178, 6.100000000000000533, 6.700000000000000178 ) ) ;
#8886 = LINE ( 'NONE', #6765, #1769 ) ;
#8887 = SURFACE_STYLE_FILL_AREA ( #5335 ) ;
#8888 = CARTESIAN_POINT ( 'NONE',  ( 2.100000000000000089, 0.3544119062935187636, 6.700000000000000178 ) ) ;
#8889 = EDGE_CURVE ( 'NONE', #3138, #228, #1578, .T. ) ;
#8890 = CARTESIAN_POINT ( 'NONE',  ( -0.05000000000000056483, 0.09999999999999974187, 7.699999999999997513 ) ) ;
#8891 = MANIFOLD_SOLID_BREP ( 'Mirror1[4]', #8794 ) ;
#8892 = LINE ( 'NONE', #21, #5541 ) ;
#8893 = EDGE_CURVE ( 'NONE', #4565, #812, #8903, .T. ) ;
#8894 = VECTOR ( 'NONE', #9248, 1000.000000000000000 ) ;
#8896 = ORIENTED_EDGE ( 'NONE', *, *, #8652, .F. ) ;
#8895 = VERTEX_POINT ( 'NONE', #4060 ) ;
#8897 = EDGE_CURVE ( 'NONE', #8087, #4149, #5550, .T. ) ;
#8898 = VERTEX_POINT ( 'NONE', #96 ) ;
#8899 = PLANE ( 'NONE',  #5366 ) ;
#8900 = FILL_AREA_STYLE ('',( #2723 ) ) ;
#8901 = ADVANCED_FACE ( 'NONE', ( #1819 ), #5388, .T. ) ;
#8902 = CARTESIAN_POINT ( 'NONE',  ( 5.699999999999996625, 0.09999999999999971412, -3.000000000000000444 ) ) ;
#8903 = LINE ( 'NONE', #6472, #8735 ) ;
#8904 = DIRECTION ( 'NONE',  ( 0.3420201433256695456, 0.9396926207859082059, 1.895473080790100108E-16 ) ) ;
#8905 = ORIENTED_EDGE ( 'NONE', *, *, #6707, .F. ) ;
#8906 = CARTESIAN_POINT ( 'NONE',  ( 0.8000000000000001554, 3.249999999999998668, 6.349999999999997868 ) ) ;
#8907 = ORIENTED_EDGE ( 'NONE', *, *, #8420, .F. ) ;
#8908 = DIRECTION ( 'NONE',  ( 1.000000000000000000, 0.000000000000000000, 0.000000000000000000 ) ) ;
#8909 = CYLINDRICAL_SURFACE ( 'NONE', #4250, 0.2999999999999999334 ) ;
#8910 = DIRECTION ( 'NONE',  ( 1.000000000000000000, 0.000000000000000000, 0.000000000000000000 ) ) ;
#8911 = LINE ( 'NONE', #10240, #8855 ) ;
#8912 = DIRECTION ( 'NONE',  ( 3.614007241618348278E-16, 1.000000000000000000, 2.017120320903263702E-16 ) ) ;
#8913 = CARTESIAN_POINT ( 'NONE',  ( 6.514715287270208322, -2.198587845354674108, 1.000000000000000000 ) ) ;
#8914 = DIRECTION ( 'NONE',  ( -0.000000000000000000, 2.017120320903263702E-16, -1.000000000000000000 ) ) ;
#8915 = LINE ( 'NONE', #2621, #1808 ) ;
#8916 = EDGE_CURVE ( 'NONE', #425, #4408, #5463, .T. ) ;
#8918 = ORIENTED_EDGE ( 'NONE', *, *, #8730, .F. ) ;
#8917 = ORIENTED_EDGE ( 'NONE', *, *, #2714, .F. ) ;
#8919 = VERTEX_POINT ( 'NONE', #9555 ) ;
#8920 = AXIS2_PLACEMENT_3D ( 'NONE', #753, #1488, #4050 ) ;
#8921 = DIRECTION ( 'NONE',  ( 0.000000000000000000, -1.000000000000000000, -0.000000000000000000 ) ) ;
#8922 = EDGE_LOOP ( 'NONE', ( #4193, #3436, #301, #1385 ) ) ;
#8923 = DIRECTION ( 'NONE',  ( 0.7071067811865456854, 0.000000000000000000, 0.7071067811865493491 ) ) ;
#8924 = VERTEX_POINT ( 'NONE', #4893 ) ;
#8925 = VECTOR ( 'NONE', #5207, 1000.000000000000000 ) ;
#8926 = LINE ( 'NONE', #7730, #1847 ) ;
#8927 = DIRECTION ( 'NONE',  ( 0.000000000000000000, 0.000000000000000000, 1.000000000000000000 ) ) ;
#8928 = PLANE ( 'NONE',  #7601 ) ;
#8929 = PLANE ( 'NONE',  #6051 ) ;
#8930 = CYLINDRICAL_SURFACE ( 'NONE', #2093, 0.1999999999999996503 ) ;
#8931 = DIRECTION ( 'NONE',  ( 0.000000000000000000, -1.000000000000000000, -0.000000000000000000 ) ) ;
#8933 = ORIENTED_EDGE ( 'NONE', *, *, #1049, .F. ) ;
#8932 = ORIENTED_EDGE ( 'NONE', *, *, #169, .F. ) ;
#8934 = VERTEX_POINT ( 'NONE', #7229 ) ;
#8935 = DIRECTION ( 'NONE',  ( 1.000000000000000000, -1.327027319204863784E-16, 0.000000000000000000 ) ) ;
#8936 = FILL_AREA_STYLE ('',( #2281 ) ) ;
#8937 = EDGE_CURVE ( 'NONE', #2799, #4444, #5516, .T. ) ;
#8938 = DIRECTION ( 'NONE',  ( -0.5735764363510474917, 0.8191520442889909104, 0.000000000000000000 ) ) ;
#8939 = ADVANCED_FACE ( 'NONE', ( #9009 ), #8710, .T. ) ;
#8940 = DIRECTION ( 'NONE',  ( 1.000000000000000000, 0.000000000000000000, -0.000000000000000000 ) ) ;
#8941 = ORIENTED_EDGE ( 'NONE', *, *, #6284, .F. ) ;
#8942 = FACE_OUTER_BOUND ( 'NONE', #10044, .T. ) ;
#8943 = VECTOR ( 'NONE', #3392, 999.9999999999998863 ) ;
#8944 = AXIS2_PLACEMENT_3D ( 'NONE', #5984, #5203, #9320 ) ;
#8945 = AXIS2_PLACEMENT_3D ( 'NONE', #3871, #10613, #8864 ) ;
#8946 = ORIENTED_EDGE ( 'NONE', *, *, #567, .T. ) ;
#8947 = CARTESIAN_POINT ( 'NONE',  ( -4.250000000000000000, 6.100000000000000533, 4.525000000000001243 ) ) ;
#8948 = VECTOR ( 'NONE', #5694, 1000.000000000000000 ) ;
#8949 = EDGE_CURVE ( 'NONE', #7794, #4867, #8755, .T. ) ;
#8950 = CIRCLE ( 'NONE', #4736, 0.5749999999999982903 ) ;
#8951 = VECTOR ( 'NONE', #5063, 1000.000000000000000 ) ;
#8952 = ORIENTED_EDGE ( 'NONE', *, *, #7226, .F. ) ;
#8953 = DIRECTION ( 'NONE',  ( 0.000000000000000000, 1.000000000000000000, 0.000000000000000000 ) ) ;
#8954 = AXIS2_PLACEMENT_3D ( 'NONE', #5868, #7773, #5019 ) ;
#8955 = ORIENTED_EDGE ( 'NONE', *, *, #3659, .F. ) ;
#8956 = EDGE_LOOP ( 'NONE', ( #121, #1922, #5205, #5157 ) ) ;
#8957 = PLANE ( 'NONE',  #5758 ) ;
#8958 = DIRECTION ( 'NONE',  ( 0.000000000000000000, 0.000000000000000000, -1.000000000000000000 ) ) ;
#8959 = VECTOR ( 'NONE', #1782, 1000.000000000000000 ) ;
#8960 = DIRECTION ( 'NONE',  ( 0.000000000000000000, 2.017120320903263702E-16, -1.000000000000000000 ) ) ;
#8961 = DIRECTION ( 'NONE',  ( -0.000000000000000000, 4.430117370400858162E-17, -1.000000000000000000 ) ) ;
#8962 = ORIENTED_EDGE ( 'NONE', *, *, #8116, .T. ) ;
#8963 = CARTESIAN_POINT ( 'NONE',  ( -3.880824640740575315, 2.935823076413500043, -4.499999999999997335 ) ) ;
#8964 = VECTOR ( 'NONE', #2263, 1000.000000000000000 ) ;
#8965 = DIRECTION ( 'NONE',  ( -0.000000000000000000, -0.000000000000000000, 1.000000000000000000 ) ) ;
#8966 = ORIENTED_EDGE ( 'NONE', *, *, #3549, .T. ) ;
#8967 = AXIS2_PLACEMENT_3D ( 'NONE', #8650, #4703, #6403 ) ;
#8968 = AXIS2_PLACEMENT_3D ( 'NONE', #2771, #5250, #253 ) ;
#8969 = VECTOR ( 'NONE', #4325, 1000.000000000000000 ) ;
#8970 = EDGE_CURVE ( 'NONE', #3231, #10387, #1691, .T. ) ;
#8971 = ADVANCED_FACE ( 'NONE', ( #1649 ), #692, .F. ) ;
#8973 = ORIENTED_EDGE ( 'NONE', *, *, #4732, .F. ) ;
#8972 = ORIENTED_EDGE ( 'NONE', *, *, #2503, .F. ) ;
#8974 = ORIENTED_EDGE ( 'NONE', *, *, #1086, .F. ) ;
#8975 = DIRECTION ( 'NONE',  ( 0.000000000000000000, 0.000000000000000000, -1.000000000000000000 ) ) ;
#8976 = CARTESIAN_POINT ( 'NONE',  ( 5.699999999999998401, 0.6000000000000007550, -3.000000000000000000 ) ) ;
#8977 = AXIS2_PLACEMENT_3D ( 'NONE', #1215, #1469, #8678 ) ;
#8978 = CARTESIAN_POINT ( 'NONE',  ( 3.880824640740575759, 0.09999999999999990841, 4.500000000000000888 ) ) ;
#8979 = FACE_OUTER_BOUND ( 'NONE', #10392, .T. ) ;
#8980 = DIRECTION ( 'NONE',  ( 0.8191520442889909104, 0.5735764363510473807, 0.000000000000000000 ) ) ;
#8981 = DIRECTION ( 'NONE',  ( -1.000000000000000000, -0.000000000000000000, 0.000000000000000000 ) ) ;
#8982 = ORIENTED_EDGE ( 'NONE', *, *, #533, .T. ) ;
#8983 = VECTOR ( 'NONE', #2097, 1000.000000000000000 ) ;
#8984 = DIRECTION ( 'NONE',  ( 0.000000000000000000, 2.017120320903263702E-16, -1.000000000000000000 ) ) ;
#8985 = FACE_OUTER_BOUND ( 'NONE', #4213, .T. ) ;
#8986 = CARTESIAN_POINT ( 'NONE',  ( 5.799999999999998934, 5.650000000000001243, 5.250000000000000000 ) ) ;
#8987 = CARTESIAN_POINT ( 'NONE',  ( 0.000000000000000000, 2.100000000000000089, 1.000000000000000000 ) ) ;
#8988 = EDGE_CURVE ( 'NONE', #9778, #8898, #5312, .T. ) ;
#8989 = CARTESIAN_POINT ( 'NONE',  ( -5.049999999999997158, 2.128355624055937206E-16, -6.700000000000000178 ) ) ;
#8990 = VECTOR ( 'NONE', #3317, 1000.000000000000000 ) ;
#8991 = CARTESIAN_POINT ( 'NONE',  ( -5.750000000000000000, 5.650000000000001243, 5.250000000000000000 ) ) ;
#8993 = ORIENTED_EDGE ( 'NONE', *, *, #175, .T. ) ;
#8992 = ORIENTED_EDGE ( 'NONE', *, *, #8312, .T. ) ;
#8994 = EDGE_CURVE ( 'NONE', #1946, #8376, #5263, .T. ) ;
#8995 = ADVANCED_FACE ( 'NONE', ( #1707 ), #4268, .T. ) ;
#8996 = LINE ( 'NONE', #6797, #8959 ) ;
#8997 = AXIS2_PLACEMENT_3D ( 'NONE', #7544, #2482, #7618 ) ;
#8998 = VERTEX_POINT ( 'NONE', #9277 ) ;
#8999 = ORIENTED_EDGE ( 'NONE', *, *, #9598, .F. ) ;
#9000 = DIRECTION ( 'NONE',  ( 1.000000000000000000, 0.000000000000000000, 0.000000000000000000 ) ) ;
#9001 = DIRECTION ( 'NONE',  ( -0.000000000000000000, 1.000000000000000000, 2.017120320903263702E-16 ) ) ;
#9002 = FACE_OUTER_BOUND ( 'NONE', #89, .T. ) ;
#9003 = CARTESIAN_POINT ( 'NONE',  ( -5.750000000000000000, 5.700000000000000178, 6.700000000000000178 ) ) ;
#9004 = VECTOR ( 'NONE', #2314, 1000.000000000000000 ) ;
#9005 = EDGE_LOOP ( 'NONE', ( #7783, #4111, #4133, #7705 ) ) ;
#9006 = ORIENTED_EDGE ( 'NONE', *, *, #9389, .F. ) ;
#9007 = DIRECTION ( 'NONE',  ( 0.000000000000000000, 0.000000000000000000, 1.000000000000000000 ) ) ;
#9008 = EDGE_CURVE ( 'NONE', #5384, #1525, #8776, .T. ) ;
#9009 = FACE_OUTER_BOUND ( 'NONE', #4018, .T. ) ;
#9010 = CARTESIAN_POINT ( 'NONE',  ( 2.542012759203106320, 0.1000000000000001721, -2.000000000000000000 ) ) ;
#9011 = ORIENTED_EDGE ( 'NONE', *, *, #975, .T. ) ;
#9012 = CARTESIAN_POINT ( 'NONE',  ( -2.291287847477920803, 15.00000000000000000, 0.9999999999999991118 ) ) ;
#9013 = AXIS2_PLACEMENT_3D ( 'NONE', #3236, #1661, #4159 ) ;
#9014 = ORIENTED_EDGE ( 'NONE', *, *, #7996, .F. ) ;
#9015 = VECTOR ( 'NONE', #5125, 1000.000000000000114 ) ;
#9016 = DIRECTION ( 'NONE',  ( 0.000000000000000000, -1.000000000000000000, 0.000000000000000000 ) ) ;
#9017 = LINE ( 'NONE', #3244, #9004 ) ;
#9018 = CARTESIAN_POINT ( 'NONE',  ( 0.000000000000000000, -3.099999999999999201, 7.549999999999999822 ) ) ;
#9020 = EDGE_LOOP ( 'NONE', ( #5742, #3153, #1609, #10294 ) ) ;
#9019 = ORIENTED_EDGE ( 'NONE', *, *, #2832, .F. ) ;
#9021 = CARTESIAN_POINT ( 'NONE',  ( -5.943206300660539121, -2.598762745933357543, 0.000000000000000000 ) ) ;
#9022 = ORIENTED_EDGE ( 'NONE', *, *, #5589, .T. ) ;
#9023 = DIRECTION ( 'NONE',  ( 0.000000000000000000, 0.000000000000000000, 1.000000000000000000 ) ) ;
#9024 = DIRECTION ( 'NONE',  ( 1.807003620809174632E-16, -1.000000000000000000, -1.807003620809174632E-16 ) ) ;
#9025 = CIRCLE ( 'NONE', #194, 0.2999999999999999334 ) ;
#9026 = EDGE_CURVE ( 'NONE', #2799, #9324, #1925, .T. ) ;
#9027 = DIRECTION ( 'NONE',  ( 0.000000000000000000, -0.7071067811865490160, -0.7071067811865460184 ) ) ;
#9028 = DIRECTION ( 'NONE',  ( 0.000000000000000000, 1.000000000000000000, 0.000000000000000000 ) ) ;
#9029 = VERTEX_POINT ( 'NONE', #2829 ) ;
#9030 = DIRECTION ( 'NONE',  ( 2.478176394252553728E-15, 0.000000000000000000, -1.000000000000000000 ) ) ;
#9031 = LINE ( 'NONE', #6292, #8964 ) ;
#9032 = LINE ( 'NONE', #6509, #1982 ) ;
#9033 = CARTESIAN_POINT ( 'NONE',  ( 4.250000000000000000, 6.700000000000000178, -5.099999999999999645 ) ) ;
#9034 = CARTESIAN_POINT ( 'NONE',  ( -4.250000000000000000, 6.700000000000000178, -5.524999999999999467 ) ) ;
#9035 = SURFACE_STYLE_USAGE ( .BOTH. , #976 ) ;
#9036 = AXIS2_PLACEMENT_3D ( 'NONE', #5238, #6587, #2609 ) ;
#9037 = DIRECTION ( 'NONE',  ( 0.000000000000000000, 1.000000000000000000, 4.430117370400858162E-17 ) ) ;
#9038 = LINE ( 'NONE', #8913, #5343 ) ;
#9040 = ORIENTED_EDGE ( 'NONE', *, *, #7816, .T. ) ;
#9039 = ORIENTED_EDGE ( 'NONE', *, *, #1948, .T. ) ;
#9041 = ORIENTED_EDGE ( 'NONE', *, *, #1697, .T. ) ;
#9042 = DIRECTION ( 'NONE',  ( 0.000000000000000000, 0.000000000000000000, -1.000000000000000000 ) ) ;
#9043 = FACE_OUTER_BOUND ( 'NONE', #9794, .T. ) ;
#9044 = CARTESIAN_POINT ( 'NONE',  ( 5.828491013390329378, -2.434932337075560671, 1.000000000000000000 ) ) ;
#9045 = VECTOR ( 'NONE', #5035, 1000.000000000000000 ) ;
#9046 = CARTESIAN_POINT ( 'NONE',  ( 4.336808689942017736E-16, 0.9000000000000005773, 7.549999999999999822 ) ) ;
#9047 = EDGE_CURVE ( 'NONE', #5025, #9420, #5425, .T. ) ;
#9048 = VERTEX_POINT ( 'NONE', #1125 ) ;
#9049 = FACE_OUTER_BOUND ( 'NONE', #4349, .T. ) ;
#9050 = CARTESIAN_POINT ( 'NONE',  ( 0.000000000000000000, 15.00000000000000000, 0.000000000000000000 ) ) ;
#9051 = LINE ( 'NONE', #8154, #5392 ) ;
#9052 = CARTESIAN_POINT ( 'NONE',  ( 3.299999999999999822, 1.100000000000000089, -5.850000000000000533 ) ) ;
#9053 = LINE ( 'NONE', #3343, #1749 ) ;
#9054 = AXIS2_PLACEMENT_3D ( 'NONE', #7534, #1098, #5916 ) ;
#9055 = CARTESIAN_POINT ( 'NONE',  ( -2.550000000000000266, -2.299999999999998046, -7.050000000000000711 ) ) ;
#9056 = DIRECTION ( 'NONE',  ( -1.807003620809174139E-16, 1.000000000000000000, -1.153875183674998759E-16 ) ) ;
#9057 = CARTESIAN_POINT ( 'NONE',  ( 5.799999999999998934, 5.650000000000001243, 5.250000000000000000 ) ) ;
#9058 = ADVANCED_FACE ( 'NONE', ( #1762 ), #3669, .F. ) ;
#9059 = EDGE_CURVE ( 'NONE', #3220, #4302, #1838, .T. ) ;
#9060 = ORIENTED_EDGE ( 'NONE', *, *, #3701, .F. ) ;
#9061 = VERTEX_POINT ( 'NONE', #8451 ) ;
#9062 = VECTOR ( 'NONE', #7367, 1000.000000000000000 ) ;
#9063 = CARTESIAN_POINT ( 'NONE',  ( -5.699999999999996625, 0.09999999999999971412, -3.000000000000000444 ) ) ;
#9064 = ORIENTED_EDGE ( 'NONE', *, *, #5208, .T. ) ;
#9065 = VECTOR ( 'NONE', #2309, 1000.000000000000000 ) ;
#9066 = CARTESIAN_POINT ( 'NONE',  ( 0.000000000000000000, 2.100000000000000089, -1.000000000000000000 ) ) ;
#9067 = DIRECTION ( 'NONE',  ( -0.000000000000000000, -0.7071067811865451302, 0.7071067811865500152 ) ) ;
#9068 = VECTOR ( 'NONE', #4941, 1000.000000000000000 ) ;
#9069 = DIRECTION ( 'NONE',  ( 0.000000000000000000, 1.000000000000000000, 0.000000000000000000 ) ) ;
#9070 = EDGE_CURVE ( 'NONE', #5805, #731, #9025, .T. ) ;
#9072 = VERTEX_POINT ( 'NONE', #6087 ) ;
#9071 = ORIENTED_EDGE ( 'NONE', *, *, #9513, .F. ) ;
#9073 = EDGE_LOOP ( 'NONE', ( #6706, #1598, #3168, #1274 ) ) ;
#9074 = DIRECTION ( 'NONE',  ( 0.000000000000000000, 0.000000000000000000, -1.000000000000000000 ) ) ;
#9075 = AXIS2_PLACEMENT_3D ( 'NONE', #722, #912, #191 ) ;
#9076 = AXIS2_PLACEMENT_3D ( 'NONE', #5083, #6149, #6075 ) ;
#9077 = ADVANCED_FACE ( 'NONE', ( #8979 ), #1976, .T. ) ;
#9078 = DIRECTION ( 'NONE',  ( 1.000000000000000000, 0.000000000000000000, 0.000000000000000000 ) ) ;
#9079 = CARTESIAN_POINT ( 'NONE',  ( -6.200000000000000178, 2.100000000000000089, -1.599999999999999867 ) ) ;
#9080 = EDGE_CURVE ( 'NONE', #6034, #6801, #1797, .T. ) ;
#9081 = VERTEX_POINT ( 'NONE', #8516 ) ;
#9082 = VECTOR ( 'NONE', #2798, 1000.000000000000000 ) ;
#9083 = CIRCLE ( 'NONE', #2766, 0.1499999999999999667 ) ;
#9084 = ORIENTED_EDGE ( 'NONE', *, *, #9120, .F. ) ;
#9085 = AXIS2_PLACEMENT_3D ( 'NONE', #10019, #9329, #10258 ) ;
#9086 = FACE_OUTER_BOUND ( 'NONE', #3921, .T. ) ;
#9087 = FACE_OUTER_BOUND ( 'NONE', #10540, .T. ) ;
#9089 = ORIENTED_EDGE ( 'NONE', *, *, #4633, .F. ) ;
#9088 = VERTEX_POINT ( 'NONE', #7493 ) ;
#9090 = PLANE ( 'NONE',  #1756 ) ;
#9091 = CARTESIAN_POINT ( 'NONE',  ( -5.750000000000000000, 5.700000000000000178, 6.700000000000000178 ) ) ;
#9092 = ORIENTED_EDGE ( 'NONE', *, *, #8659, .F. ) ;
#9093 = CARTESIAN_POINT ( 'NONE',  ( -3.880824640740575759, 0.5000000000000004441, 3.000000000000000000 ) ) ;
#9094 = DIRECTION ( 'NONE',  ( -1.000000000000000000, 0.000000000000000000, -0.000000000000000000 ) ) ;
#9095 = VECTOR ( 'NONE', #10132, 1000.000000000000000 ) ;
#9096 = FACE_OUTER_BOUND ( 'NONE', #1795, .T. ) ;
#9097 = CARTESIAN_POINT ( 'NONE',  ( 5.799999999999996270, 0.5000000000000004441, -3.000000000000000000 ) ) ;
#9098 = EDGE_CURVE ( 'NONE', #1908, #5241, #8996, .T. ) ;
#9099 = ORIENTED_EDGE ( 'NONE', *, *, #4000, .T. ) ;
#9100 = DIRECTION ( 'NONE',  ( 0.000000000000000000, 0.000000000000000000, 1.000000000000000000 ) ) ;
#9101 = VECTOR ( 'NONE', #10093, 1000.000000000000000 ) ;
#9102 = LINE ( 'NONE', #7799, #1744 ) ;
#9103 = ORIENTED_EDGE ( 'NONE', *, *, #8079, .T. ) ;
#9104 = CIRCLE ( 'NONE', #634, 0.1999999999999996503 ) ;
#9105 = AXIS2_PLACEMENT_3D ( 'NONE', #2416, #8046, #600 ) ;
#9107 = ORIENTED_EDGE ( 'NONE', *, *, #3802, .F. ) ;
#9106 = EDGE_LOOP ( 'NONE', ( #2406, #2184, #1987, #5821 ) ) ;
#9108 = ORIENTED_EDGE ( 'NONE', *, *, #1341, .T. ) ;
#9109 = CARTESIAN_POINT ( 'NONE',  ( -5.799999999999998934, 3.100000000000000533, 5.250000000000000000 ) ) ;
#9110 = CARTESIAN_POINT ( 'NONE',  ( -5.799999999999996270, 2.400000000000000355, -2.000000000000000000 ) ) ;
#9111 = DIRECTION ( 'NONE',  ( 0.000000000000000000, 0.000000000000000000, -1.000000000000000000 ) ) ;
#9112 = TOROIDAL_SURFACE ( 'NONE', #10064, 0.05000000000000075218, 0.1499999999999999944 ) ;
#9113 = DIRECTION ( 'NONE',  ( 0.000000000000000000, 0.000000000000000000, 1.000000000000000000 ) ) ;
#9114 = EDGE_CURVE ( 'NONE', #4867, #8376, #5244, .T. ) ;
#9115 = DIRECTION ( 'NONE',  ( 3.614007241618348278E-16, 1.000000000000000000, 4.430117370400858162E-17 ) ) ;
#9116 = DIRECTION ( 'NONE',  ( -0.000000000000000000, 4.430117370400858162E-17, -1.000000000000000000 ) ) ;
#9117 = ORIENTED_EDGE ( 'NONE', *, *, #2815, .F. ) ;
#9118 = CARTESIAN_POINT ( 'NONE',  ( 0.4000000000000001887, -3.099999999999998312, -6.200000000000001954 ) ) ;
#9119 = LINE ( 'NONE', #1663, #8943 ) ;
#9120 = EDGE_CURVE ( 'NONE', #9438, #3142, #5479, .T. ) ;
#9121 = DIRECTION ( 'NONE',  ( 0.000000000000000000, 0.000000000000000000, 1.000000000000000000 ) ) ;
#9122 = VECTOR ( 'NONE', #8111, 1000.000000000000000 ) ;
#9123 = DIRECTION ( 'NONE',  ( 1.000000000000000000, -0.000000000000000000, -0.000000000000000000 ) ) ;
#9124 = CARTESIAN_POINT ( 'NONE',  ( 6.399999999999998579, -2.034757436496875016, 1.000000000000000000 ) ) ;
#9125 = PRESENTATION_LAYER_ASSIGNMENT (  '', '', ( #8119 ) ) ;
#9126 = DIRECTION ( 'NONE',  ( -1.000000000000000000, 0.000000000000000000, 0.000000000000000000 ) ) ;
#9127 = LINE ( 'NONE', #7968, #9319 ) ;
#9128 = ORIENTED_EDGE ( 'NONE', *, *, #4231, .T. ) ;
#9129 = ORIENTED_EDGE ( 'NONE', *, *, #7633, .T. ) ;
#9130 = CARTESIAN_POINT ( 'NONE',  ( -3.880824640740575315, 2.935823076413500043, -3.000000000000000000 ) ) ;
#9131 = ORIENTED_EDGE ( 'NONE', *, *, #3780, .F. ) ;
#9132 = LINE ( 'NONE', #1506, #2033 ) ;
#9133 = EDGE_CURVE ( 'NONE', #5726, #5307, #8826, .T. ) ;
#9134 = CARTESIAN_POINT ( 'NONE',  ( -1.699999999999999956, 0.8000000000000001554, -7.050000000000001599 ) ) ;
#9135 = CARTESIAN_POINT ( 'NONE',  ( -5.799999999999998934, 5.650000000000001243, 5.250000000000000000 ) ) ;
#9136 = LINE ( 'NONE', #4774, #2129 ) ;
#9137 = EDGE_CURVE ( 'NONE', #10225, #8481, #1893, .T. ) ;
#9138 = CARTESIAN_POINT ( 'NONE',  ( -3.880824640740575759, 0.4999999999999995559, 3.000000000000000000 ) ) ;
#9139 = LINE ( 'NONE', #9817, #2042 ) ;
#9140 = ADVANCED_FACE ( 'NONE', ( #1718 ), #7702, .F. ) ;
#9141 = CYLINDRICAL_SURFACE ( 'NONE', #4963, 0.2999999999999999334 ) ;
#9142 = ORIENTED_EDGE ( 'NONE', *, *, #4563, .T. ) ;
#9143 = AXIS2_PLACEMENT_3D ( 'NONE', #650, #7194, #6506 ) ;
#9144 = EDGE_LOOP ( 'NONE', ( #2213, #9256, #10452, #2317 ) ) ;
#9145 = DIRECTION ( 'NONE',  ( 0.000000000000000000, 0.000000000000000000, 1.000000000000000000 ) ) ;
#9146 = CARTESIAN_POINT ( 'NONE',  ( 5.799999999999996270, 4.986986664055304885, 5.000000000000000888 ) ) ;
#9147 = FACE_OUTER_BOUND ( 'NONE', #6948, .T. ) ;
#9148 = DIRECTION ( 'NONE',  ( 0.000000000000000000, 1.000000000000000000, 0.000000000000000000 ) ) ;
#9149 = ORIENTED_EDGE ( 'NONE', *, *, #1415, .F. ) ;
#9150 = VECTOR ( 'NONE', #835, 1000.000000000000000 ) ;
#9151 = CARTESIAN_POINT ( 'NONE',  ( -5.799999999999998934, 5.650000000000001243, -5.250000000000000000 ) ) ;
#9152 = CARTESIAN_POINT ( 'NONE',  ( 3.850000000000000089, 4.986986664055304885, 6.700000000000000178 ) ) ;
#9153 = PRESENTATION_STYLE_ASSIGNMENT (( #4364 ) ) ;
#9154 = EDGE_CURVE ( 'NONE', #10010, #746, #5296, .T. ) ;
#9156 = ORIENTED_EDGE ( 'NONE', *, *, #28, .F. ) ;
#9155 = ORIENTED_EDGE ( 'NONE', *, *, #7882, .F. ) ;
#9157 = CARTESIAN_POINT ( 'NONE',  ( 4.250000000000000000, 6.700000000000000178, -5.099999999999999645 ) ) ;
#9158 = PLANE ( 'NONE',  #1031 ) ;
#9159 = ORIENTED_EDGE ( 'NONE', *, *, #3644, .T. ) ;
#9160 = CARTESIAN_POINT ( 'NONE',  ( 6.514715287270208322, -2.198587845354674108, 1.000000000000000000 ) ) ;
#9161 = AXIS2_PLACEMENT_3D ( 'NONE', #6708, #4258, #5014 ) ;
#9162 = ADVANCED_FACE ( 'NONE', ( #9043 ), #7638, .T. ) ;
#9163 = VECTOR ( 'NONE', #2903, 1000.000000000000000 ) ;
#9164 = DIRECTION ( 'NONE',  ( -0.9396926207859082059, -0.3420201433256695456, -1.515189377974040262E-17 ) ) ;
#9165 = ORIENTED_EDGE ( 'NONE', *, *, #1374, .F. ) ;
#9166 = DIRECTION ( 'NONE',  ( -1.000000000000000000, 0.000000000000000000, 0.000000000000000000 ) ) ;
#9167 = VECTOR ( 'NONE', #1885, 1000.000000000000000 ) ;
#9168 = DIRECTION ( 'NONE',  ( 0.000000000000000000, 0.000000000000000000, 1.000000000000000000 ) ) ;
#9169 = VERTEX_POINT ( 'NONE', #5168 ) ;
#9170 = PRODUCT_CONTEXT ( 'NONE', #5830, 'mechanical' ) ;
#9171 = CIRCLE ( 'NONE', #10282, 0.5999999999999989786 ) ;
#9172 = FACE_OUTER_BOUND ( 'NONE', #6812, .T. ) ;
#9173 = DIRECTION ( 'NONE',  ( 0.000000000000000000, 4.430117370400858162E-17, -1.000000000000000000 ) ) ;
#9175 = ORIENTED_EDGE ( 'NONE', *, *, #8261, .T. ) ;
#9174 = ORIENTED_EDGE ( 'NONE', *, *, #1419, .T. ) ;
#9176 = EDGE_LOOP ( 'NONE', ( #9266, #8122, #4454, #6363 ) ) ;
#9177 = EDGE_CURVE ( 'NONE', #3691, #412, #1937, .T. ) ;
#9178 = SURFACE_STYLE_USAGE ( .BOTH. , #6837 ) ;
#9179 = DIRECTION ( 'NONE',  ( 0.000000000000000000, 0.000000000000000000, 1.000000000000000000 ) ) ;
#9180 = VECTOR ( 'NONE', #5379, 1000.000000000000000 ) ;
#9181 = AXIS2_PLACEMENT_3D ( 'NONE', #9250, #5841, #10175 ) ;
#9182 = DIRECTION ( 'NONE',  ( 0.000000000000000000, 0.000000000000000000, 1.000000000000000000 ) ) ;
#9183 = DIRECTION ( 'NONE',  ( 0.000000000000000000, 0.000000000000000000, 1.000000000000000000 ) ) ;
#9184 = ORIENTED_EDGE ( 'NONE', *, *, #1894, .F. ) ;
#9185 = DIRECTION ( 'NONE',  ( -1.000000000000000000, 0.000000000000000000, -0.000000000000000000 ) ) ;
#9186 = LINE ( 'NONE', #7054, #9150 ) ;
#9187 = EDGE_CURVE ( 'NONE', #6433, #2777, #1616, .T. ) ;
#9188 = VECTOR ( 'NONE', #9562, 1000.000000000000000 ) ;
#9189 = EDGE_CURVE ( 'NONE', #2646, #10061, #8845, .T. ) ;
#9190 = TOROIDAL_SURFACE ( 'NONE', #10344, 0.05000000000000010686, 0.1499999999999999944 ) ;
#9191 = DIRECTION ( 'NONE',  ( 0.000000000000000000, -0.000000000000000000, -1.000000000000000000 ) ) ;
#9192 = CARTESIAN_POINT ( 'NONE',  ( -5.699999999999996625, 0.09999999999999971412, 3.000000000000000444 ) ) ;
#9193 = CARTESIAN_POINT ( 'NONE',  ( -1.983582586957798544, 0.02086324578292339874, -6.800000000000001599 ) ) ;
#9195 = ORIENTED_EDGE ( 'NONE', *, *, #3770, .T. ) ;
#9194 = ORIENTED_EDGE ( 'NONE', *, *, #5569, .F. ) ;
#9196 = CARTESIAN_POINT ( 'NONE',  ( 5.799999999999997158, 3.100000000000000089, 4.500000000000000888 ) ) ;
#9197 = ORIENTED_EDGE ( 'NONE', *, *, #2674, .F. ) ;
#9198 = VECTOR ( 'NONE', #7250, 1000.000000000000000 ) ;
#9199 = ORIENTED_EDGE ( 'NONE', *, *, #3123, .F. ) ;
#9200 = LINE ( 'NONE', #7160, #2262 ) ;
#9201 = ORIENTED_EDGE ( 'NONE', *, *, #6155, .F. ) ;
#9202 = ADVANCED_FACE ( 'NONE', ( #1958 ), #5331, .F. ) ;
#9203 = AXIS2_PLACEMENT_3D ( 'NONE', #2558, #5152, #6781 ) ;
#9204 = AXIS2_PLACEMENT_3D ( 'NONE', #6106, #5114, #1723 ) ;
#9205 = CARTESIAN_POINT ( 'NONE',  ( 5.750000000000000000, 5.700000000000000178, 5.250000000000000000 ) ) ;
#9206 = CIRCLE ( 'NONE', #8389, 0.1499999999999999667 ) ;
#9207 = VECTOR ( 'NONE', #1233, 1000.000000000000000 ) ;
#9208 = DIRECTION ( 'NONE',  ( 0.000000000000000000, 1.000000000000000000, 0.000000000000000000 ) ) ;
#9209 = EDGE_CURVE ( 'NONE', #6956, #8774, #5624, .T. ) ;
#9210 = FACE_OUTER_BOUND ( 'NONE', #5567, .T. ) ;
#9212 = ORIENTED_EDGE ( 'NONE', *, *, #3502, .F. ) ;
#9211 = ORIENTED_EDGE ( 'NONE', *, *, #1397, .F. ) ;
#9213 = VERTEX_POINT ( 'NONE', #6164 ) ;
#9214 = DIRECTION ( 'NONE',  ( -1.000000000000000000, 0.000000000000000000, 0.000000000000000000 ) ) ;
#9215 = CARTESIAN_POINT ( 'NONE',  ( -6.563830408857795895, -1.920042149226665718, -1.000000000000000000 ) ) ;
#9216 = PLANE ( 'NONE',  #5488 ) ;
#9217 = VERTEX_POINT ( 'NONE', #5594 ) ;
#9218 =( NAMED_UNIT ( * ) SI_UNIT ( $, .STERADIAN. ) SOLID_ANGLE_UNIT ( ) );
#9219 = LINE ( 'NONE', #7210, #2124 ) ;
#9220 = DIRECTION ( 'NONE',  ( -1.341711765540131426E-16, 1.000000000000000000, 0.000000000000000000 ) ) ;
#9221 = LINE ( 'NONE', #10270, #2057 ) ;
#9222 = AXIS2_PLACEMENT_3D ( 'NONE', #6317, #1119, #2128 ) ;
#9223 = CARTESIAN_POINT ( 'NONE',  ( 4.549999999999997158, 2.400000000000000355, -5.850000000000000533 ) ) ;
#9224 = FACE_OUTER_BOUND ( 'NONE', #4518, .T. ) ;
#9225 = ADVANCED_FACE ( 'NONE', ( #5676 ), #9112, .T. ) ;
#9226 = VERTEX_POINT ( 'NONE', #3152 ) ;
#9227 = DIRECTION ( 'NONE',  ( 0.000000000000000000, 1.000000000000000000, 0.000000000000000000 ) ) ;
#9228 = DIRECTION ( 'NONE',  ( -0.9396926207859082059, -0.3420201433256695456, -8.414147190578587988E-17 ) ) ;
#9229 = EDGE_CURVE ( 'NONE', #10222, #10303, #9444, .T. ) ;
#9230 = ORIENTED_EDGE ( 'NONE', *, *, #9059, .T. ) ;
#9231 =( NAMED_UNIT ( * ) PLANE_ANGLE_UNIT ( ) SI_UNIT ( $, .RADIAN. ) );
#9232 = CARTESIAN_POINT ( 'NONE',  ( -2.542012759203106320, 2.400000000000000355, 2.000000000000000000 ) ) ;
#9233 = FACE_OUTER_BOUND ( 'NONE', #190, .T. ) ;
#9234 = AXIS2_PLACEMENT_3D ( 'NONE', #7536, #10095, #72 ) ;
#9235 = CARTESIAN_POINT ( 'NONE',  ( -5.499999999999996447, 5.500000000000000888, -6.700000000000000178 ) ) ;
#9236 = ORIENTED_EDGE ( 'NONE', *, *, #2293, .T. ) ;
#9237 = SURFACE_SIDE_STYLE ('',( #8887 ) ) ;
#9238 = CYLINDRICAL_SURFACE ( 'NONE', #10085, 0.1499999999999999667 ) ;
#9239 = CARTESIAN_POINT ( 'NONE',  ( 3.880824640740575759, 0.4999999999999995559, 3.000000000000000000 ) ) ;
#9240 = CARTESIAN_POINT ( 'NONE',  ( -6.563830408857795895, -1.920042149226665718, 1.000000000000000000 ) ) ;
#9241 = ORIENTED_EDGE ( 'NONE', *, *, #1431, .F. ) ;
#9242 = LINE ( 'NONE', #1640, #9314 ) ;
#9243 = LINE ( 'NONE', #3634, #5583 ) ;
#9244 = CYLINDRICAL_SURFACE ( 'NONE', #5730, 0.9999999999999996669 ) ;
#9245 = EDGE_CURVE ( 'NONE', #10292, #2705, #2120, .T. ) ;
#9246 = VERTEX_POINT ( 'NONE', #1264 ) ;
#9247 = ORIENTED_EDGE ( 'NONE', *, *, #2653, .F. ) ;
#9248 = DIRECTION ( 'NONE',  ( 0.000000000000000000, 0.000000000000000000, -1.000000000000000000 ) ) ;
#9249 = EDGE_CURVE ( 'NONE', #3391, #3126, #5848, .T. ) ;
#9250 = CARTESIAN_POINT ( 'NONE',  ( 2.500000000000000444, 0.1000000000000017125, -7.200000000000000178 ) ) ;
#9251 = SURFACE_STYLE_FILL_AREA ( #6580 ) ;
#9252 = DIRECTION ( 'NONE',  ( 1.000000000000000000, 0.000000000000000000, 0.000000000000000000 ) ) ;
#9253 = PLANE ( 'NONE',  #4396 ) ;
#9254 = CARTESIAN_POINT ( 'NONE',  ( -5.049999999999997158, 0.1000000000000001721, -2.000000000000000000 ) ) ;
#9255 = AXIS2_PLACEMENT_3D ( 'NONE', #1978, #408, #8570 ) ;
#9256 = ORIENTED_EDGE ( 'NONE', *, *, #6021, .F. ) ;
#9257 = CARTESIAN_POINT ( 'NONE',  ( -2.449999999999999734, -2.299999999999999822, 7.699999999999997513 ) ) ;
#9258 = FACE_OUTER_BOUND ( 'NONE', #6880, .T. ) ;
#9259 = VERTEX_POINT ( 'NONE', #779 ) ;
#9260 = DIRECTION ( 'NONE',  ( 0.000000000000000000, 0.000000000000000000, -1.000000000000000000 ) ) ;
#9261 = LINE ( 'NONE', #8007, #9188 ) ;
#9262 = LINE ( 'NONE', #9931, #2172 ) ;
#9263 = DIRECTION ( 'NONE',  ( 1.341711765540131426E-16, 1.000000000000000000, -0.000000000000000000 ) ) ;
#9264 = CARTESIAN_POINT ( 'NONE',  ( 6.199999999999999289, 5.650000000000001243, -5.250000000000000000 ) ) ;
#9266 = ORIENTED_EDGE ( 'NONE', *, *, #8116, .F. ) ;
#9265 = VERTEX_POINT ( 'NONE', #4010 ) ;
#9267 = DIRECTION ( 'NONE',  ( -0.7071067811865489050, 0.000000000000000000, -0.7071067811865462405 ) ) ;
#9268 = ORIENTED_EDGE ( 'NONE', *, *, #10622, .F. ) ;
#9269 = EDGE_LOOP ( 'NONE', ( #8140, #2861, #10056, #6178 ) ) ;
#9270 = EDGE_CURVE ( 'NONE', #10475, #10226, #2157, .T. ) ;
#9271 = EDGE_CURVE ( 'NONE', #2672, #10222, #2382, .T. ) ;
#9272 = CARTESIAN_POINT ( 'NONE',  ( 0.000000000000000000, 14.49999999999999645, 0.000000000000000000 ) ) ;
#9273 = ORIENTED_EDGE ( 'NONE', *, *, #6574, .F. ) ;
#9274 = LINE ( 'NONE', #5771, #5933 ) ;
#9275 = VECTOR ( 'NONE', #2581, 1000.000000000000000 ) ;
#9276 = CARTESIAN_POINT ( 'NONE',  ( 5.799999999999998934, 5.650000000000001243, 5.250000000000000000 ) ) ;
#9277 = CARTESIAN_POINT ( 'NONE',  ( -5.049999999999997158, 2.400000000000000355, -4.999999999999997335 ) ) ;
#9278 = LINE ( 'NONE', #3066, #2295 ) ;
#9280 = ORIENTED_EDGE ( 'NONE', *, *, #3344, .T. ) ;
#9279 = EDGE_LOOP ( 'NONE', ( #4914, #5852, #2474, #5928, #6018, #8483 ) ) ;
#9281 = ORIENTED_EDGE ( 'NONE', *, *, #2131, .F. ) ;
#9282 = VERTEX_POINT ( 'NONE', #7955 ) ;
#9283 = CARTESIAN_POINT ( 'NONE',  ( 5.799999999999998934, 5.650000000000001243, -1.599999999999999867 ) ) ;
#9284 = VERTEX_POINT ( 'NONE', #7067 ) ;
#9285 = CARTESIAN_POINT ( 'NONE',  ( -5.049999999999998046, 4.986986664055304885, -5.350000000000001421 ) ) ;
#9286 = VERTEX_POINT ( 'NONE', #5450 ) ;
#9287 = EDGE_CURVE ( 'NONE', #4408, #8728, #5806, .T. ) ;
#9288 = ORIENTED_EDGE ( 'NONE', *, *, #1720, .T. ) ;
#9289 = VECTOR ( 'NONE', #7988, 1000.000000000000000 ) ;
#9290 = EDGE_LOOP ( 'NONE', ( #1724, #1198, #8105, #8012, #760, #9957, #2345, #8884 ) ) ;
#9291 = ADVANCED_FACE ( 'NONE', ( #9382 ), #5884, .T. ) ;
#9292 = CIRCLE ( 'NONE', #9850, 0.2999999999999999334 ) ;
#9293 = EDGE_CURVE ( 'NONE', #10296, #3193, #5608, .T. ) ;
#9294 = AXIS2_PLACEMENT_3D ( 'NONE', #42, #8871, #2448 ) ;
#9295 = DIRECTION ( 'NONE',  ( 0.7071067811865489050, 0.000000000000000000, -0.7071067811865462405 ) ) ;
#9296 = LINE ( 'NONE', #1942, #9338 ) ;
#9297 = CIRCLE ( 'NONE', #3149, 0.05000000000000077993 ) ;
#9298 = LINE ( 'NONE', #5139, #8951 ) ;
#9299 = ORIENTED_EDGE ( 'NONE', *, *, #8988, .T. ) ;
#9300 = DIRECTION ( 'NONE',  ( -0.8191520442889909104, -0.5735764363510473807, 0.000000000000000000 ) ) ;
#9301 = ORIENTED_EDGE ( 'NONE', *, *, #9675, .F. ) ;
#9302 = CARTESIAN_POINT ( 'NONE',  ( -5.499999999999996447, 1.000000000000000000, 6.700000000000000178 ) ) ;
#9303 = CARTESIAN_POINT ( 'NONE',  ( -1.734723475976807094E-15, -3.903127820947746543E-14, -4.500000000000000000 ) ) ;
#9304 = CARTESIAN_POINT ( 'NONE',  ( 5.799999999999997158, 0.1000000000000006994, 1.999999999999999112 ) ) ;
#9305 = DIRECTION ( 'NONE',  ( 0.000000000000000000, 1.000000000000000000, 4.430117370400858162E-17 ) ) ;
#9306 = DIRECTION ( 'NONE',  ( 0.000000000000000000, -1.000000000000000000, 0.000000000000000000 ) ) ;
#9307 = EDGE_LOOP ( 'NONE', ( #1592, #1185, #3858, #9501 ) ) ;
#9308 = CARTESIAN_POINT ( 'NONE',  ( 5.799999999999996270, 3.100000000000000089, 3.000000000000000000 ) ) ;
#9309 = CIRCLE ( 'NONE', #6796, 0.05000000000000012768 ) ;
#9310 = CARTESIAN_POINT ( 'NONE',  ( 2.900000000000000355, 0.3544119062935187636, 6.700000000000000178 ) ) ;
#9311 = ORIENTED_EDGE ( 'NONE', *, *, #9008, .T. ) ;
#9312 = DIRECTION ( 'NONE',  ( 0.000000000000000000, 0.000000000000000000, 1.000000000000000000 ) ) ;
#9313 = EDGE_CURVE ( 'NONE', #4302, #8371, #9365, .T. ) ;
#9314 = VECTOR ( 'NONE', #1930, 999.9999999999998863 ) ;
#9315 = EDGE_CURVE ( 'NONE', #3627, #81, #5571, .T. ) ;
#9316 = AXIS2_PLACEMENT_3D ( 'NONE', #2979, #3803, #6921 ) ;
#9317 = VECTOR ( 'NONE', #523, 1000.000000000000000 ) ;
#9318 = ADVANCED_FACE ( 'NONE', ( #2140 ), #5866, .T. ) ;
#9319 = VECTOR ( 'NONE', #8745, 1000.000000000000000 ) ;
#9320 = DIRECTION ( 'NONE',  ( -0.000000000000000000, 0.000000000000000000, -1.000000000000000000 ) ) ;
#9322 = ORIENTED_EDGE ( 'NONE', *, *, #2230, .F. ) ;
#9321 = ORIENTED_EDGE ( 'NONE', *, *, #6347, .T. ) ;
#9323 = VERTEX_POINT ( 'NONE', #3736 ) ;
#9324 = VERTEX_POINT ( 'NONE', #1516 ) ;
#9325 = CARTESIAN_POINT ( 'NONE',  ( 5.499999999999996447, 1.000000000000000000, 6.700000000000000178 ) ) ;
#9326 = CARTESIAN_POINT ( 'NONE',  ( 5.799999999999996270, 2.100000000000000089, -1.599999999999999867 ) ) ;
#9327 = EDGE_CURVE ( 'NONE', #1946, #8238, #5905, .T. ) ;
#9328 = CARTESIAN_POINT ( 'NONE',  ( -1.734723475976807094E-15, 0.000000000000000000, -4.500000000000000000 ) ) ;
#9329 = DIRECTION ( 'NONE',  ( -0.000000000000000000, -1.000000000000000000, -0.000000000000000000 ) ) ;
#9330 = EDGE_LOOP ( 'NONE', ( #31, #5190, #2134, #2982, #9500 ) ) ;
#9331 = CARTESIAN_POINT ( 'NONE',  ( 0.000000000000000000, 0.000000000000000000, -1.000000000000000000 ) ) ;
#9332 = LINE ( 'NONE', #7278, #5795 ) ;
#9333 = ORIENTED_EDGE ( 'NONE', *, *, #10389, .T. ) ;
#9334 = CARTESIAN_POINT ( 'NONE',  ( -5.799999999999996270, 2.400000000000000355, 6.700000000000000178 ) ) ;
#9335 = SURFACE_STYLE_FILL_AREA ( #4888 ) ;
#9336 = CARTESIAN_POINT ( 'NONE',  ( -6.744145861810626918, -2.526248663070270073, 1.000000000000000000 ) ) ;
#9337 = DIRECTION ( 'NONE',  ( 0.000000000000000000, 0.000000000000000000, -1.000000000000000000 ) ) ;
#9338 = VECTOR ( 'NONE', #4666, 1000.000000000000000 ) ;
#9339 = CARTESIAN_POINT ( 'NONE',  ( -5.049999999999997158, 0.5000000000000002220, -3.000000000000000000 ) ) ;
#9340 = LINE ( 'NONE', #1165, #2252 ) ;
#9341 = ORIENTED_EDGE ( 'NONE', *, *, #3726, .T. ) ;
#9342 = DIRECTION ( 'NONE',  ( -1.000000000000000000, 0.000000000000000000, 0.000000000000000000 ) ) ;
#9343 = ORIENTED_EDGE ( 'NONE', *, *, #8593, .T. ) ;
#9344 = EDGE_LOOP ( 'NONE', ( #4547, #1764 ) ) ;
#9345 = ADVANCED_FACE ( 'NONE', ( #9147 ), #2065, .T. ) ;
#9346 = VECTOR ( 'NONE', #8350, 1000.000000000000000 ) ;
#9347 = AXIS2_PLACEMENT_3D ( 'NONE', #1968, #5922, #6138 ) ;
#9348 = ORIENTED_EDGE ( 'NONE', *, *, #9047, .F. ) ;
#9349 = CARTESIAN_POINT ( 'NONE',  ( 6.744145861810626918, -2.526248663070270073, 1.000000000000000000 ) ) ;
#9350 = EDGE_CURVE ( 'NONE', #9752, #6089, #9402, .T. ) ;
#9351 = ORIENTED_EDGE ( 'NONE', *, *, #4613, .T. ) ;
#9352 = FACE_OUTER_BOUND ( 'NONE', #7368, .T. ) ;
#9353 = CARTESIAN_POINT ( 'NONE',  ( -5.599999999999996092, 5.500000000000000888, 6.400000000000000355 ) ) ;
#9354 = CYLINDRICAL_SURFACE ( 'NONE', #3249, 0.1999999999999996503 ) ;
#9355 = AXIS2_PLACEMENT_3D ( 'NONE', #208, #273, #6135 ) ;
#9356 = PRESENTATION_STYLE_ASSIGNMENT (( #2428 ) ) ;
#9357 = CARTESIAN_POINT ( 'NONE',  ( -5.049999999999997158, 9.735735021710614441E-14, 4.500000000000001776 ) ) ;
#9358 = CARTESIAN_POINT ( 'NONE',  ( -2.500000000000000000, -2.350000000000000089, 7.549999999999998046 ) ) ;
#9359 = LINE ( 'NONE', #9379, #2269 ) ;
#9360 = LINE ( 'NONE', #9462, #9395 ) ;
#9361 = ORIENTED_EDGE ( 'NONE', *, *, #8010, .T. ) ;
#9362 = ORIENTED_EDGE ( 'NONE', *, *, #9767, .T. ) ;
#9363 = ORIENTED_EDGE ( 'NONE', *, *, #2860, .T. ) ;
#9364 = CARTESIAN_POINT ( 'NONE',  ( -0.7999999999999999334, 2.949999999999998401, 7.549999999999999822 ) ) ;
#9365 = CIRCLE ( 'NONE', #6622, 0.2000000000000000944 ) ;
#9366 = CARTESIAN_POINT ( 'NONE',  ( 5.799999999999996270, 0.000000000000000000, 6.400000000000000355 ) ) ;
#9367 = EDGE_CURVE ( 'NONE', #4184, #10615, #9425, .T. ) ;
#9368 = ORIENTED_EDGE ( 'NONE', *, *, #7411, .F. ) ;
#9369 = FACE_OUTER_BOUND ( 'NONE', #3890, .T. ) ;
#9370 = EDGE_CURVE ( 'NONE', #2308, #10292, #2104, .T. ) ;
#9371 = CIRCLE ( 'NONE', #3727, 0.4249999999999982681 ) ;
#9372 = AXIS2_PLACEMENT_3D ( 'NONE', #3651, #7231, #8713 ) ;
#9373 = VERTEX_POINT ( 'NONE', #1656 ) ;
#9374 = CARTESIAN_POINT ( 'NONE',  ( 5.799999999999996270, 0.5000000000000002220, -4.499999999999997335 ) ) ;
#9375 = ORIENTED_EDGE ( 'NONE', *, *, #5965, .F. ) ;
#9376 = DIRECTION ( 'NONE',  ( 0.000000000000000000, -0.000000000000000000, -1.000000000000000000 ) ) ;
#9377 = ORIENTED_EDGE ( 'NONE', *, *, #1103, .F. ) ;
#9378 = CARTESIAN_POINT ( 'NONE',  ( 5.799999999999996270, 1.000000000000000000, -4.999999999999997335 ) ) ;
#9379 = CARTESIAN_POINT ( 'NONE',  ( -5.049999999999997158, 0.5000000000000002220, 3.000000000000000000 ) ) ;
#9380 = DIRECTION ( 'NONE',  ( -0.8191520442889912434, -0.5735764363510468256, 0.000000000000000000 ) ) ;
#9381 = CARTESIAN_POINT ( 'NONE',  ( -0.4000000000000001887, 0.7999999999999982681, 7.549999999999999822 ) ) ;
#9382 = FACE_OUTER_BOUND ( 'NONE', #8664, .T. ) ;
#9383 = ORIENTED_EDGE ( 'NONE', *, *, #416, .T. ) ;
#9384 = CARTESIAN_POINT ( 'NONE',  ( -3.880824640740575759, 0.09999999999999990841, -2.599999999999997424 ) ) ;
#9385 = ORIENTED_EDGE ( 'NONE', *, *, #7863, .F. ) ;
#9386 = CARTESIAN_POINT ( 'NONE',  ( 6.399999999999998579, -2.034757436496875016, 1.000000000000000000 ) ) ;
#9387 = FACE_OUTER_BOUND ( 'NONE', #2526, .T. ) ;
#9388 = CARTESIAN_POINT ( 'NONE',  ( 5.799999999999996270, 0.5000000000000004441, 3.000000000000000000 ) ) ;
#9389 = EDGE_CURVE ( 'NONE', #8586, #1701, #2400, .T. ) ;
#9390 = DIRECTION ( 'NONE',  ( -0.000000000000000000, 1.000000000000000000, -0.000000000000000000 ) ) ;
#9391 = ADVANCED_FACE ( 'NONE', ( #2030 ), #3565, .T. ) ;
#9392 = VECTOR ( 'NONE', #9638, 999.9999999999998863 ) ;
#9393 = EDGE_CURVE ( 'NONE', #478, #294, #2350, .T. ) ;
#9394 = CIRCLE ( 'NONE', #418, 0.05000000000000012768 ) ;
#9395 = VECTOR ( 'NONE', #5330, 1000.000000000000000 ) ;
#9396 = CYLINDRICAL_SURFACE ( 'NONE', #3415, 0.1499999999999999667 ) ;
#9397 = AXIS2_PLACEMENT_3D ( 'NONE', #5122, #7727, #1730 ) ;
#9398 = VERTEX_POINT ( 'NONE', #2522 ) ;
#9399 = CARTESIAN_POINT ( 'NONE',  ( -5.799999999999996270, 0.5000000000000004441, 3.000000000000000000 ) ) ;
#9400 = CARTESIAN_POINT ( 'NONE',  ( -5.049999999999997158, 2.128355624055937206E-16, -5.350000000000001421 ) ) ;
#9401 = DIRECTION ( 'NONE',  ( 0.000000000000000000, 0.000000000000000000, 1.000000000000000000 ) ) ;
#9402 = LINE ( 'NONE', #3813, #2322 ) ;
#9403 = CARTESIAN_POINT ( 'NONE',  ( 4.250000000000000000, 6.700000000000000178, 5.524999999999997691 ) ) ;
#9404 = VERTEX_POINT ( 'NONE', #4083 ) ;
#9405 = CARTESIAN_POINT ( 'NONE',  ( -3.299999999999999822, 0.8000000000000001554, -6.750000000000001776 ) ) ;
#9406 = CARTESIAN_POINT ( 'NONE',  ( -2.550000000000000711, 0.1000000000000016986, -7.200000000000000178 ) ) ;
#9407 = EDGE_LOOP ( 'NONE', ( #9071, #6185, #510, #9630, #9671 ) ) ;
#9408 = DIRECTION ( 'NONE',  ( 0.000000000000000000, 0.000000000000000000, 1.000000000000000000 ) ) ;
#9409 = CARTESIAN_POINT ( 'NONE',  ( 6.200000000000000178, 3.100000000000000089, -3.000000000000000000 ) ) ;
#9410 = CIRCLE ( 'NONE', #7400, 0.5749999999999999556 ) ;
#9411 = ORIENTED_EDGE ( 'NONE', *, *, #1604, .T. ) ;
#9412 = EDGE_CURVE ( 'NONE', #2397, #4072, #2369, .T. ) ;
#9413 = CARTESIAN_POINT ( 'NONE',  ( 2.500000000000000444, 0.1000000000000016848, -7.050000000000001599 ) ) ;
#9414 = TOROIDAL_SURFACE ( 'NONE', #5053, 0.05000000000000010686, 0.1499999999999999944 ) ;
#9415 = CARTESIAN_POINT ( 'NONE',  ( -5.799999999999998046, 2.100000000000000089, 5.250000000000000000 ) ) ;
#9416 = CARTESIAN_POINT ( 'NONE',  ( 2.900000000000000355, -3.100000000000000089, 6.699999999999999289 ) ) ;
#9417 = FACE_OUTER_BOUND ( 'NONE', #1686, .T. ) ;
#9418 = EDGE_CURVE ( 'NONE', #293, #5495, #5640, .T. ) ;
#9419 = ADVANCED_FACE ( 'NONE', ( #9461 ), #8957, .T. ) ;
#9420 = VERTEX_POINT ( 'NONE', #255 ) ;
#9421 = CARTESIAN_POINT ( 'NONE',  ( 0.8000000000000001554, 2.949999999999998401, 7.549999999999999822 ) ) ;
#9422 = ORIENTED_EDGE ( 'NONE', *, *, #9270, .T. ) ;
#9423 = ORIENTED_EDGE ( 'NONE', *, *, #8640, .F. ) ;
#9424 = AXIS2_PLACEMENT_3D ( 'NONE', #6023, #1131, #5096 ) ;
#9425 = LINE ( 'NONE', #2139, #2050 ) ;
#9426 = DIRECTION ( 'NONE',  ( 0.000000000000000000, 2.460132057943349518E-16, -1.000000000000000000 ) ) ;
#9427 = VERTEX_POINT ( 'NONE', #5964 ) ;
#9428 = DIRECTION ( 'NONE',  ( 0.000000000000000000, -4.430117370400858162E-17, 1.000000000000000000 ) ) ;
#9429 = EDGE_LOOP ( 'NONE', ( #10417, #1665, #7079, #1941, #10526, #1906, #9149, #6501, #4052, #280, #6482, #264, #9885, #5946, #366, #10169, #6542, #7826, #5106, #757, #7839, #826, #8611, #6438, #9437, #568, #6125, #9864, #9321, #9341, #8539, #6522 ) ) ;
#9430 = FACE_OUTER_BOUND ( 'NONE', #5445, .T. ) ;
#9431 = EDGE_LOOP ( 'NONE', ( #6549, #8157, #8249, #4652 ) ) ;
#9432 = CARTESIAN_POINT ( 'NONE',  ( 5.750000000000000000, 5.650000000000001243, 5.250000000000000000 ) ) ;
#9433 = VECTOR ( 'NONE', #5358, 1000.000000000000000 ) ;
#9434 = CARTESIAN_POINT ( 'NONE',  ( -3.999999999999998224, -3.551475717527321367E-16, -6.700000000000000178 ) ) ;
#9435 = CARTESIAN_POINT ( 'NONE',  ( 3.880824640740575315, 2.935823076413500043, -4.499999999999997335 ) ) ;
#9436 = LINE ( 'NONE', #9696, #6012 ) ;
#9437 = ORIENTED_EDGE ( 'NONE', *, *, #2046, .T. ) ;
#9438 = VERTEX_POINT ( 'NONE', #9093 ) ;
#9439 = EDGE_LOOP ( 'NONE', ( #1779, #5459, #1612, #9690 ) ) ;
#9440 = EDGE_CURVE ( 'NONE', #8515, #5329, #5943, .T. ) ;
#9441 = CARTESIAN_POINT ( 'NONE',  ( -5.799999999999996270, 4.986986664055304885, 5.000000000000000888 ) ) ;
#9442 = ADVANCED_FACE ( 'NONE', ( #9233 ), #7659, .F. ) ;
#9443 = DIRECTION ( 'NONE',  ( -1.000000000000000000, 0.000000000000000000, 0.000000000000000000 ) ) ;
#9444 = LINE ( 'NONE', #575, #9180 ) ;
#9445 = CARTESIAN_POINT ( 'NONE',  ( -6.563830408857795895, -1.920042149226665718, -1.000000000000000000 ) ) ;
#9446 = AXIS2_PLACEMENT_3D ( 'NONE', #8117, #8921, #8158 ) ;
#9447 = MANIFOLD_SOLID_BREP ( 'Combine4', #1496 ) ;
#9448 = ORIENTED_EDGE ( 'NONE', *, *, #4740, .T. ) ;
#9449 = CIRCLE ( 'NONE', #9105, 0.04999999999999969746 ) ;
#9450 = EDGE_CURVE ( 'NONE', #5074, #8109, #2775, .T. ) ;
#9451 = ORIENTED_EDGE ( 'NONE', *, *, #8192, .F. ) ;
#9452 = ORIENTED_EDGE ( 'NONE', *, *, #5119, .T. ) ;
#9453 = DIRECTION ( 'NONE',  ( -1.000000000000000000, 0.000000000000000000, 0.000000000000000000 ) ) ;
#9454 = ORIENTED_EDGE ( 'NONE', *, *, #5204, .F. ) ;
#9455 = CARTESIAN_POINT ( 'NONE',  ( -2.449999999999998845, 0.1000000000000017264, -7.049999999999999822 ) ) ;
#9456 = ORIENTED_EDGE ( 'NONE', *, *, #1127, .T. ) ;
#9457 = DIRECTION ( 'NONE',  ( -0.000000000000000000, -1.000000000000000000, -0.000000000000000000 ) ) ;
#9458 = CARTESIAN_POINT ( 'NONE',  ( -5.750000000000000000, 6.100000000000000533, 6.400000000000000355 ) ) ;
#9459 = DIRECTION ( 'NONE',  ( -1.000000000000000000, 1.535153518563546084E-16, 0.000000000000000000 ) ) ;
#9460 = EDGE_CURVE ( 'NONE', #4113, #842, #2422, .T. ) ;
#9461 = FACE_OUTER_BOUND ( 'NONE', #10094, .T. ) ;
#9462 = CARTESIAN_POINT ( 'NONE',  ( 5.049999999999997158, 2.128355624055937206E-16, -6.700000000000000178 ) ) ;
#9463 =( LENGTH_UNIT ( ) NAMED_UNIT ( * ) SI_UNIT ( .MILLI., .METRE. ) );
#9464 = EDGE_CURVE ( 'NONE', #6099, #3391, #9586, .T. ) ;
#9465 = ORIENTED_EDGE ( 'NONE', *, *, #9293, .T. ) ;
#9466 = CARTESIAN_POINT ( 'NONE',  ( 0.000000000000000000, 3.100000000000000089, 4.500000000000000888 ) ) ;
#9467 = FACE_OUTER_BOUND ( 'NONE', #2453, .T. ) ;
#9468 = DIRECTION ( 'NONE',  ( 0.5735764363510474917, 0.8191520442889909104, 0.000000000000000000 ) ) ;
#9469 = CARTESIAN_POINT ( 'NONE',  ( 0.000000000000000000, 6.100000000000000533, 0.000000000000000000 ) ) ;
#9470 = EDGE_LOOP ( 'NONE', ( #2559, #2327, #6477, #6676, #8000, #10406, #5846, #5206 ) ) ;
#9471 = DIRECTION ( 'NONE',  ( -0.000000000000000000, 1.000000000000000000, 0.000000000000000000 ) ) ;
#9472 = AXIS2_PLACEMENT_3D ( 'NONE', #3489, #5790, #9965 ) ;
#9473 = AXIS2_PLACEMENT_3D ( 'NONE', #9900, #100, #1977 ) ;
#9474 = CARTESIAN_POINT ( 'NONE',  ( 2.299999999999999378, -2.299999999999999822, 7.549999999999999822 ) ) ;
#9475 = LINE ( 'NONE', #10051, #2394 ) ;
#9476 = EDGE_CURVE ( 'NONE', #10157, #9567, #6140, .T. ) ;
#9477 = VERTEX_POINT ( 'NONE', #4222 ) ;
#9478 = ORIENTED_EDGE ( 'NONE', *, *, #5644, .F. ) ;
#9479 = AXIS2_PLACEMENT_3D ( 'NONE', #158, #5793, #9069 ) ;
#9480 = VECTOR ( 'NONE', #6887, 1000.000000000000000 ) ;
#9481 = CARTESIAN_POINT ( 'NONE',  ( -5.499999999999996447, 5.500000000000000888, 6.700000000000000178 ) ) ;
#9482 = CARTESIAN_POINT ( 'NONE',  ( 5.908508773426603966, -0.9841458618106281309, 1.000000000000000000 ) ) ;
#9483 = DIRECTION ( 'NONE',  ( -1.000000000000000000, -0.000000000000000000, 0.000000000000000000 ) ) ;
#9484 = VERTEX_POINT ( 'NONE', #179 ) ;
#9485 = PLANE ( 'NONE',  #3784 ) ;
#9486 = VECTOR ( 'NONE', #8110, 1000.000000000000000 ) ;
#9487 = VERTEX_POINT ( 'NONE', #966 ) ;
#9488 = ADVANCED_FACE ( 'NONE', ( #5981 ), #6821, .T. ) ;
#9489 = VECTOR ( 'NONE', #5023, 1000.000000000000000 ) ;
#9490 = EDGE_CURVE ( 'NONE', #5926, #3662, #6205, .T. ) ;
#9491 = AXIS2_PLACEMENT_3D ( 'NONE', #1143, #6037, #4474 ) ;
#9492 = FACE_OUTER_BOUND ( 'NONE', #10390, .T. ) ;
#9493 = CARTESIAN_POINT ( 'NONE',  ( -6.399999999999998579, -0.6400000000000000133, -1.000000000000000000 ) ) ;
#9494 = ORIENTED_EDGE ( 'NONE', *, *, #898, .T. ) ;
#9495 = EDGE_CURVE ( 'NONE', #9509, #9970, #2733, .T. ) ;
#9496 = ORIENTED_EDGE ( 'NONE', *, *, #7652, .F. ) ;
#9497 = LINE ( 'NONE', #10229, #9648 ) ;
#9498 = AXIS2_PLACEMENT_3D ( 'NONE', #3911, #7420, #4116 ) ;
#9499 = DIRECTION ( 'NONE',  ( 0.000000000000000000, -0.000000000000000000, -1.000000000000000000 ) ) ;
#9500 = ORIENTED_EDGE ( 'NONE', *, *, #8180, .F. ) ;
#9501 = ORIENTED_EDGE ( 'NONE', *, *, #3052, .F. ) ;
#9502 = CARTESIAN_POINT ( 'NONE',  ( 5.499999999999996447, 1.000000000000000000, 6.400000000000000355 ) ) ;
#9503 = CIRCLE ( 'NONE', #378, 0.1499999999999999667 ) ;
#9504 = LINE ( 'NONE', #4538, #5968 ) ;
#9505 = DIRECTION ( 'NONE',  ( -0.9396926207859082059, 0.3420201433256695456, 6.898957812604546493E-17 ) ) ;
#9506 = CARTESIAN_POINT ( 'NONE',  ( -0.7999999999999999334, 0.7999999999999983791, 7.299999999999998934 ) ) ;
#9507 = ADVANCED_FACE ( 'NONE', ( #2708 ), #6039, .T. ) ;
#9508 = EDGE_CURVE ( 'NONE', #6572, #3220, #2438, .T. ) ;
#9509 = VERTEX_POINT ( 'NONE', #7022 ) ;
#9510 = VERTEX_POINT ( 'NONE', #1879 ) ;
#9511 = ORIENTED_EDGE ( 'NONE', *, *, #9313, .F. ) ;
#9512 = DIRECTION ( 'NONE',  ( -0.000000000000000000, -0.000000000000000000, 1.000000000000000000 ) ) ;
#9513 = EDGE_CURVE ( 'NONE', #4184, #7967, #9708, .T. ) ;
#9514 = CARTESIAN_POINT ( 'NONE',  ( 5.049999999999997158, 0.1000000000000001721, 2.599999999999997424 ) ) ;
#9515 = VECTOR ( 'NONE', #1146, 1000.000000000000000 ) ;
#9516 = DIRECTION ( 'NONE',  ( 0.000000000000000000, -1.000000000000000000, 0.000000000000000000 ) ) ;
#9517 = AXIS2_PLACEMENT_3D ( 'NONE', #10108, #8984, #8434 ) ;
#9518 = VERTEX_POINT ( 'NONE', #3759 ) ;
#9519 = FACE_OUTER_BOUND ( 'NONE', #1257, .T. ) ;
#9520 = EDGE_LOOP ( 'NONE', ( #4884, #5824, #4488, #8277 ) ) ;
#9521 = VECTOR ( 'NONE', #8716, 999.9999999999998863 ) ;
#9522 = LINE ( 'NONE', #6457, #2469 ) ;
#9523 = VECTOR ( 'NONE', #2726, 1000.000000000000000 ) ;
#9524 = CARTESIAN_POINT ( 'NONE',  ( -5.799999999999998046, 0.5000000000000004441, -2.999999999999999112 ) ) ;
#9525 = DIRECTION ( 'NONE',  ( 1.000000000000000000, 0.000000000000000000, 0.000000000000000000 ) ) ;
#9526 = ORIENTED_EDGE ( 'NONE', *, *, #370, .T. ) ;
#9527 = CARTESIAN_POINT ( 'NONE',  ( 5.450000000000000178, 6.100000000000000533, 6.700000000000000178 ) ) ;
#9528 = EDGE_LOOP ( 'NONE', ( #27, #7265, #10604, #7135 ) ) ;
#9529 = EDGE_CURVE ( 'NONE', #9986, #6465, #9548, .T. ) ;
#9530 = CARTESIAN_POINT ( 'NONE',  ( -5.799999999999998046, 2.100000000000000089, 5.250000000000000000 ) ) ;
#9531 = ADVANCED_FACE ( 'NONE', ( #9532 ), #8467, .T. ) ;
#9532 = FACE_OUTER_BOUND ( 'NONE', #7291, .T. ) ;
#9533 = EDGE_CURVE ( 'NONE', #8435, #145, #5998, .T. ) ;
#9534 = CARTESIAN_POINT ( 'NONE',  ( -1.734723475976807094E-15, 0.1000000000000006717, -5.850000000000000533 ) ) ;
#9535 = ORIENTED_EDGE ( 'NONE', *, *, #3245, .F. ) ;
#9536 = DIRECTION ( 'NONE',  ( -3.614007241618349264E-16, -1.000000000000000000, -1.807003620809174632E-16 ) ) ;
#9537 = CIRCLE ( 'NONE', #8098, 0.1999999999999996503 ) ;
#9538 = CARTESIAN_POINT ( 'NONE',  ( 0.8000000000000001554, 2.999999999999998224, 6.349999999999997868 ) ) ;
#9539 = DIRECTION ( 'NONE',  ( -1.000000000000000000, -0.000000000000000000, -0.000000000000000000 ) ) ;
#9540 = AXIS2_PLACEMENT_3D ( 'NONE', #4045, #4814, #5008 ) ;
#9541 = CARTESIAN_POINT ( 'NONE',  ( 4.250000000000000000, 6.550000000000000711, 5.524999999999997691 ) ) ;
#9542 = LINE ( 'NONE', #4295, #2498 ) ;
#9543 = FACE_OUTER_BOUND ( 'NONE', #5315, .T. ) ;
#9544 = ADVANCED_FACE ( 'NONE', ( #2620 ), #6033, .T. ) ;
#9545 = ORIENTED_EDGE ( 'NONE', *, *, #4708, .T. ) ;
#9546 = DIRECTION ( 'NONE',  ( 0.000000000000000000, -1.000000000000000000, -0.000000000000000000 ) ) ;
#9547 = CARTESIAN_POINT ( 'NONE',  ( -1.734723475976807094E-15, 0.1000000000000006717, 5.850000000000000533 ) ) ;
#9548 = CIRCLE ( 'NONE', #5906, 0.2999999999999999334 ) ;
#9549 = DIRECTION ( 'NONE',  ( 0.000000000000000000, 0.000000000000000000, -1.000000000000000000 ) ) ;
#9550 = ORIENTED_EDGE ( 'NONE', *, *, #4779, .F. ) ;
#9551 = DIRECTION ( 'NONE',  ( -0.9396926207859082059, -0.3420201433256695456, 0.000000000000000000 ) ) ;
#9552 = DIRECTION ( 'NONE',  ( -0.000000000000000000, -0.000000000000000000, -1.000000000000000000 ) ) ;
#9553 = EDGE_CURVE ( 'NONE', #6222, #9977, #2455, .T. ) ;
#9554 = VERTEX_POINT ( 'NONE', #8608 ) ;
#9555 = CARTESIAN_POINT ( 'NONE',  ( 2.900000000000000355, 2.504411906293519507, 7.549999999999999822 ) ) ;
#9556 = VECTOR ( 'NONE', #7916, 1000.000000000000000 ) ;
#9557 = ORIENTED_EDGE ( 'NONE', *, *, #6730, .F. ) ;
#9558 = CARTESIAN_POINT ( 'NONE',  ( 5.799999999999997158, 3.100000000000000089, 1.599999999999999867 ) ) ;
#9559 = VECTOR ( 'NONE', #2909, 1000.000000000000000 ) ;
#9560 = AXIS2_PLACEMENT_3D ( 'NONE', #7487, #8251, #10598 ) ;
#9561 = FACE_BOUND ( 'NONE', #6922, .T. ) ;
#9562 = DIRECTION ( 'NONE',  ( -0.000000000000000000, -1.000000000000000000, -0.000000000000000000 ) ) ;
#9563 = EDGE_LOOP ( 'NONE', ( #8820, #63 ) ) ;
#9564 = CARTESIAN_POINT ( 'NONE',  ( -5.799999999999997158, 1.000000000000000222, -4.500000000000000888 ) ) ;
#9565 = ORIENTED_EDGE ( 'NONE', *, *, #1792, .T. ) ;
#9566 = FACE_OUTER_BOUND ( 'NONE', #136, .T. ) ;
#9567 = VERTEX_POINT ( 'NONE', #10375 ) ;
#9568 = ORIENTED_EDGE ( 'NONE', *, *, #263, .F. ) ;
#9569 = ORIENTED_EDGE ( 'NONE', *, *, #7077, .T. ) ;
#9570 = VECTOR ( 'NONE', #5989, 1000.000000000000000 ) ;
#9571 = EDGE_CURVE ( 'NONE', #2588, #8728, #9820, .T. ) ;
#9572 = ADVANCED_FACE ( 'NONE', ( #6181 ), #9158, .F. ) ;
#9573 = DIRECTION ( 'NONE',  ( -1.000000000000000000, 0.000000000000000000, 0.000000000000000000 ) ) ;
#9574 = FACE_OUTER_BOUND ( 'NONE', #8665, .T. ) ;
#9575 = CARTESIAN_POINT ( 'NONE',  ( -1.699999999999999956, 0.8000000000000001554, -6.750000000000001776 ) ) ;
#9576 = PLANE ( 'NONE',  #6515 ) ;
#9577 = EDGE_CURVE ( 'NONE', #1542, #9609, #6285, .T. ) ;
#9578 = STYLED_ITEM ( 'NONE', ( #5990 ), #1323 ) ;
#9579 = VECTOR ( 'NONE', #7684, 1000.000000000000000 ) ;
#9580 = ORIENTED_EDGE ( 'NONE', *, *, #1613, .F. ) ;
#9581 = DIRECTION ( 'NONE',  ( -0.000000000000000000, 0.000000000000000000, -1.000000000000000000 ) ) ;
#9582 = EDGE_CURVE ( 'NONE', #8496, #8804, #9497, .T. ) ;
#9583 = EDGE_LOOP ( 'NONE', ( #6375, #5216, #4279, #3812, #9906 ) ) ;
#9584 = CARTESIAN_POINT ( 'NONE',  ( 3.396418141452980599, 2.685093333532154070, 7.549999999999999822 ) ) ;
#9585 = DIRECTION ( 'NONE',  ( 0.000000000000000000, 8.673617379883977096E-15, 1.000000000000000000 ) ) ;
#9586 = CIRCLE ( 'NONE', #6161, 0.2999999999999999334 ) ;
#9587 = CARTESIAN_POINT ( 'NONE',  ( 2.500000000000000000, -3.099999999999999201, 7.549999999999999822 ) ) ;
#9588 = EDGE_CURVE ( 'NONE', #2116, #3675, #9688, .T. ) ;
#9589 = VERTEX_POINT ( 'NONE', #8536 ) ;
#9590 = ORIENTED_EDGE ( 'NONE', *, *, #5951, .F. ) ;
#9591 = LINE ( 'NONE', #4665, #2610 ) ;
#9592 = EDGE_LOOP ( 'NONE', ( #2443, #6950, #5961, #1777 ) ) ;
#9593 = LINE ( 'NONE', #9441, #9719 ) ;
#9594 = ADVANCED_FACE ( 'NONE', ( #9566 ), #9991, .T. ) ;
#9595 = DIRECTION ( 'NONE',  ( 0.000000000000000000, 0.000000000000000000, -1.000000000000000000 ) ) ;
#9596 = ORIENTED_EDGE ( 'NONE', *, *, #10212, .F. ) ;
#9597 = CARTESIAN_POINT ( 'NONE',  ( -3.999999999999998224, -3.551475717527321367E-16, -5.850000000000000533 ) ) ;
#9598 = EDGE_CURVE ( 'NONE', #9554, #5026, #2603, .T. ) ;
#9599 = VERTEX_POINT ( 'NONE', #5813 ) ;
#9600 = PLANE ( 'NONE',  #3931 ) ;
#9601 = CARTESIAN_POINT ( 'NONE',  ( -4.549999999999997158, 2.400000000000000355, -5.850000000000000533 ) ) ;
#9602 = ORIENTED_EDGE ( 'NONE', *, *, #198, .T. ) ;
#9603 = PLANE ( 'NONE',  #4038 ) ;
#9604 = DIRECTION ( 'NONE',  ( 1.000000000000000000, -1.327027319204863784E-16, 0.000000000000000000 ) ) ;
#9605 = AXIS2_PLACEMENT_3D ( 'NONE', #5767, #8908, #7920 ) ;
#9606 = LINE ( 'NONE', #3563, #2563 ) ;
#9607 = AXIS2_PLACEMENT_3D ( 'NONE', #7059, #8645, #6010 ) ;
#9608 = VERTEX_POINT ( 'NONE', #9302 ) ;
#9609 = VERTEX_POINT ( 'NONE', #373 ) ;
#9610 = DIRECTION ( 'NONE',  ( 0.000000000000000000, 0.000000000000000000, -1.000000000000000000 ) ) ;
#9611 = EDGE_CURVE ( 'NONE', #9169, #1908, #9751, .T. ) ;
#9612 = ORIENTED_EDGE ( 'NONE', *, *, #5930, .T. ) ;
#9613 = LINE ( 'NONE', #3585, #9570 ) ;
#9614 = DIRECTION ( 'NONE',  ( 0.000000000000000000, 1.000000000000000000, 4.430117370400858162E-17 ) ) ;
#9615 = PLANE ( 'NONE',  #5756 ) ;
#9616 = CARTESIAN_POINT ( 'NONE',  ( 1.700000000000000178, 1.100000000000000089, -5.850000000000000533 ) ) ;
#9617 = LINE ( 'NONE', #387, #9655 ) ;
#9618 = AXIS2_PLACEMENT_3D ( 'NONE', #8729, #7000, #9573 ) ;
#9619 = VECTOR ( 'NONE', #7281, 1000.000000000000000 ) ;
#9620 = FACE_OUTER_BOUND ( 'NONE', #6733, .T. ) ;
#9621 = EDGE_LOOP ( 'NONE', ( #1617, #6344, #3119, #1057, #6690, #2390, #4696, #106 ) ) ;
#9622 = CARTESIAN_POINT ( 'NONE',  ( -5.750000000000000000, 6.099999999999999645, 5.250000000000000000 ) ) ;
#9623 = ORIENTED_EDGE ( 'NONE', *, *, #2266, .T. ) ;
#9624 = DIRECTION ( 'NONE',  ( -1.000000000000000000, -0.000000000000000000, -0.000000000000000000 ) ) ;
#9625 = LINE ( 'NONE', #6384, #6100 ) ;
#9626 = ORIENTED_EDGE ( 'NONE', *, *, #3606, .T. ) ;
#9627 = DIRECTION ( 'NONE',  ( -0.000000000000000000, -0.000000000000000000, -1.000000000000000000 ) ) ;
#9628 = ORIENTED_EDGE ( 'NONE', *, *, #3004, .F. ) ;
#9629 = DIRECTION ( 'NONE',  ( 0.000000000000000000, -4.430117370400858162E-17, 1.000000000000000000 ) ) ;
#9630 = ORIENTED_EDGE ( 'NONE', *, *, #1189, .F. ) ;
#9631 = SURFACE_SIDE_STYLE ('',( #8700 ) ) ;
#9632 = LINE ( 'NONE', #8427, #2510 ) ;
#9633 = ORIENTED_EDGE ( 'NONE', *, *, #6323, .T. ) ;
#9634 = EDGE_CURVE ( 'NONE', #815, #5881, #2489, .T. ) ;
#9635 = CARTESIAN_POINT ( 'NONE',  ( 0.05000000000000012768, -2.299999999999999822, 7.549999999999998046 ) ) ;
#9636 = LINE ( 'NONE', #7733, #2551 ) ;
#9637 = LINE ( 'NONE', #7028, #6236 ) ;
#9638 = DIRECTION ( 'NONE',  ( 0.5735764363510463815, -0.8191520442889915765, 0.000000000000000000 ) ) ;
#9639 = AXIS2_PLACEMENT_3D ( 'NONE', #1100, #1965, #10399 ) ;
#9640 = FACE_OUTER_BOUND ( 'NONE', #9279, .T. ) ;
#9641 = SURFACE_STYLE_FILL_AREA ( #8936 ) ;
#9642 = ORIENTED_EDGE ( 'NONE', *, *, #6389, .F. ) ;
#9643 = DIRECTION ( 'NONE',  ( 0.000000000000000000, 4.430117370400858162E-17, -1.000000000000000000 ) ) ;
#9644 = ADVANCED_FACE ( 'NONE', ( #9668 ), #7788, .T. ) ;
#9645 = ORIENTED_EDGE ( 'NONE', *, *, #9080, .T. ) ;
#9646 = CARTESIAN_POINT ( 'NONE',  ( -5.499999999999996447, 1.000000000000000000, 6.400000000000000355 ) ) ;
#9647 = ORIENTED_EDGE ( 'NONE', *, *, #8482, .F. ) ;
#9648 = VECTOR ( 'NONE', #1079, 1000.000000000000000 ) ;
#9649 = DIRECTION ( 'NONE',  ( 0.000000000000000000, 1.000000000000000000, 0.000000000000000000 ) ) ;
#9650 = ORIENTED_EDGE ( 'NONE', *, *, #4773, .T. ) ;
#9651 = CIRCLE ( 'NONE', #6351, 0.4000000000000001887 ) ;
#9652 = EDGE_CURVE ( 'NONE', #9653, #1768, #6266, .T. ) ;
#9653 = VERTEX_POINT ( 'NONE', #2521 ) ;
#9654 = CARTESIAN_POINT ( 'NONE',  ( -3.299999999999999822, 0.4999999999999998890, 6.700000000000000178 ) ) ;
#9655 = VECTOR ( 'NONE', #3310, 1000.000000000000000 ) ;
#9656 = LINE ( 'NONE', #10001, #2571 ) ;
#9657 = EDGE_CURVE ( 'NONE', #9599, #9510, #6325, .T. ) ;
#9658 = DIRECTION ( 'NONE',  ( -0.000000000000000000, -1.000000000000000000, -0.000000000000000000 ) ) ;
#9659 = LINE ( 'NONE', #4605, #5800 ) ;
#9660 = DIRECTION ( 'NONE',  ( 0.000000000000000000, 0.000000000000000000, 1.000000000000000000 ) ) ;
#9661 = ORIENTED_EDGE ( 'NONE', *, *, #2164, .T. ) ;
#9662 = AXIS2_PLACEMENT_3D ( 'NONE', #9146, #7501, #9078 ) ;
#9663 = EDGE_LOOP ( 'NONE', ( #2197, #9967, #1766, #9826 ) ) ;
#9664 = DIRECTION ( 'NONE',  ( -1.000000000000000000, 0.000000000000000000, 0.000000000000000000 ) ) ;
#9665 = VERTEX_POINT ( 'NONE', #2851 ) ;
#9666 = DIRECTION ( 'NONE',  ( 0.000000000000000000, 0.000000000000000000, -1.000000000000000000 ) ) ;
#9667 = PLANE ( 'NONE',  #6947 ) ;
#9668 = FACE_OUTER_BOUND ( 'NONE', #1372, .T. ) ;
#9669 = DIRECTION ( 'NONE',  ( -0.5735764363510473807, 0.8191520442889910214, 0.000000000000000000 ) ) ;
#9670 = ORIENTED_EDGE ( 'NONE', *, *, #2142, .T. ) ;
#9671 = ORIENTED_EDGE ( 'NONE', *, *, #1419, .F. ) ;
#9672 = CIRCLE ( 'NONE', #9803, 0.4499999999999990119 ) ;
#9673 = ORIENTED_EDGE ( 'NONE', *, *, #3618, .T. ) ;
#9674 = ADVANCED_FACE ( 'NONE', ( #6160 ), #7511, .F. ) ;
#9675 = EDGE_CURVE ( 'NONE', #6431, #8495, #6016, .T. ) ;
#9676 = CARTESIAN_POINT ( 'NONE',  ( -6.891491226573391415, -1.690611574686247565, -1.000000000000000000 ) ) ;
#9677 = VECTOR ( 'NONE', #9007, 1000.000000000000000 ) ;
#9678 = LINE ( 'NONE', #10532, #2593 ) ;
#9679 = EDGE_CURVE ( 'NONE', #6433, #6413, #6050, .T. ) ;
#9680 = CARTESIAN_POINT ( 'NONE',  ( 3.299999999999999822, 2.999999999999998224, 6.349999999999997868 ) ) ;
#9681 = ORIENTED_EDGE ( 'NONE', *, *, #1015, .F. ) ;
#9682 = DIRECTION ( 'NONE',  ( -3.614007241618348278E-16, -1.000000000000000000, -2.017120320903263702E-16 ) ) ;
#9683 = ORIENTED_EDGE ( 'NONE', *, *, #8050, .F. ) ;
#9684 = DIRECTION ( 'NONE',  ( 1.000000000000000000, -3.614007241618348771E-16, 0.000000000000000000 ) ) ;
#9685 = PLANE ( 'NONE',  #804 ) ;
#9686 = DIRECTION ( 'NONE',  ( -0.9396926207859082059, 0.3420201433256695456, 1.515189377974040262E-17 ) ) ;
#9687 = AXIS2_PLACEMENT_3D ( 'NONE', #1065, #2752, #9074 ) ;
#9688 = LINE ( 'NONE', #6820, #9796 ) ;
#9689 = ORIENTED_EDGE ( 'NONE', *, *, #487, .F. ) ;
#9690 = ORIENTED_EDGE ( 'NONE', *, *, #6082, .T. ) ;
#9691 = CARTESIAN_POINT ( 'NONE',  ( 0.000000000000000000, 0.09999999999999971412, -4.500000000000000888 ) ) ;
#9692 = EDGE_LOOP ( 'NONE', ( #5504, #8757, #8387, #2637 ) ) ;
#9693 = DIRECTION ( 'NONE',  ( 0.000000000000000000, -1.000000000000000000, 8.673617379883977096E-15 ) ) ;
#9694 = CIRCLE ( 'NONE', #8577, 1.000000000000000000 ) ;
#9695 = DIRECTION ( 'NONE',  ( 0.000000000000000000, 0.000000000000000000, -1.000000000000000000 ) ) ;
#9696 = CARTESIAN_POINT ( 'NONE',  ( 3.999999999999998224, -3.551475717527321367E-16, 5.850000000000000533 ) ) ;
#9697 = CARTESIAN_POINT ( 'NONE',  ( 1.700000000000000178, 0.8000000000000001554, -6.800000000000001599 ) ) ;
#9698 = VECTOR ( 'NONE', #1391, 1000.000000000000000 ) ;
#9699 = CIRCLE ( 'NONE', #3776, 0.2999999999999999334 ) ;
#9700 = CIRCLE ( 'NONE', #8683, 0.6000000000000007550 ) ;
#9701 = LINE ( 'NONE', #1547, #2555 ) ;
#9702 = ADVANCED_FACE ( 'NONE', ( #6068 ), #1801, .F. ) ;
#9703 = ORIENTED_EDGE ( 'NONE', *, *, #704, .T. ) ;
#9704 = ORIENTED_EDGE ( 'NONE', *, *, #4207, .F. ) ;
#9705 = EDGE_CURVE ( 'NONE', #9791, #7241, #9606, .T. ) ;
#9706 = DIRECTION ( 'NONE',  ( -1.535153518563546084E-16, -1.000000000000000000, -1.445602896647339163E-16 ) ) ;
#9707 = ORIENTED_EDGE ( 'NONE', *, *, #9209, .F. ) ;
#9708 = LINE ( 'NONE', #2773, #2689 ) ;
#9709 = VERTEX_POINT ( 'NONE', #6955 ) ;
#9710 = AXIS2_PLACEMENT_3D ( 'NONE', #10381, #7865, #8617 ) ;
#9711 = DIRECTION ( 'NONE',  ( -1.000000000000000000, 0.000000000000000000, 0.000000000000000000 ) ) ;
#9712 = EDGE_LOOP ( 'NONE', ( #4041, #3253, #6141, #4128 ) ) ;
#9713 =( LENGTH_UNIT ( ) NAMED_UNIT ( * ) SI_UNIT ( .MILLI., .METRE. ) );
#9714 = VERTEX_POINT ( 'NONE', #7718 ) ;
#9715 = DIRECTION ( 'NONE',  ( -0.000000000000000000, -1.000000000000000000, -0.000000000000000000 ) ) ;
#9716 = LINE ( 'NONE', #7410, #2445 ) ;
#9717 = EDGE_LOOP ( 'NONE', ( #6561, #2801, #5354, #9299 ) ) ;
#9718 = CARTESIAN_POINT ( 'NONE',  ( 6.200000000000000178, 0.6000000000000007550, -3.000000000000000444 ) ) ;
#9719 = VECTOR ( 'NONE', #4584, 1000.000000000000000 ) ;
#9720 = CARTESIAN_POINT ( 'NONE',  ( 1.700000000000000178, 0.8500000000000000888, -5.850000000000000533 ) ) ;
#9721 = FACE_OUTER_BOUND ( 'NONE', #4745, .T. ) ;
#9722 = VERTEX_POINT ( 'NONE', #5187 ) ;
#9723 = CARTESIAN_POINT ( 'NONE',  ( 2.598076211353316900, 9.999999999999998224, 1.499999999999999112 ) ) ;
#9724 = ORIENTED_EDGE ( 'NONE', *, *, #338, .F. ) ;
#9725 = CARTESIAN_POINT ( 'NONE',  ( 5.750000000000000000, 5.700000000000000178, 6.700000000000000178 ) ) ;
#9726 = VERTEX_POINT ( 'NONE', #821 ) ;
#9727 = EDGE_CURVE ( 'NONE', #2887, #4794, #2523, .T. ) ;
#9728 = VECTOR ( 'NONE', #3923, 1000.000000000000000 ) ;
#9729 = VERTEX_POINT ( 'NONE', #8127 ) ;
#9730 = CARTESIAN_POINT ( 'NONE',  ( -5.908508773426603966, -0.9841458618106281309, 1.000000000000000000 ) ) ;
#9731 = AXIS2_PLACEMENT_3D ( 'NONE', #2957, #271, #3785 ) ;
#9732 = ORIENTED_EDGE ( 'NONE', *, *, #6234, .F. ) ;
#9733 = FACE_OUTER_BOUND ( 'NONE', #2972, .T. ) ;
#9734 = ORIENTED_EDGE ( 'NONE', *, *, #5578, .T. ) ;
#9735 = EDGE_CURVE ( 'NONE', #4669, #201, #6305, .T. ) ;
#9736 = DIRECTION ( 'NONE',  ( 0.000000000000000000, 0.000000000000000000, -1.000000000000000000 ) ) ;
#9737 = VECTOR ( 'NONE', #6870, 1000.000000000000000 ) ;
#9738 = DIRECTION ( 'NONE',  ( 0.000000000000000000, 0.000000000000000000, 1.000000000000000000 ) ) ;
#9739 = TOROIDAL_SURFACE ( 'NONE', #2993, 0.05000000000000010686, 0.1499999999999999944 ) ;
#9740 = DIRECTION ( 'NONE',  ( 1.807003620809174139E-16, -1.000000000000000000, -2.017120320903263702E-16 ) ) ;
#9741 = EDGE_CURVE ( 'NONE', #7740, #3691, #9625, .T. ) ;
#9742 = FACE_OUTER_BOUND ( 'NONE', #495, .T. ) ;
#9743 = ORIENTED_EDGE ( 'NONE', *, *, #9741, .T. ) ;
#9744 = ADVANCED_FACE ( 'NONE', ( #9879 ), #9883, .T. ) ;
#9745 = ORIENTED_EDGE ( 'NONE', *, *, #3300, .F. ) ;
#9746 = PLANE ( 'NONE',  #15 ) ;
#9747 = ORIENTED_EDGE ( 'NONE', *, *, #26, .F. ) ;
#9748 = DIRECTION ( 'NONE',  ( 1.000000000000000000, -0.000000000000000000, -0.000000000000000000 ) ) ;
#9749 = CARTESIAN_POINT ( 'NONE',  ( -1.734723475976807094E-15, 0.000000000000000000, -5.850000000000000533 ) ) ;
#9750 = DIRECTION ( 'NONE',  ( 1.000000000000000000, 0.000000000000000000, 0.000000000000000000 ) ) ;
#9751 = LINE ( 'NONE', #2772, #2540 ) ;
#9752 = VERTEX_POINT ( 'NONE', #3430 ) ;
#9753 = ORIENTED_EDGE ( 'NONE', *, *, #754, .T. ) ;
#9754 = ORIENTED_EDGE ( 'NONE', *, *, #1554, .F. ) ;
#9755 = VECTOR ( 'NONE', #1167, 1000.000000000000000 ) ;
#9756 = EDGE_LOOP ( 'NONE', ( #5149, #4707, #10398, #5059 ) ) ;
#9757 = LINE ( 'NONE', #2387, #6076 ) ;
#9758 = AXIS2_PLACEMENT_3D ( 'NONE', #2026, #455, #6967 ) ;
#9759 = VECTOR ( 'NONE', #8975, 1000.000000000000000 ) ;
#9760 = AXIS2_PLACEMENT_3D ( 'NONE', #521, #2087, #1877 ) ;
#9761 = LINE ( 'NONE', #4493, #9787 ) ;
#9762 = VECTOR ( 'NONE', #3966, 1000.000000000000000 ) ;
#9763 = CARTESIAN_POINT ( 'NONE',  ( -3.850000000000000089, 2.400000000000000355, -6.700000000000000178 ) ) ;
#9764 = ORIENTED_EDGE ( 'NONE', *, *, #10301, .F. ) ;
#9765 = EDGE_LOOP ( 'NONE', ( #9362, #6179, #6437, #10407 ) ) ;
#9766 = DIRECTION ( 'NONE',  ( 1.000000000000000000, 0.000000000000000000, 0.000000000000000000 ) ) ;
#9767 = EDGE_CURVE ( 'NONE', #3734, #6046, #6124, .T. ) ;
#9768 = CARTESIAN_POINT ( 'NONE',  ( -2.449999999999998845, 0.7000000000000000666, 7.549999999999998046 ) ) ;
#9769 = EDGE_LOOP ( 'NONE', ( #8528, #6544, #4181, #4562, #2697, #2765, #8654 ) ) ;
#9770 = DIRECTION ( 'NONE',  ( 0.000000000000000000, -1.000000000000000000, -4.869470219022244754E-16 ) ) ;
#9771 = CARTESIAN_POINT ( 'NONE',  ( -6.199999999999999289, 5.650000000000001243, -5.250000000000000000 ) ) ;
#9772 = FACE_OUTER_BOUND ( 'NONE', #6270, .T. ) ;
#9773 = VECTOR ( 'NONE', #5184, 1000.000000000000000 ) ;
#9774 = ORIENTED_EDGE ( 'NONE', *, *, #7303, .F. ) ;
#9775 = AXIS2_PLACEMENT_3D ( 'NONE', #2114, #2359, #10603 ) ;
#9776 = ORIENTED_EDGE ( 'NONE', *, *, #7877, .T. ) ;
#9777 = CARTESIAN_POINT ( 'NONE',  ( 0.000000000000000000, 3.100000000000000089, 3.000000000000000000 ) ) ;
#9778 = VERTEX_POINT ( 'NONE', #2267 ) ;
#9779 = DIRECTION ( 'NONE',  ( -1.807003620809174139E-16, 1.000000000000000000, 4.430117370400858162E-17 ) ) ;
#9780 = LINE ( 'NONE', #9044, #2494 ) ;
#9781 = DIRECTION ( 'NONE',  ( 0.000000000000000000, -4.430117370400858162E-17, 1.000000000000000000 ) ) ;
#9782 = DIRECTION ( 'NONE',  ( 0.000000000000000000, 0.000000000000000000, -1.000000000000000000 ) ) ;
#9783 = ORIENTED_EDGE ( 'NONE', *, *, #2442, .T. ) ;
#9784 = ADVANCED_FACE ( 'NONE', ( #2794 ), #50, .T. ) ;
#9785 = VECTOR ( 'NONE', #4402, 1000.000000000000000 ) ;
#9786 = FACE_OUTER_BOUND ( 'NONE', #1852, .T. ) ;
#9787 = VECTOR ( 'NONE', #5273, 1000.000000000000114 ) ;
#9788 = FACE_OUTER_BOUND ( 'NONE', #7677, .T. ) ;
#9789 = EDGE_CURVE ( 'NONE', #9286, #10237, #9861, .T. ) ;
#9790 = EDGE_LOOP ( 'NONE', ( #16, #6494, #7356, #2796 ) ) ;
#9791 = VERTEX_POINT ( 'NONE', #4154 ) ;
#9792 = DIRECTION ( 'NONE',  ( 0.000000000000000000, 0.000000000000000000, -1.000000000000000000 ) ) ;
#9793 = VERTEX_POINT ( 'NONE', #4908 ) ;
#9794 = EDGE_LOOP ( 'NONE', ( #3313, #6287, #6557, #1067, #8531, #816, #9268, #6052 ) ) ;
#9795 = EDGE_CURVE ( 'NONE', #5164, #6417, #2645, .T. ) ;
#9796 = VECTOR ( 'NONE', #2601, 1000.000000000000000 ) ;
#9797 = LINE ( 'NONE', #6949, #9821 ) ;
#9798 =( NAMED_UNIT ( * ) SI_UNIT ( $, .STERADIAN. ) SOLID_ANGLE_UNIT ( ) );
#9799 = EDGE_LOOP ( 'NONE', ( #6767, #1410, #9950, #7779 ) ) ;
#9800 = ORIENTED_EDGE ( 'NONE', *, *, #7633, .F. ) ;
#9801 = DIRECTION ( 'NONE',  ( 0.000000000000000000, 0.000000000000000000, -1.000000000000000000 ) ) ;
#9802 = DIRECTION ( 'NONE',  ( -3.614007241618348278E-16, -1.000000000000000000, -4.430117370400858162E-17 ) ) ;
#9803 = AXIS2_PLACEMENT_3D ( 'NONE', #520, #1350, #9766 ) ;
#9804 = ORIENTED_EDGE ( 'NONE', *, *, #5292, .T. ) ;
#9805 = DIRECTION ( 'NONE',  ( -1.000000000000000000, 0.000000000000000000, 0.000000000000000000 ) ) ;
#9806 = TOROIDAL_SURFACE ( 'NONE', #1058, 0.4249999999999982681, 0.1499999999999999944 ) ;
#9807 = ORIENTED_EDGE ( 'NONE', *, *, #3529, .F. ) ;
#9808 = LINE ( 'NONE', #428, #2786 ) ;
#9809 = LINE ( 'NONE', #1529, #2744 ) ;
#9810 = CARTESIAN_POINT ( 'NONE',  ( 2.900000000000000355, 0.3544119062935203179, -6.200000000000001954 ) ) ;
#9811 = VECTOR ( 'NONE', #3110, 1000.000000000000000 ) ;
#9812 = ADVANCED_FACE ( 'NONE', ( #9772 ), #8304, .T. ) ;
#9813 = VERTEX_POINT ( 'NONE', #1681 ) ;
#9814 = VERTEX_POINT ( 'NONE', #9046 ) ;
#9815 = DIRECTION ( 'NONE',  ( -0.000000000000000000, -1.000000000000000000, -0.000000000000000000 ) ) ;
#9816 = VERTEX_POINT ( 'NONE', #6526 ) ;
#9817 = CARTESIAN_POINT ( 'NONE',  ( 3.850000000000000089, 1.000000000000000000, -6.700000000000000178 ) ) ;
#9818 = EDGE_CURVE ( 'NONE', #3689, #5559, #6348, .T. ) ;
#9819 = ORIENTED_EDGE ( 'NONE', *, *, #4513, .F. ) ;
#9820 = CIRCLE ( 'NONE', #9760, 0.5749999999999982903 ) ;
#9821 = VECTOR ( 'NONE', #9295, 999.9999999999998863 ) ;
#9822 = EDGE_LOOP ( 'NONE', ( #3083, #9108, #6157, #7625 ) ) ;
#9823 = ORIENTED_EDGE ( 'NONE', *, *, #876, .F. ) ;
#9824 = EDGE_CURVE ( 'NONE', #4967, #1116, #3196, .T. ) ;
#9825 = CARTESIAN_POINT ( 'NONE',  ( 4.549999999999997158, 2.400000000000000355, 5.850000000000000533 ) ) ;
#9826 = ORIENTED_EDGE ( 'NONE', *, *, #5828, .T. ) ;
#9827 = CIRCLE ( 'NONE', #7269, 0.6000000000000007550 ) ;
#9828 = AXIS2_PLACEMENT_3D ( 'NONE', #6751, #9750, #6591 ) ;
#9829 = CARTESIAN_POINT ( 'NONE',  ( -1.699999999999999956, 1.100000000000000089, -5.850000000000000533 ) ) ;
#9830 = CIRCLE ( 'NONE', #878, 0.2000000000000007327 ) ;
#9831 = CARTESIAN_POINT ( 'NONE',  ( -6.649821042359578429E-17, 0.4999999999999993339, 0.000000000000000000 ) ) ;
#9832 = FACE_OUTER_BOUND ( 'NONE', #8922, .T. ) ;
#9833 = CARTESIAN_POINT ( 'NONE',  ( -3.880824640740575315, 2.935823076413500043, 3.000000000000000000 ) ) ;
#9834 = VECTOR ( 'NONE', #9408, 1000.000000000000000 ) ;
#9835 = ORIENTED_EDGE ( 'NONE', *, *, #53, .F. ) ;
#9836 = EDGE_LOOP ( 'NONE', ( #10423, #3014, #3972, #10401 ) ) ;
#9837 = CARTESIAN_POINT ( 'NONE',  ( 6.599999999999997868, -2.034757436496875016, 1.000000000000000000 ) ) ;
#9838 = ORIENTED_EDGE ( 'NONE', *, *, #2091, .F. ) ;
#9839 = DIRECTION ( 'NONE',  ( -0.000000000000000000, 2.017120320903263702E-16, -1.000000000000000000 ) ) ;
#9840 = CARTESIAN_POINT ( 'NONE',  ( 0.000000000000000000, 3.100000000000000089, -3.000000000000000000 ) ) ;
#9841 = EDGE_CURVE ( 'NONE', #2275, #10041, #6800, .T. ) ;
#9842 = VECTOR ( 'NONE', #154, 1000.000000000000000 ) ;
#9843 = CARTESIAN_POINT ( 'NONE',  ( -4.250000000000000000, 6.550000000000000711, 5.099999999999999645 ) ) ;
#9844 = ORIENTED_EDGE ( 'NONE', *, *, #7155, .F. ) ;
#9845 = EDGE_CURVE ( 'NONE', #3093, #2427, #6495, .T. ) ;
#9846 = VERTEX_POINT ( 'NONE', #2547 ) ;
#9847 = CIRCLE ( 'NONE', #9234, 0.2000000000000007327 ) ;
#9848 = FACE_OUTER_BOUND ( 'NONE', #5564, .T. ) ;
#9849 = EDGE_CURVE ( 'NONE', #3101, #6169, #2953, .T. ) ;
#9850 = AXIS2_PLACEMENT_3D ( 'NONE', #3718, #4502, #6143 ) ;
#9851 = LINE ( 'NONE', #3324, #6043 ) ;
#9852 = FACE_OUTER_BOUND ( 'NONE', #765, .T. ) ;
#9853 = VECTOR ( 'NONE', #1706, 1000.000000000000000 ) ;
#9854 = CARTESIAN_POINT ( 'NONE',  ( -3.880824640740575759, 0.09999999999999990841, 5.850000000000000533 ) ) ;
#9855 = ADVANCED_FACE ( 'NONE', ( #3257, #10204 ), #5686, .F. ) ;
#9856 = ORIENTED_EDGE ( 'NONE', *, *, #5387, .T. ) ;
#9857 = CARTESIAN_POINT ( 'NONE',  ( 3.880824640740575759, 0.09999999999999990841, 5.850000000000000533 ) ) ;
#9858 = DIRECTION ( 'NONE',  ( -1.000000000000000000, 0.000000000000000000, 0.000000000000000000 ) ) ;
#9859 = VERTEX_POINT ( 'NONE', #7538 ) ;
#9860 = CARTESIAN_POINT ( 'NONE',  ( -5.049999999999997158, 2.400000000000000355, 5.000000000000000888 ) ) ;
#9861 = CIRCLE ( 'NONE', #6763, 0.4000000000000001887 ) ;
#9862 = ORIENTED_EDGE ( 'NONE', *, *, #4921, .T. ) ;
#9863 = DIRECTION ( 'NONE',  ( -1.000000000000000000, 0.000000000000000000, 0.000000000000000000 ) ) ;
#9864 = ORIENTED_EDGE ( 'NONE', *, *, #2001, .T. ) ;
#9865 = ADVANCED_FACE ( 'NONE', ( #10262 ), #5918, .F. ) ;
#9866 = CARTESIAN_POINT ( 'NONE',  ( -6.514715287270208322, -2.198587845354674108, 1.000000000000000000 ) ) ;
#9867 = VECTOR ( 'NONE', #6357, 1000.000000000000000 ) ;
#9868 = PLANE ( 'NONE',  #4455 ) ;
#9869 = DIRECTION ( 'NONE',  ( 0.000000000000000000, -1.000000000000000000, 0.000000000000000000 ) ) ;
#9870 = DIRECTION ( 'NONE',  ( 1.000000000000000000, 0.000000000000000000, 0.000000000000000000 ) ) ;
#9871 = EDGE_CURVE ( 'NONE', #10584, #10100, #10062, .T. ) ;
#9872 = LINE ( 'NONE', #5949, #9737 ) ;
#9873 = AXIS2_PLACEMENT_3D ( 'NONE', #2444, #3216, #3719 ) ;
#9874 = VERTEX_POINT ( 'NONE', #10097 ) ;
#9875 = ORIENTED_EDGE ( 'NONE', *, *, #235, .F. ) ;
#9876 = DIRECTION ( 'NONE',  ( 1.327027319204863784E-16, -1.000000000000000000, -0.000000000000000000 ) ) ;
#9877 = DIRECTION ( 'NONE',  ( -1.327027319204863784E-16, -1.000000000000000000, 0.000000000000000000 ) ) ;
#9878 = ORIENTED_EDGE ( 'NONE', *, *, #739, .F. ) ;
#9879 = FACE_OUTER_BOUND ( 'NONE', #8018, .T. ) ;
#9880 = ORIENTED_EDGE ( 'NONE', *, *, #5487, .T. ) ;
#9881 = DIRECTION ( 'NONE',  ( 1.000000000000000000, 0.000000000000000000, 0.000000000000000000 ) ) ;
#9882 = ORIENTED_EDGE ( 'NONE', *, *, #1173, .T. ) ;
#9883 = PLANE ( 'NONE',  #1380 ) ;
#9884 = PLANE ( 'NONE',  #3446 ) ;
#9885 = ORIENTED_EDGE ( 'NONE', *, *, #739, .T. ) ;
#9886 = DIRECTION ( 'NONE',  ( -1.000000000000000000, 0.000000000000000000, 0.000000000000000000 ) ) ;
#9887 = VECTOR ( 'NONE', #6190, 1000.000000000000000 ) ;
#9888 = ORIENTED_EDGE ( 'NONE', *, *, #5855, .F. ) ;
#9889 = ADVANCED_FACE ( 'NONE', ( #10224 ), #10103, .T. ) ;
#9890 = LINE ( 'NONE', #719, #6212 ) ;
#9891 = DIRECTION ( 'NONE',  ( 0.000000000000000000, -2.460132057943349518E-16, 1.000000000000000000 ) ) ;
#9892 = LINE ( 'NONE', #9109, #8894 ) ;
#9893 = LINE ( 'NONE', #7929, #6294 ) ;
#9894 = CYLINDRICAL_SURFACE ( 'NONE', #10583, 0.4499999999999990119 ) ;
#9895 = ORIENTED_EDGE ( 'NONE', *, *, #7761, .F. ) ;
#9896 = EDGE_CURVE ( 'NONE', #5584, #9859, #6411, .T. ) ;
#9897 = CARTESIAN_POINT ( 'NONE',  ( 3.999999999999998224, -3.551475717527321367E-16, -5.850000000000000533 ) ) ;
#9898 = ORIENTED_EDGE ( 'NONE', *, *, #6263, .F. ) ;
#9899 = AXIS2_PLACEMENT_3D ( 'NONE', #8179, #9869, #3266 ) ;
#9900 = CARTESIAN_POINT ( 'NONE',  ( 0.000000000000000000, 15.00000000000000000, 0.000000000000000000 ) ) ;
#9901 = ORIENTED_EDGE ( 'NONE', *, *, #7584, .F. ) ;
#9902 = EDGE_CURVE ( 'NONE', #1432, #6417, #10299, .T. ) ;
#9903 = VECTOR ( 'NONE', #4176, 999.9999999999998863 ) ;
#9904 = AXIS2_PLACEMENT_3D ( 'NONE', #8270, #5243, #2671 ) ;
#9905 = EDGE_CURVE ( 'NONE', #10586, #8527, #6390, .T. ) ;
#9906 = ORIENTED_EDGE ( 'NONE', *, *, #7244, .T. ) ;
#9907 = VECTOR ( 'NONE', #3473, 1000.000000000000114 ) ;
#9908 = ORIENTED_EDGE ( 'NONE', *, *, #10548, .T. ) ;
#9909 = CARTESIAN_POINT ( 'NONE',  ( 3.299999999999999822, 1.100000000000000089, -5.850000000000000533 ) ) ;
#9910 = DIRECTION ( 'NONE',  ( 0.5735764363510473807, 0.8191520442889911324, -0.000000000000000000 ) ) ;
#9911 = LINE ( 'NONE', #6170, #2842 ) ;
#9912 = AXIS2_PLACEMENT_3D ( 'NONE', #3648, #1244, #10335 ) ;
#9913 = CARTESIAN_POINT ( 'NONE',  ( -4.250000000000000000, 6.550000000000000711, -4.674999999999999822 ) ) ;
#9914 = DIRECTION ( 'NONE',  ( 0.000000000000000000, -1.000000000000000000, 0.000000000000000000 ) ) ;
#9915 = LINE ( 'NONE', #945, #6529 ) ;
#9916 = ADVANCED_FACE ( 'NONE', ( #10083 ), #8631, .F. ) ;
#9917 = ORIENTED_EDGE ( 'NONE', *, *, #7738, .T. ) ;
#9918 = DIRECTION ( 'NONE',  ( 0.000000000000000000, 0.000000000000000000, 1.000000000000000000 ) ) ;
#9919 = ORIENTED_EDGE ( 'NONE', *, *, #4486, .F. ) ;
#9920 = CARTESIAN_POINT ( 'NONE',  ( 6.514715287270208322, -2.198587845354674108, 1.000000000000000000 ) ) ;
#9921 = ORIENTED_EDGE ( 'NONE', *, *, #276, .F. ) ;
#9922 = CARTESIAN_POINT ( 'NONE',  ( -6.172636875200958606, -2.926423563648953508, 0.000000000000000000 ) ) ;
#9923 = VECTOR ( 'NONE', #8281, 1000.000000000000000 ) ;
#9924 =( LENGTH_UNIT ( ) NAMED_UNIT ( * ) SI_UNIT ( .MILLI., .METRE. ) );
#9925 = ORIENTED_EDGE ( 'NONE', *, *, #7012, .T. ) ;
#9926 = ORIENTED_EDGE ( 'NONE', *, *, #3578, .T. ) ;
#9927 = AXIS2_PLACEMENT_3D ( 'NONE', #3925, #9715, #8006 ) ;
#9928 = VERTEX_POINT ( 'NONE', #2113 ) ;
#9929 = LINE ( 'NONE', #5323, #2566 ) ;
#9930 = EDGE_CURVE ( 'NONE', #8998, #8435, #2833, .T. ) ;
#9931 = CARTESIAN_POINT ( 'NONE',  ( 5.799999999999996270, 0.5000000000000002220, -3.000000000000000000 ) ) ;
#9932 = AXIS2_PLACEMENT_3D ( 'NONE', #6326, #1992, #2901 ) ;
#9933 = LINE ( 'NONE', #10581, #9762 ) ;
#9934 = CARTESIAN_POINT ( 'NONE',  ( 3.850000000000000089, 2.400000000000000355, -5.850000000000000533 ) ) ;
#9935 = VERTEX_POINT ( 'NONE', #6981 ) ;
#9936 = ORIENTED_EDGE ( 'NONE', *, *, #7558, .F. ) ;
#9937 = CARTESIAN_POINT ( 'NONE',  ( 6.891491226573391415, -1.690611574686247565, 1.000000000000000000 ) ) ;
#9938 = EDGE_LOOP ( 'NONE', ( #1814, #6863, #7606, #1508 ) ) ;
#9939 = DIRECTION ( 'NONE',  ( 1.000000000000000000, 0.000000000000000000, 0.000000000000000000 ) ) ;
#9940 = CARTESIAN_POINT ( 'NONE',  ( 6.200000000000000178, 2.100000000000000089, 1.000000000000000000 ) ) ;
#9941 = LINE ( 'NONE', #5286, #6699 ) ;
#9942 = ORIENTED_EDGE ( 'NONE', *, *, #8828, .F. ) ;
#9943 = DIRECTION ( 'NONE',  ( -1.807003620809174632E-16, 1.000000000000000000, 6.531284371341748864E-17 ) ) ;
#9944 = ORIENTED_EDGE ( 'NONE', *, *, #6103, .F. ) ;
#9945 = CARTESIAN_POINT ( 'NONE',  ( 5.499999999999996447, 1.000000000000000000, -6.700000000000000178 ) ) ;
#9946 = VECTOR ( 'NONE', #1427, 1000.000000000000000 ) ;
#9947 = DIRECTION ( 'NONE',  ( -1.000000000000000000, 0.000000000000000000, 0.000000000000000000 ) ) ;
#9948 = EDGE_CURVE ( 'NONE', #9791, #7998, #10279, .T. ) ;
#9949 = DIRECTION ( 'NONE',  ( 0.000000000000000000, 0.000000000000000000, -1.000000000000000000 ) ) ;
#9950 = ORIENTED_EDGE ( 'NONE', *, *, #1567, .F. ) ;
#9951 = CARTESIAN_POINT ( 'NONE',  ( 3.299999999999999822, 2.999999999999998224, 7.249999999999999112 ) ) ;
#9952 = FACE_OUTER_BOUND ( 'NONE', #4024, .T. ) ;
#9953 = EDGE_CURVE ( 'NONE', #9609, #10283, #6461, .T. ) ;
#9954 = LINE ( 'NONE', #8363, #2867 ) ;
#9955 = LINE ( 'NONE', #4417, #2920 ) ;
#9956 = ORIENTED_EDGE ( 'NONE', *, *, #6582, .T. ) ;
#9957 = ORIENTED_EDGE ( 'NONE', *, *, #5832, .F. ) ;
#9958 = AXIS2_PLACEMENT_3D ( 'NONE', #4114, #5150, #8374 ) ;
#9959 = DIRECTION ( 'NONE',  ( 1.000000000000000000, 0.000000000000000000, -0.000000000000000000 ) ) ;
#9960 = ORIENTED_EDGE ( 'NONE', *, *, #4848, .T. ) ;
#9961 = EDGE_LOOP ( 'NONE', ( #3568, #4761, #6451, #10602, #1485, #3540 ) ) ;
#9962 = VECTOR ( 'NONE', #8489, 1000.000000000000000 ) ;
#9963 = ORIENTED_EDGE ( 'NONE', *, *, #6958, .F. ) ;
#9964 = DIRECTION ( 'NONE',  ( 0.000000000000000000, -1.000000000000000000, -0.000000000000000000 ) ) ;
#9965 = DIRECTION ( 'NONE',  ( 0.000000000000000000, 1.000000000000000000, 2.017120320903263702E-16 ) ) ;
#9966 = UNCERTAINTY_MEASURE_WITH_UNIT (LENGTH_MEASURE( 1.000000000000000082E-05 ), #4127, 'distance_accuracy_value', 'NONE');
#9967 = ORIENTED_EDGE ( 'NONE', *, *, #9189, .T. ) ;
#9968 = DIRECTION ( 'NONE',  ( 0.000000000000000000, 0.000000000000000000, -1.000000000000000000 ) ) ;
#9969 = VECTOR ( 'NONE', #4496, 1000.000000000000000 ) ;
#9970 = VERTEX_POINT ( 'NONE', #7680 ) ;
#9971 = EDGE_CURVE ( 'NONE', #10586, #10084, #6720, .T. ) ;
#9972 = DIRECTION ( 'NONE',  ( 0.000000000000000000, -4.430117370400858162E-17, 1.000000000000000000 ) ) ;
#9973 = LINE ( 'NONE', #4798, #2807 ) ;
#9974 = CIRCLE ( 'NONE', #6159, 0.05000000000000073830 ) ;
#9975 = EDGE_CURVE ( 'NONE', #10277, #3330, #6736, .T. ) ;
#9976 = CARTESIAN_POINT ( 'NONE',  ( 3.299999999999999822, 2.949999999999998845, 7.249999999999999112 ) ) ;
#9977 = VERTEX_POINT ( 'NONE', #5212 ) ;
#9978 = CARTESIAN_POINT ( 'NONE',  ( 6.200000000000000178, 2.100000000000000089, -1.599999999999999867 ) ) ;
#9979 = ORIENTED_EDGE ( 'NONE', *, *, #2648, .F. ) ;
#9980 = ORIENTED_EDGE ( 'NONE', *, *, #10544, .F. ) ;
#9981 = AXIS2_PLACEMENT_3D ( 'NONE', #8693, #8770, #3976 ) ;
#9982 = CIRCLE ( 'NONE', #6316, 0.1999999999999996503 ) ;
#9983 = ORIENTED_EDGE ( 'NONE', *, *, #8659, .T. ) ;
#9984 = ORIENTED_EDGE ( 'NONE', *, *, #7222, .F. ) ;
#9985 = DIRECTION ( 'NONE',  ( 1.000000000000000000, 1.341711765540131426E-16, 0.000000000000000000 ) ) ;
#9986 = VERTEX_POINT ( 'NONE', #7814 ) ;
#9987 = FACE_OUTER_BOUND ( 'NONE', #5698, .T. ) ;
#9988 = DIRECTION ( 'NONE',  ( 0.000000000000000000, -0.000000000000000000, 1.000000000000000000 ) ) ;
#9989 = ADVANCED_FACE ( 'NONE', ( #6576 ), #1829, .F. ) ;
#9990 = CIRCLE ( 'NONE', #2069, 0.2999999999999999334 ) ;
#9991 = PLANE ( 'NONE',  #9204 ) ;
#9992 = SURFACE_STYLE_USAGE ( .BOTH. , #2454 ) ;
#9993 = DIRECTION ( 'NONE',  ( 1.000000000000000000, 0.000000000000000000, -0.000000000000000000 ) ) ;
#9994 = FACE_OUTER_BOUND ( 'NONE', #10025, .T. ) ;
#9995 = ORIENTED_EDGE ( 'NONE', *, *, #2040, .T. ) ;
#9996 = EDGE_CURVE ( 'NONE', #10424, #1542, #10125, .T. ) ;
#9997 = DIRECTION ( 'NONE',  ( 1.000000000000000000, -1.327027319204863784E-16, 0.000000000000000000 ) ) ;
#9998 = ORIENTED_EDGE ( 'NONE', *, *, #218, .F. ) ;
#9999 = CARTESIAN_POINT ( 'NONE',  ( -5.049999999999997158, 0.1000000000000001721, 2.000000000000000000 ) ) ;
#10000 = ORIENTED_EDGE ( 'NONE', *, *, #1301, .F. ) ;
#10001 = CARTESIAN_POINT ( 'NONE',  ( -3.999999999999950706, 3.978262578553346729E-14, 4.500000000000001776 ) ) ;
#10002 = CARTESIAN_POINT ( 'NONE',  ( 0.8000000000000001554, 2.949999999999998845, 7.299999999999999822 ) ) ;
#10003 = CARTESIAN_POINT ( 'NONE',  ( -5.799999999999996270, 0.5000000000000002220, -4.499999999999997335 ) ) ;
#10004 = VECTOR ( 'NONE', #2978, 1000.000000000000000 ) ;
#10005 = EDGE_CURVE ( 'NONE', #81, #5307, #2930, .T. ) ;
#10006 = ORIENTED_EDGE ( 'NONE', *, *, #4799, .T. ) ;
#10007 = AXIS2_PLACEMENT_3D ( 'NONE', #4830, #8935, #5432 ) ;
#10008 = VERTEX_POINT ( 'NONE', #334 ) ;
#10009 = LINE ( 'NONE', #941, #6705 ) ;
#10010 = VERTEX_POINT ( 'NONE', #8429 ) ;
#10011 = DIRECTION ( 'NONE',  ( 1.000000000000000000, 0.000000000000000000, -0.000000000000000000 ) ) ;
#10012 = LINE ( 'NONE', #55, #10135 ) ;
#10013 = DIRECTION ( 'NONE',  ( -9.383500162295677136E-17, 0.7071067811865500152, 0.7071067811865451302 ) ) ;
#10014 = VECTOR ( 'NONE', #8833, 999.9999999999998863 ) ;
#10015 = ADVANCED_FACE ( 'NONE', ( #3140 ), #9253, .F. ) ;
#10016 = ORIENTED_EDGE ( 'NONE', *, *, #1697, .F. ) ;
#10017 = PLANE ( 'NONE',  #95 ) ;
#10018 = ORIENTED_EDGE ( 'NONE', *, *, #1775, .T. ) ;
#10019 = CARTESIAN_POINT ( 'NONE',  ( 5.499999999999996447, 5.700000000000000178, 6.400000000000000355 ) ) ;
#10020 = EDGE_LOOP ( 'NONE', ( #9211, #2254, #2305, #9155 ) ) ;
#10021 = EDGE_CURVE ( 'NONE', #4515, #1540, #3044, .T. ) ;
#10022 = PLANE ( 'NONE',  #6631 ) ;
#10023 = LINE ( 'NONE', #1979, #6636 ) ;
#10024 = ORIENTED_EDGE ( 'NONE', *, *, #2320, .F. ) ;
#10025 = EDGE_LOOP ( 'NONE', ( #6639, #1596, #6987, #7163, #7608, #6206, #10159, #9980 ) ) ;
#10026 = EDGE_CURVE ( 'NONE', #429, #3777, #6435, .T. ) ;
#10027 = AXIS2_PLACEMENT_3D ( 'NONE', #393, #3705, #1303 ) ;
#10028 = ORIENTED_EDGE ( 'NONE', *, *, #1948, .F. ) ;
#10029 = DIRECTION ( 'NONE',  ( 1.327027319204863784E-16, -1.000000000000000000, -0.000000000000000000 ) ) ;
#10030 = LINE ( 'NONE', #1628, #6543 ) ;
#10031 = ORIENTED_EDGE ( 'NONE', *, *, #2188, .T. ) ;
#10032 = EDGE_CURVE ( 'NONE', #9709, #9653, #9941, .T. ) ;
#10033 = VECTOR ( 'NONE', #6853, 999.9999999999998863 ) ;
#10034 = CARTESIAN_POINT ( 'NONE',  ( -1.700000000000000178, 0.5000000000000026645, -6.800000000000001599 ) ) ;
#10035 = LINE ( 'NONE', #691, #2947 ) ;
#10036 = ORIENTED_EDGE ( 'NONE', *, *, #1472, .F. ) ;
#10037 = CARTESIAN_POINT ( 'NONE',  ( 0.000000000000000000, -3.099999999999998312, -6.200000000000001954 ) ) ;
#10038 = ORIENTED_EDGE ( 'NONE', *, *, #3606, .F. ) ;
#10039 = CIRCLE ( 'NONE', #9473, 2.500000000000000444 ) ;
#10040 = LINE ( 'NONE', #1874, #2955 ) ;
#10041 = VERTEX_POINT ( 'NONE', #8201 ) ;
#10042 = CARTESIAN_POINT ( 'NONE',  ( -3.880824640740575759, 0.09999999999999990841, -6.700000000000000178 ) ) ;
#10043 = EDGE_CURVE ( 'NONE', #7517, #7858, #6595, .T. ) ;
#10044 = EDGE_LOOP ( 'NONE', ( #10071, #9280, #1008, #8918 ) ) ;
#10045 = CARTESIAN_POINT ( 'NONE',  ( -5.750000000000000000, 5.700000000000000178, 6.700000000000000178 ) ) ;
#10046 = VERTEX_POINT ( 'NONE', #9012 ) ;
#10047 = DIRECTION ( 'NONE',  ( -1.000000000000000000, -0.000000000000000000, -0.000000000000000000 ) ) ;
#10048 = LINE ( 'NONE', #30, #10356 ) ;
#10049 = EDGE_CURVE ( 'NONE', #9259, #8795, #10039, .T. ) ;
#10050 = FACE_OUTER_BOUND ( 'NONE', #7446, .T. ) ;
#10051 = CARTESIAN_POINT ( 'NONE',  ( -1.699999999999999956, 2.949999999999998401, 7.549999999999999822 ) ) ;
#10052 = AXIS2_PLACEMENT_3D ( 'NONE', #3286, #7112, #5427 ) ;
#10053 = AXIS2_PLACEMENT_3D ( 'NONE', #3556, #3443, #8458 ) ;
#10054 = CIRCLE ( 'NONE', #10052, 0.2999999999999999334 ) ;
#10055 = CARTESIAN_POINT ( 'NONE',  ( 0.000000000000000000, 15.00000000000000000, 0.000000000000000000 ) ) ;
#10056 = ORIENTED_EDGE ( 'NONE', *, *, #6446, .F. ) ;
#10057 = ORIENTED_EDGE ( 'NONE', *, *, #2987, .F. ) ;
#10058 = DIRECTION ( 'NONE',  ( 0.000000000000000000, 0.000000000000000000, 1.000000000000000000 ) ) ;
#10059 = EDGE_CURVE ( 'NONE', #1464, #8924, #2852, .T. ) ;
#10060 = ORIENTED_EDGE ( 'NONE', *, *, #4670, .F. ) ;
#10061 = VERTEX_POINT ( 'NONE', #6400 ) ;
#10062 = CIRCLE ( 'NONE', #2137, 3.000000000000000444 ) ;
#10063 = EDGE_LOOP ( 'NONE', ( #2220, #9569, #9039, #7036, #5610, #9465 ) ) ;
#10064 = AXIS2_PLACEMENT_3D ( 'NONE', #4710, #3945, #10623 ) ;
#10065 = ADVANCED_FACE ( 'NONE', ( #3159 ), #3235, .T. ) ;
#10066 = ORIENTED_EDGE ( 'NONE', *, *, #1794, .T. ) ;
#10067 = CARTESIAN_POINT ( 'NONE',  ( -6.236169591142200375, -0.7547152872702095339, 1.000000000000000000 ) ) ;
#10068 = ORIENTED_EDGE ( 'NONE', *, *, #6790, .T. ) ;
#10069 = LINE ( 'NONE', #6059, #2961 ) ;
#10070 = CARTESIAN_POINT ( 'NONE',  ( -5.799999999999998934, 5.650000000000001243, 5.250000000000000000 ) ) ;
#10071 = ORIENTED_EDGE ( 'NONE', *, *, #1286, .T. ) ;
#10072 = LINE ( 'NONE', #8049, #6687 ) ;
#10073 = CARTESIAN_POINT ( 'NONE',  ( -5.799999999999996270, 5.500000000000000888, -6.400000000000000355 ) ) ;
#10074 = DIRECTION ( 'NONE',  ( 0.5735764363510474917, -0.8191520442889909104, 0.000000000000000000 ) ) ;
#10075 = EDGE_CURVE ( 'NONE', #5788, #8273, #10336, .T. ) ;
#10076 = EDGE_LOOP ( 'NONE', ( #2257, #7627, #2298, #7311 ) ) ;
#10077 = ORIENTED_EDGE ( 'NONE', *, *, #8112, .T. ) ;
#10078 = CARTESIAN_POINT ( 'NONE',  ( -5.799999999999998934, 5.650000000000001243, 5.250000000000000000 ) ) ;
#10079 = ORIENTED_EDGE ( 'NONE', *, *, #1436, .T. ) ;
#10080 = EDGE_CURVE ( 'NONE', #7469, #5778, #2891, .T. ) ;
#10081 = DIRECTION ( 'NONE',  ( -1.535153518563545837E-16, -1.000000000000000000, 0.000000000000000000 ) ) ;
#10082 = CARTESIAN_POINT ( 'NONE',  ( 2.500000000000000000, -2.299999999999998046, -7.050000000000000711 ) ) ;
#10083 = FACE_OUTER_BOUND ( 'NONE', #2873, .T. ) ;
#10084 = VERTEX_POINT ( 'NONE', #6857 ) ;
#10085 = AXIS2_PLACEMENT_3D ( 'NONE', #3342, #8912, #20 ) ;
#10086 = ORIENTED_EDGE ( 'NONE', *, *, #3680, .T. ) ;
#10087 = VECTOR ( 'NONE', #152, 1000.000000000000000 ) ;
#10088 = ORIENTED_EDGE ( 'NONE', *, *, #333, .T. ) ;
#10089 = ADVANCED_FACE ( 'NONE', ( #3087 ), #2054, .T. ) ;
#10090 = LINE ( 'NONE', #2256, #3133 ) ;
#10091 =( LENGTH_UNIT ( ) NAMED_UNIT ( * ) SI_UNIT ( .MILLI., .METRE. ) );
#10092 = LINE ( 'NONE', #6249, #2846 ) ;
#10093 = DIRECTION ( 'NONE',  ( 1.000000000000000000, 0.000000000000000000, 0.000000000000000000 ) ) ;
#10094 = EDGE_LOOP ( 'NONE', ( #7537, #609 ) ) ;
#10095 = DIRECTION ( 'NONE',  ( -0.000000000000000000, 4.430117370400858162E-17, -1.000000000000000000 ) ) ;
#10096 = EDGE_CURVE ( 'NONE', #731, #6719, #9982, .T. ) ;
#10097 = CARTESIAN_POINT ( 'NONE',  ( 2.900000000000000355, 0.3544119062935215392, -7.050000000000001599 ) ) ;
#10098 = VERTEX_POINT ( 'NONE', #1913 ) ;
#10099 = DIRECTION ( 'NONE',  ( 0.000000000000000000, 1.000000000000000000, 0.000000000000000000 ) ) ;
#10100 = VERTEX_POINT ( 'NONE', #5290 ) ;
#10101 = ORIENTED_EDGE ( 'NONE', *, *, #1927, .T. ) ;
#10102 = CARTESIAN_POINT ( 'NONE',  ( 5.799999999999996270, 2.400000000000000355, 5.000000000000000888 ) ) ;
#10103 = TOROIDAL_SURFACE ( 'NONE', #2290, 0.4249999999999982681, 0.1499999999999999944 ) ;
#10104 = VECTOR ( 'NONE', #2189, 1000.000000000000000 ) ;
#10105 = ORIENTED_EDGE ( 'NONE', *, *, #7897, .F. ) ;
#10106 = EDGE_CURVE ( 'NONE', #6007, #775, #2980, .T. ) ;
#10107 = EDGE_LOOP ( 'NONE', ( #8829, #9743, #2899, #5985 ) ) ;
#10108 = CARTESIAN_POINT ( 'NONE',  ( -2.499999999999999556, 0.1000000000000017125, -7.200000000000000178 ) ) ;
#10109 = ORIENTED_EDGE ( 'NONE', *, *, #1554, .T. ) ;
#10110 = CARTESIAN_POINT ( 'NONE',  ( -2.900000000000000355, -3.099999999999998757, 7.549999999999999822 ) ) ;
#10111 = FACE_OUTER_BOUND ( 'NONE', #33, .T. ) ;
#10112 = DIRECTION ( 'NONE',  ( -1.000000000000000000, -0.000000000000000000, 0.000000000000000000 ) ) ;
#10113 = VERTEX_POINT ( 'NONE', #9421 ) ;
#10114 = CARTESIAN_POINT ( 'NONE',  ( -5.799999999999996270, 1.000000000000000000, 6.400000000000000355 ) ) ;
#10115 = CIRCLE ( 'NONE', #1071, 0.1499999999999999667 ) ;
#10116 = DIRECTION ( 'NONE',  ( 0.000000000000000000, -1.000000000000000000, -0.000000000000000000 ) ) ;
#10117 = VECTOR ( 'NONE', #8762, 1000.000000000000000 ) ;
#10118 = ADVANCED_FACE ( 'NONE', ( #6476 ), #5156, .T. ) ;
#10119 = ORIENTED_EDGE ( 'NONE', *, *, #2987, .T. ) ;
#10120 = DIRECTION ( 'NONE',  ( 1.000000000000000000, 1.341711765540131426E-16, 0.000000000000000000 ) ) ;
#10121 = CARTESIAN_POINT ( 'NONE',  ( 1.700000000000000178, 2.949999999999998845, 7.299999999999999822 ) ) ;
#10122 = ORIENTED_EDGE ( 'NONE', *, *, #7012, .F. ) ;
#10123 = VERTEX_POINT ( 'NONE', #3799 ) ;
#10124 = EDGE_CURVE ( 'NONE', #9977, #5850, #10023, .T. ) ;
#10125 = CIRCLE ( 'NONE', #7130, 0.2000000000000007327 ) ;
#10126 = SURFACE_STYLE_FILL_AREA ( #2009 ) ;
#10127 = ORIENTED_EDGE ( 'NONE', *, *, #5185, .T. ) ;
#10128 = ORIENTED_EDGE ( 'NONE', *, *, #10275, .F. ) ;
#10129 = ORIENTED_EDGE ( 'NONE', *, *, #5434, .T. ) ;
#10130 = EDGE_CURVE ( 'NONE', #6579, #3338, #6517, .T. ) ;
#10131 = ORIENTED_EDGE ( 'NONE', *, *, #9582, .F. ) ;
#10132 = DIRECTION ( 'NONE',  ( 0.000000000000000000, 0.000000000000000000, 1.000000000000000000 ) ) ;
#10133 = VECTOR ( 'NONE', #7069, 1000.000000000000000 ) ;
#10134 = VERTEX_POINT ( 'NONE', #1767 ) ;
#10135 = VECTOR ( 'NONE', #3387, 1000.000000000000000 ) ;
#10136 = AXIS2_PLACEMENT_3D ( 'NONE', #1027, #7325, #3573 ) ;
#10137 = FACE_OUTER_BOUND ( 'NONE', #9005, .T. ) ;
#10138 = DIRECTION ( 'NONE',  ( 0.000000000000000000, -1.000000000000000000, 0.000000000000000000 ) ) ;
#10139 = VERTEX_POINT ( 'NONE', #4331 ) ;
#10140 = CARTESIAN_POINT ( 'NONE',  ( -5.699999999999996625, 0.09999999999999971412, 4.500000000000000888 ) ) ;
#10141 = VERTEX_POINT ( 'NONE', #3723 ) ;
#10142 = VERTEX_POINT ( 'NONE', #9196 ) ;
#10143 = VECTOR ( 'NONE', #6144, 1000.000000000000000 ) ;
#10144 = ORIENTED_EDGE ( 'NONE', *, *, #2860, .F. ) ;
#10145 = ORIENTED_EDGE ( 'NONE', *, *, #8590, .T. ) ;
#10146 = ORIENTED_EDGE ( 'NONE', *, *, #2935, .T. ) ;
#10147 = VERTEX_POINT ( 'NONE', #5934 ) ;
#10148 = CIRCLE ( 'NONE', #225, 0.05000000000000012768 ) ;
#10149 = EDGE_CURVE ( 'NONE', #2329, #8087, #3124, .T. ) ;
#10150 = PLANE ( 'NONE',  #10484 ) ;
#10151 =( NAMED_UNIT ( * ) SI_UNIT ( $, .STERADIAN. ) SOLID_ANGLE_UNIT ( ) );
#10152 = DIRECTION ( 'NONE',  ( 0.8191520442889909104, 0.5735764363510473807, 0.000000000000000000 ) ) ;
#10153 = EDGE_CURVE ( 'NONE', #3126, #7568, #10515, .T. ) ;
#10154 = AXIS2_PLACEMENT_3D ( 'NONE', #1383, #9649, #4215 ) ;
#10155 = VERTEX_POINT ( 'NONE', #4506 ) ;
#10156 = ORIENTED_EDGE ( 'NONE', *, *, #4726, .T. ) ;
#10157 = VERTEX_POINT ( 'NONE', #8501 ) ;
#10158 = CARTESIAN_POINT ( 'NONE',  ( 1.734723475976807094E-15, 5.700000000000000178, 6.500000000000000888 ) ) ;
#10159 = ORIENTED_EDGE ( 'NONE', *, *, #3097, .F. ) ;
#10160 = CARTESIAN_POINT ( 'NONE',  ( -3.850000000000000089, 4.986986664055304885, -5.850000000000000533 ) ) ;
#10161 = CARTESIAN_POINT ( 'NONE',  ( 4.336808689942017736E-16, 0.6999999999999998446, 7.549999999999998046 ) ) ;
#10162 = VECTOR ( 'NONE', #4700, 1000.000000000000000 ) ;
#10163 = FACE_OUTER_BOUND ( 'NONE', #2960, .T. ) ;
#10164 = CARTESIAN_POINT ( 'NONE',  ( -6.172636875200958606, -2.926423563648953063, -1.000000000000000000 ) ) ;
#10165 = ORIENTED_EDGE ( 'NONE', *, *, #297, .F. ) ;
#10166 = ORIENTED_EDGE ( 'NONE', *, *, #2131, .T. ) ;
#10167 = ADVANCED_FACE ( 'NONE', ( #7006 ), #3459, .F. ) ;
#10168 = VERTEX_POINT ( 'NONE', #10034 ) ;
#10169 = ORIENTED_EDGE ( 'NONE', *, *, #7066, .F. ) ;
#10170 = LINE ( 'NONE', #10179, #3145 ) ;
#10171 = ORIENTED_EDGE ( 'NONE', *, *, #4838, .F. ) ;
#10172 = SURFACE_STYLE_FILL_AREA ( #5483 ) ;
#10173 = EDGE_CURVE ( 'NONE', #5164, #7763, #10364, .T. ) ;
#10174 = FILL_AREA_STYLE_COLOUR ( '', #1950 ) ;
#10175 = DIRECTION ( 'NONE',  ( 0.000000000000000000, 1.000000000000000000, 0.000000000000000000 ) ) ;
#10176 = ORIENTED_EDGE ( 'NONE', *, *, #4841, .T. ) ;
#10177 = ORIENTED_EDGE ( 'NONE', *, *, #7145, .F. ) ;
#10178 = AXIS2_PLACEMENT_3D ( 'NONE', #8702, #10250, #5861 ) ;
#10179 = CARTESIAN_POINT ( 'NONE',  ( -5.750000000000000000, 6.099999999999999645, 5.250000000000000000 ) ) ;
#10180 = DIRECTION ( 'NONE',  ( -1.535153518563546084E-16, -1.000000000000000000, 0.000000000000000000 ) ) ;
#10181 = ORIENTED_EDGE ( 'NONE', *, *, #7063, .T. ) ;
#10182 = ORIENTED_EDGE ( 'NONE', *, *, #3097, .T. ) ;
#10183 = CARTESIAN_POINT ( 'NONE',  ( -5.799999999999996270, 2.400000000000000355, 5.000000000000000888 ) ) ;
#10184 = EDGE_CURVE ( 'NONE', #10246, #7337, #3525, .T. ) ;
#10185 = VECTOR ( 'NONE', #8382, 1000.000000000000000 ) ;
#10186 = ORIENTED_EDGE ( 'NONE', *, *, #8850, .T. ) ;
#10187 = ORIENTED_EDGE ( 'NONE', *, *, #1604, .F. ) ;
#10188 = ORIENTED_EDGE ( 'NONE', *, *, #7715, .F. ) ;
#10189 = PLANE ( 'NONE',  #2607 ) ;
#10190 = EDGE_CURVE ( 'NONE', #3986, #3042, #3352, .T. ) ;
#10191 = VERTEX_POINT ( 'NONE', #8441 ) ;
#10192 = CARTESIAN_POINT ( 'NONE',  ( -1.699999999999999956, 2.949999999999998401, 7.549999999999999822 ) ) ;
#10193 = LINE ( 'NONE', #8125, #10087 ) ;
#10194 = DIRECTION ( 'NONE',  ( 0.5735764363510473807, 0.8191520442889909104, -0.000000000000000000 ) ) ;
#10195 = PLANE ( 'NONE',  #3588 ) ;
#10196 = ADVANCED_FACE ( 'NONE', ( #3423 ), #1053, .T. ) ;
#10197 = COLOUR_RGB ( '',0.7921568627450980005, 0.8196078431372548767, 0.9333333333333333481 ) ;
#10198 = DIRECTION ( 'NONE',  ( 0.000000000000000000, -1.000000000000000000, -0.000000000000000000 ) ) ;
#10199 = ORIENTED_EDGE ( 'NONE', *, *, #1399, .T. ) ;
#10200 = DIRECTION ( 'NONE',  ( 0.000000000000000000, 0.000000000000000000, 1.000000000000000000 ) ) ;
#10201 = ORIENTED_EDGE ( 'NONE', *, *, #5123, .T. ) ;
#10202 = EDGE_CURVE ( 'NONE', #5108, #3700, #7168, .T. ) ;
#10203 = EDGE_LOOP ( 'NONE', ( #2847, #3805, #10176, #215 ) ) ;
#10204 = FACE_BOUND ( 'NONE', #8860, .T. ) ;
#10205 = ORIENTED_EDGE ( 'NONE', *, *, #6556, .F. ) ;
#10206 = ORIENTED_EDGE ( 'NONE', *, *, #9270, .F. ) ;
#10207 = MECHANICAL_DESIGN_GEOMETRIC_PRESENTATION_REPRESENTATION (  '', ( #7240 ), #67 ) ;
#10208 = DIRECTION ( 'NONE',  ( 0.000000000000000000, 0.000000000000000000, 1.000000000000000000 ) ) ;
#10209 = ORIENTED_EDGE ( 'NONE', *, *, #5703, .T. ) ;
#10210 = CARTESIAN_POINT ( 'NONE',  ( -6.200000000000000178, 0.09999999999999971412, -4.500000000000000888 ) ) ;
#10211 = VECTOR ( 'NONE', #546, 1000.000000000000000 ) ;
#10212 = EDGE_CURVE ( 'NONE', #7740, #7766, #10546, .T. ) ;
#10213 = FACE_OUTER_BOUND ( 'NONE', #2735, .T. ) ;
#10214 = DIRECTION ( 'NONE',  ( 0.000000000000000000, 0.000000000000000000, 1.000000000000000000 ) ) ;
#10215 = STYLED_ITEM ( 'NONE', ( #706 ), #7813 ) ;
#10216 = ORIENTED_EDGE ( 'NONE', *, *, #8015, .F. ) ;
#10217 = ADVANCED_FACE ( 'NONE', ( #10620 ), #8009, .F. ) ;
#10218 = PLANE ( 'NONE',  #725 ) ;
#10219 = ORIENTED_EDGE ( 'NONE', *, *, #5948, .F. ) ;
#10220 = EDGE_LOOP ( 'NONE', ( #4077, #6436, #6617, #2976 ) ) ;
#10221 = CARTESIAN_POINT ( 'NONE',  ( 0.000000000000000000, 3.100000000000000089, 1.599999999999999867 ) ) ;
#10222 = VERTEX_POINT ( 'NONE', #4139 ) ;
#10223 = EDGE_LOOP ( 'NONE', ( #4765, #4629, #2463, #9764 ) ) ;
#10224 = FACE_OUTER_BOUND ( 'NONE', #5974, .T. ) ;
#10225 = VERTEX_POINT ( 'NONE', #1375 ) ;
#10226 = VERTEX_POINT ( 'NONE', #4768 ) ;
#10227 = ORIENTED_EDGE ( 'NONE', *, *, #4354, .F. ) ;
#10228 = VECTOR ( 'NONE', #8734, 1000.000000000000000 ) ;
#10229 = CARTESIAN_POINT ( 'NONE',  ( -3.999999999999988898, 7.529057909142686178E-15, -4.500000000000000000 ) ) ;
#10230 = EDGE_CURVE ( 'NONE', #3908, #5926, #35, .T. ) ;
#10231 = DIRECTION ( 'NONE',  ( 0.000000000000000000, -4.430117370400858162E-17, 1.000000000000000000 ) ) ;
#10232 = DIRECTION ( 'NONE',  ( -1.000000000000000000, -0.000000000000000000, 0.000000000000000000 ) ) ;
#10233 = ORIENTED_EDGE ( 'NONE', *, *, #8525, .T. ) ;
#10234 = ORIENTED_EDGE ( 'NONE', *, *, #5409, .F. ) ;
#10235 = AXIS2_PLACEMENT_3D ( 'NONE', #5140, #6910, #4175 ) ;
#10236 = CARTESIAN_POINT ( 'NONE',  ( -5.049999999999998046, 2.400000000000000355, -5.350000000000001421 ) ) ;
#10237 = VERTEX_POINT ( 'NONE', #4833 ) ;
#10238 = DIRECTION ( 'NONE',  ( 0.000000000000000000, -2.460132057943349518E-16, 1.000000000000000000 ) ) ;
#10239 = PLANE ( 'NONE',  #1919 ) ;
#10240 = CARTESIAN_POINT ( 'NONE',  ( -2.542012759203106320, 0.1000000000000001721, -2.000000000000000000 ) ) ;
#10241 = VECTOR ( 'NONE', #7623, 1000.000000000000000 ) ;
#10242 = DIRECTION ( 'NONE',  ( 0.000000000000000000, -1.000000000000000000, -4.869470219022244754E-16 ) ) ;
#10243 = VERTEX_POINT ( 'NONE', #5652 ) ;
#10244 = EDGE_LOOP ( 'NONE', ( #6702, #8262, #2618, #5174, #3021 ) ) ;
#10245 = DIRECTION ( 'NONE',  ( 1.000000000000000000, 0.000000000000000000, -0.000000000000000000 ) ) ;
#10246 = VERTEX_POINT ( 'NONE', #5582 ) ;
#10247 = FACE_OUTER_BOUND ( 'NONE', #4853, .T. ) ;
#10248 = EDGE_LOOP ( 'NONE', ( #7567, #2936, #9142, #127, #1484, #6121 ) ) ;
#10249 = EDGE_CURVE ( 'NONE', #9487, #5677, #6992, .T. ) ;
#10250 = DIRECTION ( 'NONE',  ( 1.000000000000000000, 0.000000000000000000, 0.000000000000000000 ) ) ;
#10251 = UNCERTAINTY_MEASURE_WITH_UNIT (LENGTH_MEASURE( 1.000000000000000082E-05 ), #5854, 'distance_accuracy_value', 'NONE');
#10252 = CARTESIAN_POINT ( 'NONE',  ( 0.000000000000000000, 0.09999999999999971412, -3.000000000000000444 ) ) ;
#10253 = ORIENTED_EDGE ( 'NONE', *, *, #5039, .F. ) ;
#10254 = DIRECTION ( 'NONE',  ( 0.000000000000000000, 0.000000000000000000, -1.000000000000000000 ) ) ;
#10255 = PRODUCT_DEFINITION_SHAPE ( 'NONE', 'NONE',  #7207 ) ;
#10256 = CARTESIAN_POINT ( 'NONE',  ( 2.700000000000000178, -2.299999999999999822, 7.549999999999999822 ) ) ;
#10257 = EDGE_LOOP ( 'NONE', ( #9774, #4214, #5942, #3786 ) ) ;
#10258 = DIRECTION ( 'NONE',  ( 0.000000000000000000, 0.000000000000000000, 1.000000000000000000 ) ) ;
#10259 = ORIENTED_EDGE ( 'NONE', *, *, #7552, .T. ) ;
#10260 = AXIS2_PLACEMENT_3D ( 'NONE', #8356, #1732, #5747 ) ;
#10261 = DIRECTION ( 'NONE',  ( 0.000000000000000000, 1.000000000000000000, 1.445602896647339163E-16 ) ) ;
#10262 = FACE_OUTER_BOUND ( 'NONE', #10268, .T. ) ;
#10263 = EDGE_LOOP ( 'NONE', ( #3379, #8738, #1695, #9878 ) ) ;
#10264 = EDGE_LOOP ( 'NONE', ( #9753, #5027, #10205, #6163 ) ) ;
#10265 = ADVANCED_FACE ( 'NONE', ( #3557, #6855 ), #4067, .F. ) ;
#10266 = ORIENTED_EDGE ( 'NONE', *, *, #2674, .T. ) ;
#10267 = CARTESIAN_POINT ( 'NONE',  ( -5.124054256371548099, -3.172339182284404924, 0.000000000000000000 ) ) ;
#10268 = EDGE_LOOP ( 'NONE', ( #8638, #8859, #2371, #3172 ) ) ;
#10269 = VECTOR ( 'NONE', #6791, 1000.000000000000000 ) ;
#10270 = CARTESIAN_POINT ( 'NONE',  ( 6.199999999999998401, -0.6400000000000000133, 1.000000000000000000 ) ) ;
#10271 = DIRECTION ( 'NONE',  ( 0.000000000000000000, -1.000000000000000000, 0.000000000000000000 ) ) ;
#10272 = DIRECTION ( 'NONE',  ( -0.000000000000000000, -0.000000000000000000, -1.000000000000000000 ) ) ;
#10273 = EDGE_CURVE ( 'NONE', #1168, #7925, #10383, .T. ) ;
#10274 = ORIENTED_EDGE ( 'NONE', *, *, #5948, .T. ) ;
#10275 = EDGE_CURVE ( 'NONE', #2155, #437, #7137, .T. ) ;
#10276 = CARTESIAN_POINT ( 'NONE',  ( -2.550000000000000266, -2.299999999999999822, 7.549999999999998046 ) ) ;
#10277 = VERTEX_POINT ( 'NONE', #7443 ) ;
#10278 = VERTEX_POINT ( 'NONE', #1571 ) ;
#10279 = LINE ( 'NONE', #9482, #6675 ) ;
#10280 = LINE ( 'NONE', #2109, #3389 ) ;
#10281 = ORIENTED_EDGE ( 'NONE', *, *, #8916, .T. ) ;
#10282 = AXIS2_PLACEMENT_3D ( 'NONE', #6920, #8315, #2636 ) ;
#10283 = VERTEX_POINT ( 'NONE', #5435 ) ;
#10284 = DIRECTION ( 'NONE',  ( 0.000000000000000000, 1.000000000000000000, 0.000000000000000000 ) ) ;
#10285 = ORIENTED_EDGE ( 'NONE', *, *, #7598, .T. ) ;
#10286 = DIRECTION ( 'NONE',  ( 0.000000000000000000, 0.000000000000000000, 1.000000000000000000 ) ) ;
#10287 = DIRECTION ( 'NONE',  ( 0.000000000000000000, -1.000000000000000000, 8.673617379883977096E-15 ) ) ;
#10288 = VECTOR ( 'NONE', #3281, 1000.000000000000000 ) ;
#10289 = DIRECTION ( 'NONE',  ( 0.000000000000000000, 1.000000000000000000, 0.000000000000000000 ) ) ;
#10290 = ADVANCED_FACE ( 'NONE', ( #3371 ), #2121, .F. ) ;
#10291 = CARTESIAN_POINT ( 'NONE',  ( -1.699999999999999956, 0.8000000000000001554, -7.050000000000001599 ) ) ;
#10292 = VERTEX_POINT ( 'NONE', #7304 ) ;
#10293 = DIRECTION ( 'NONE',  ( 0.000000000000000000, 0.000000000000000000, 1.000000000000000000 ) ) ;
#10294 = ORIENTED_EDGE ( 'NONE', *, *, #143, .T. ) ;
#10295 = CARTESIAN_POINT ( 'NONE',  ( 4.549999999999997158, 4.986986664055304885, -5.850000000000000533 ) ) ;
#10296 = VERTEX_POINT ( 'NONE', #7943 ) ;
#10297 = VERTEX_POINT ( 'NONE', #2284 ) ;
#10298 = EDGE_CURVE ( 'NONE', #3956, #638, #7058, .T. ) ;
#10299 = LINE ( 'NONE', #6911, #6654 ) ;
#10300 = EDGE_LOOP ( 'NONE', ( #5000, #7691, #677, #7505, #1418, #792 ) ) ;
#10301 = EDGE_CURVE ( 'NONE', #10297, #5222, #3311, .T. ) ;
#10302 = AXIS2_PLACEMENT_3D ( 'NONE', #2161, #7082, #7848 ) ;
#10303 = VERTEX_POINT ( 'NONE', #3065 ) ;
#10304 = VECTOR ( 'NONE', #5304, 1000.000000000000000 ) ;
#10305 = ORIENTED_EDGE ( 'NONE', *, *, #1211, .T. ) ;
#10306 = DIRECTION ( 'NONE',  ( -1.000000000000000000, -1.341711765540131426E-16, 0.000000000000000000 ) ) ;
#10307 = DIRECTION ( 'NONE',  ( 0.000000000000000000, 0.000000000000000000, -1.000000000000000000 ) ) ;
#10308 = DIRECTION ( 'NONE',  ( 1.000000000000000000, 0.000000000000000000, 0.000000000000000000 ) ) ;
#10309 = DIRECTION ( 'NONE',  ( 0.5735764363510492680, -0.8191520442889894671, 0.000000000000000000 ) ) ;
#10310 = DIRECTION ( 'NONE',  ( -9.383500162295677136E-17, 0.7071067811865500152, -0.7071067811865451302 ) ) ;
#10311 = ORIENTED_EDGE ( 'NONE', *, *, #8065, .T. ) ;
#10312 = ORIENTED_EDGE ( 'NONE', *, *, #1132, .F. ) ;
#10313 = CARTESIAN_POINT ( 'NONE',  ( 5.799999999999996270, 0.1000000000000001721, -3.000000000000000000 ) ) ;
#10314 = EDGE_LOOP ( 'NONE', ( #2840, #7945, #6514, #3584 ) ) ;
#10315 = CARTESIAN_POINT ( 'NONE',  ( -5.049999999999997158, 0.5000000000000001110, 4.500000000000000888 ) ) ;
#10316 = ORIENTED_EDGE ( 'NONE', *, *, #2060, .F. ) ;
#10317 = FILL_AREA_STYLE_COLOUR ( '', #1824 ) ;
#10318 = DIRECTION ( 'NONE',  ( 0.000000000000000000, -0.000000000000000000, 1.000000000000000000 ) ) ;
#10319 = PRESENTATION_STYLE_ASSIGNMENT (( #2922 ) ) ;
#10320 = ORIENTED_EDGE ( 'NONE', *, *, #8050, .T. ) ;
#10321 = CARTESIAN_POINT ( 'NONE',  ( 3.299999999999999822, 0.8500000000000000888, -5.850000000000000533 ) ) ;
#10322 = ORIENTED_EDGE ( 'NONE', *, *, #10212, .T. ) ;
#10323 = FACE_OUTER_BOUND ( 'NONE', #965, .T. ) ;
#10324 = PRESENTATION_LAYER_ASSIGNMENT (  '', '', ( #9578 ) ) ;
#10325 = CYLINDRICAL_SURFACE ( 'NONE', #4210, 0.2999999999999999334 ) ;
#10326 = DIRECTION ( 'NONE',  ( 0.000000000000000000, 0.000000000000000000, -1.000000000000000000 ) ) ;
#10327 = CARTESIAN_POINT ( 'NONE',  ( -6.236169591142200375, -0.7547152872702095339, 1.000000000000000000 ) ) ;
#10328 = ORIENTED_EDGE ( 'NONE', *, *, #1232, .T. ) ;
#10329 = CARTESIAN_POINT ( 'NONE',  ( 5.049999999999996270, 2.400000000000000355, 5.350000000000002309 ) ) ;
#10330 = DIRECTION ( 'NONE',  ( 0.000000000000000000, 0.000000000000000000, 1.000000000000000000 ) ) ;
#10331 = EDGE_CURVE ( 'NONE', #7387, #1739, #7019, .T. ) ;
#10332 = VERTEX_POINT ( 'NONE', #8720 ) ;
#10333 = CARTESIAN_POINT ( 'NONE',  ( -2.100000000000000089, 2.504411906293520396, -6.200000000000001954 ) ) ;
#10334 = ORIENTED_EDGE ( 'NONE', *, *, #1648, .F. ) ;
#10335 = DIRECTION ( 'NONE',  ( 1.000000000000000000, 0.000000000000000000, 0.000000000000000000 ) ) ;
#10336 = LINE ( 'NONE', #4391, #3106 ) ;
#10337 = ORIENTED_EDGE ( 'NONE', *, *, #5727, .T. ) ;
#10338 = VERTEX_POINT ( 'NONE', #559 ) ;
#10339 = DIRECTION ( 'NONE',  ( 0.000000000000000000, 0.000000000000000000, 1.000000000000000000 ) ) ;
#10340 = ORIENTED_EDGE ( 'NONE', *, *, #8309, .F. ) ;
#10341 = DIRECTION ( 'NONE',  ( 0.000000000000000000, 0.000000000000000000, -1.000000000000000000 ) ) ;
#10342 = CARTESIAN_POINT ( 'NONE',  ( 0.000000000000000000, 0.000000000000000000, 1.000000000000000000 ) ) ;
#10343 = DIRECTION ( 'NONE',  ( -1.341711765540131426E-16, 1.000000000000000000, 0.000000000000000000 ) ) ;
#10344 = AXIS2_PLACEMENT_3D ( 'NONE', #2016, #6112, #7024 ) ;
#10345 = ORIENTED_EDGE ( 'NONE', *, *, #404, .T. ) ;
#10346 = MECHANICAL_DESIGN_GEOMETRIC_PRESENTATION_REPRESENTATION (  '', ( #3297 ), #8424 ) ;
#10347 = ORIENTED_EDGE ( 'NONE', *, *, #8897, .F. ) ;
#10348 = VERTEX_POINT ( 'NONE', #5720 ) ;
#10349 = EDGE_CURVE ( 'NONE', #5329, #2647, #3293, .T. ) ;
#10350 = LINE ( 'NONE', #3615, #3571 ) ;
#10351 = VERTEX_POINT ( 'NONE', #632 ) ;
#10352 = ADVANCED_FACE ( 'NONE', ( #3406 ), #3139, .T. ) ;
#10353 = CARTESIAN_POINT ( 'NONE',  ( 2.500000000000000444, 0.6999999999999998446, 7.549999999999998046 ) ) ;
#10354 = AXIS2_PLACEMENT_3D ( 'NONE', #5621, #9770, #14 ) ;
#10355 = VERTEX_POINT ( 'NONE', #9978 ) ;
#10356 = VECTOR ( 'NONE', #9627, 1000.000000000000000 ) ;
#10357 = LINE ( 'NONE', #9616, #3246 ) ;
#10358 = CARTESIAN_POINT ( 'NONE',  ( 6.649821042359578429E-17, 0.4999999999999993339, 0.000000000000000000 ) ) ;
#10359 = DIRECTION ( 'NONE',  ( 0.000000000000000000, 0.000000000000000000, 1.000000000000000000 ) ) ;
#10360 = ORIENTED_EDGE ( 'NONE', *, *, #5480, .F. ) ;
#10361 = EDGE_CURVE ( 'NONE', #2777, #6101, #3541, .T. ) ;
#10362 = ORIENTED_EDGE ( 'NONE', *, *, #509, .F. ) ;
#10363 = ORIENTED_EDGE ( 'NONE', *, *, #9930, .T. ) ;
#10364 = LINE ( 'NONE', #221, #10592 ) ;
#10365 = EDGE_CURVE ( 'NONE', #2116, #815, #10350, .T. ) ;
#10366 = ORIENTED_EDGE ( 'NONE', *, *, #356, .T. ) ;
#10367 = LINE ( 'NONE', #5524, #10563 ) ;
#10368 = CARTESIAN_POINT ( 'NONE',  ( -3.299999999999999822, 1.099999999999999867, -6.750000000000001776 ) ) ;
#10369 = AXIS2_PLACEMENT_3D ( 'NONE', #673, #4673, #9693 ) ;
#10370 = ADVANCED_FACE ( 'NONE', ( #6868 ), #3388, .F. ) ;
#10371 = PLANE ( 'NONE',  #2395 ) ;
#10372 = DIRECTION ( 'NONE',  ( 0.000000000000000000, -1.000000000000000000, -0.000000000000000000 ) ) ;
#10373 = LINE ( 'NONE', #2392, #6862 ) ;
#10374 = DIRECTION ( 'NONE',  ( -0.000000000000000000, -1.000000000000000000, -0.000000000000000000 ) ) ;
#10375 = CARTESIAN_POINT ( 'NONE',  ( -4.250000000000000000, 6.700000000000000178, -4.674999999999999822 ) ) ;
#10376 = DIRECTION ( 'NONE',  ( 1.535153518563546084E-16, 1.000000000000000000, 0.000000000000000000 ) ) ;
#10377 = ORIENTED_EDGE ( 'NONE', *, *, #8988, .F. ) ;
#10378 = ORIENTED_EDGE ( 'NONE', *, *, #9327, .T. ) ;
#10379 = ORIENTED_EDGE ( 'NONE', *, *, #3944, .F. ) ;
#10380 = DIRECTION ( 'NONE',  ( 0.000000000000000000, -1.000000000000000000, 0.000000000000000000 ) ) ;
#10381 = CARTESIAN_POINT ( 'NONE',  ( 1.734723475976807094E-15, 5.500000000000000888, -6.500000000000000888 ) ) ;
#10382 = EDGE_CURVE ( 'NONE', #3400, #4937, #3512, .T. ) ;
#10383 = LINE ( 'NONE', #7375, #7152 ) ;
#10384 = DIRECTION ( 'NONE',  ( 0.000000000000000000, 1.000000000000000000, 0.000000000000000000 ) ) ;
#10385 = VERTEX_POINT ( 'NONE', #4345 ) ;
#10386 = CARTESIAN_POINT ( 'NONE',  ( 4.250000000000000000, 6.550000000000000711, 5.099999999999999645 ) ) ;
#10387 = VERTEX_POINT ( 'NONE', #1791 ) ;
#10388 = PLANE ( 'NONE',  #8302 ) ;
#10389 = EDGE_CURVE ( 'NONE', #10155, #5809, #6834, .T. ) ;
#10390 = EDGE_LOOP ( 'NONE', ( #1118, #9734, #1626, #7118, #3211, #9064, #9236, #3251 ) ) ;
#10391 = LINE ( 'NONE', #6088, #6961 ) ;
#10392 = EDGE_LOOP ( 'NONE', ( #2604, #3176, #10077, #8955 ) ) ;
#10393 = VECTOR ( 'NONE', #8965, 1000.000000000000000 ) ;
#10394 = AXIS2_PLACEMENT_3D ( 'NONE', #4480, #2938, #6964 ) ;
#10395 = DIRECTION ( 'NONE',  ( -0.000000000000000000, -0.000000000000000000, -1.000000000000000000 ) ) ;
#10396 = ADVANCED_FACE ( 'NONE', ( #3332 ), #6953, .T. ) ;
#10397 = DIRECTION ( 'NONE',  ( 0.7071067811865489050, 0.000000000000000000, -0.7071067811865462405 ) ) ;
#10398 = ORIENTED_EDGE ( 'NONE', *, *, #4465, .F. ) ;
#10399 = DIRECTION ( 'NONE',  ( 0.000000000000000000, 0.000000000000000000, 1.000000000000000000 ) ) ;
#10400 = CARTESIAN_POINT ( 'NONE',  ( 5.799999999999998934, 5.650000000000001243, 1.000000000000000888 ) ) ;
#10401 = ORIENTED_EDGE ( 'NONE', *, *, #1894, .T. ) ;
#10402 = ORIENTED_EDGE ( 'NONE', *, *, #7533, .F. ) ;
#10403 = DIRECTION ( 'NONE',  ( -0.000000000000000000, -0.000000000000000000, -1.000000000000000000 ) ) ;
#10404 = DIRECTION ( 'NONE',  ( 0.000000000000000000, 0.000000000000000000, 1.000000000000000000 ) ) ;
#10405 = VECTOR ( 'NONE', #1931, 1000.000000000000000 ) ;
#10406 = ORIENTED_EDGE ( 'NONE', *, *, #7897, .T. ) ;
#10407 = ORIENTED_EDGE ( 'NONE', *, *, #6028, .T. ) ;
#10408 = EDGE_CURVE ( 'NONE', #9265, #3777, #6972, .T. ) ;
#10409 = CARTESIAN_POINT ( 'NONE',  ( 3.299999999999999822, 2.650000000000000799, 7.549999999999999822 ) ) ;
#10410 = VERTEX_POINT ( 'NONE', #5103 ) ;
#10411 = FACE_OUTER_BOUND ( 'NONE', #9717, .T. ) ;
#10412 = CARTESIAN_POINT ( 'NONE',  ( -6.199999999999998401, -0.6400000000000000133, -1.000000000000000000 ) ) ;
#10413 = EDGE_CURVE ( 'NONE', #10332, #8360, #3445, .T. ) ;
#10414 = LINE ( 'NONE', #2488, #10485 ) ;
#10415 = CARTESIAN_POINT ( 'NONE',  ( -5.908508773426603966, -0.9841458618106281309, 1.000000000000000000 ) ) ;
#10416 = EDGE_CURVE ( 'NONE', #6307, #1878, #10531, .T. ) ;
#10417 = ORIENTED_EDGE ( 'NONE', *, *, #7226, .T. ) ;
#10418 = DIRECTION ( 'NONE',  ( -0.000000000000000000, 1.000000000000000000, 2.460132057943349518E-16 ) ) ;
#10419 = DIRECTION ( 'NONE',  ( 0.9396926207859082059, 0.3420201433256695456, 0.000000000000000000 ) ) ;
#10420 = EDGE_LOOP ( 'NONE', ( #3441, #2296, #8306, #5438 ) ) ;
#10421 = ORIENTED_EDGE ( 'NONE', *, *, #10464, .T. ) ;
#10422 = VECTOR ( 'NONE', #5953, 1000.000000000000000 ) ;
#10423 = ORIENTED_EDGE ( 'NONE', *, *, #10431, .F. ) ;
#10424 = VERTEX_POINT ( 'NONE', #5028 ) ;
#10425 = CARTESIAN_POINT ( 'NONE',  ( -5.799999999999996270, 0.5000000000000000000, 3.000000000000000000 ) ) ;
#10426 = ORIENTED_EDGE ( 'NONE', *, *, #5679, .T. ) ;
#10427 = CARTESIAN_POINT ( 'NONE',  ( 5.750000000000000000, 6.100000000000000533, 6.700000000000000178 ) ) ;
#10428 = CIRCLE ( 'NONE', #3185, 0.2999999999999999334 ) ;
#10429 = PLANE ( 'NONE',  #5262 ) ;
#10430 = FACE_OUTER_BOUND ( 'NONE', #3280, .T. ) ;
#10431 = EDGE_CURVE ( 'NONE', #5383, #7469, #5, .T. ) ;
#10432 = DIRECTION ( 'NONE',  ( -0.000000000000000000, 4.430117370400858162E-17, -1.000000000000000000 ) ) ;
#10433 = VERTEX_POINT ( 'NONE', #166 ) ;
#10434 = DIRECTION ( 'NONE',  ( -1.000000000000000000, 0.000000000000000000, 0.000000000000000000 ) ) ;
#10435 = ORIENTED_EDGE ( 'NONE', *, *, #3958, .F. ) ;
#10436 = DIRECTION ( 'NONE',  ( 0.000000000000000000, 1.000000000000000000, 4.430117370400858162E-17 ) ) ;
#10437 = AXIS2_PLACEMENT_3D ( 'NONE', #8825, #923, #1677 ) ;
#10438 = ORIENTED_EDGE ( 'NONE', *, *, #1374, .T. ) ;
#10439 = ORIENTED_EDGE ( 'NONE', *, *, #4603, .T. ) ;
#10440 = ADVANCED_FACE ( 'NONE', ( #10605 ), #7039, .T. ) ;
#10441 = ORIENTED_EDGE ( 'NONE', *, *, #1518, .T. ) ;
#10442 = VECTOR ( 'NONE', #6660, 1000.000000000000000 ) ;
#10443 = CARTESIAN_POINT ( 'NONE',  ( -2.598076211353316900, 14.49999999999999645, 1.499999999999999112 ) ) ;
#10444 = DIRECTION ( 'NONE',  ( 0.000000000000000000, 1.000000000000000000, 4.430117370400858162E-17 ) ) ;
#10445 = DIRECTION ( 'NONE',  ( 1.000000000000000000, 0.000000000000000000, -2.478176394252553728E-15 ) ) ;
#10446 = VECTOR ( 'NONE', #7758, 1000.000000000000114 ) ;
#10447 = DIRECTION ( 'NONE',  ( 0.000000000000000000, 0.000000000000000000, 1.000000000000000000 ) ) ;
#10448 = CARTESIAN_POINT ( 'NONE',  ( 6.891491226573391415, -1.690611574686247565, 1.000000000000000000 ) ) ;
#10449 = EDGE_LOOP ( 'NONE', ( #3291, #9006, #6883, #8672 ) ) ;
#10450 = EDGE_CURVE ( 'NONE', #8107, #5346, #10458, .T. ) ;
#10451 = ORIENTED_EDGE ( 'NONE', *, *, #8349, .T. ) ;
#10452 = ORIENTED_EDGE ( 'NONE', *, *, #10043, .F. ) ;
#10453 = CARTESIAN_POINT ( 'NONE',  ( -1.530808498934191817E-17, -2.350000000000000089, 7.699999999999997513 ) ) ;
#10454 = EDGE_CURVE ( 'NONE', #8059, #9061, #10479, .T. ) ;
#10455 = ORIENTED_EDGE ( 'NONE', *, *, #5340, .F. ) ;
#10456 = DIRECTION ( 'NONE',  ( 0.000000000000000000, 0.000000000000000000, -1.000000000000000000 ) ) ;
#10457 = CARTESIAN_POINT ( 'NONE',  ( 3.880824640740575759, 0.4999999999999995559, 4.500000000000000888 ) ) ;
#10458 = LINE ( 'NONE', #7647, #6939 ) ;
#10459 = ORIENTED_EDGE ( 'NONE', *, *, #3517, .F. ) ;
#10460 = EDGE_CURVE ( 'NONE', #10277, #3676, #3823, .T. ) ;
#10461 = AXIS2_PLACEMENT_3D ( 'NONE', #1070, #8339, #10058 ) ;
#10462 = ORIENTED_EDGE ( 'NONE', *, *, #4583, .T. ) ;
#10463 = FACE_OUTER_BOUND ( 'NONE', #163, .T. ) ;
#10464 = EDGE_CURVE ( 'NONE', #6971, #2397, #139, .T. ) ;
#10465 = ADVANCED_FACE ( 'NONE', ( #3663 ), #343, .T. ) ;
#10466 = FACE_OUTER_BOUND ( 'NONE', #5260, .T. ) ;
#10467 = CARTESIAN_POINT ( 'NONE',  ( 5.049999999999997158, 2.400000000000000355, 5.000000000000000888 ) ) ;
#10468 = PLANE ( 'NONE',  #672 ) ;
#10469 = AXIS2_PLACEMENT_3D ( 'NONE', #2989, #7188, #3078 ) ;
#10470 = ORIENTED_EDGE ( 'NONE', *, *, #4013, .T. ) ;
#10471 = CARTESIAN_POINT ( 'NONE',  ( 5.049999999999997158, 4.986986664055304885, 5.350000000000001421 ) ) ;
#10472 = ORIENTED_EDGE ( 'NONE', *, *, #6389, .T. ) ;
#10473 = CARTESIAN_POINT ( 'NONE',  ( -6.399999999999998579, -2.034757436496875016, 1.000000000000000000 ) ) ;
#10474 = DIRECTION ( 'NONE',  ( -0.000000000000000000, 2.409338161078894743E-16, 1.000000000000000000 ) ) ;
#10475 = VERTEX_POINT ( 'NONE', #5799 ) ;
#10476 = CARTESIAN_POINT ( 'NONE',  ( 3.299999999999999822, 2.650000000000001243, -6.200000000000001954 ) ) ;
#10477 = EDGE_LOOP ( 'NONE', ( #9596, #1889, #6823, #6994 ) ) ;
#10478 = CARTESIAN_POINT ( 'NONE',  ( -5.049999999999997158, 1.000000000000000000, 4.500000000000000888 ) ) ;
#10479 = LINE ( 'NONE', #364, #3789 ) ;
#10480 = VERTEX_POINT ( 'NONE', #6875 ) ;
#10481 = DIRECTION ( 'NONE',  ( 0.000000000000000000, 0.000000000000000000, -1.000000000000000000 ) ) ;
#10482 = FACE_OUTER_BOUND ( 'NONE', #6794, .T. ) ;
#10483 = CARTESIAN_POINT ( 'NONE',  ( -0.2000000000000000944, -2.299999999999999822, 7.549999999999999822 ) ) ;
#10484 = AXIS2_PLACEMENT_3D ( 'NONE', #4532, #2084, #7084 ) ;
#10485 = VECTOR ( 'NONE', #1051, 1000.000000000000114 ) ;
#10486 = CARTESIAN_POINT ( 'NONE',  ( -2.499999999999999556, 0.1000000000000016848, -7.050000000000001599 ) ) ;
#10487 = EDGE_CURVE ( 'NONE', #2823, #7905, #7442, .T. ) ;
#10488 = ADVANCED_FACE ( 'NONE', ( #329 ), #9216, .F. ) ;
#10489 = ORIENTED_EDGE ( 'NONE', *, *, #424, .F. ) ;
#10490 = PRESENTATION_LAYER_ASSIGNMENT (  '', '', ( #10215 ) ) ;
#10491 = PLANE ( 'NONE',  #9294 ) ;
#10492 = ORIENTED_EDGE ( 'NONE', *, *, #4141, .F. ) ;
#10493 = VERTEX_POINT ( 'NONE', #3497 ) ;
#10494 = VECTOR ( 'NONE', #9148, 1000.000000000000000 ) ;
#10495 = VERTEX_POINT ( 'NONE', #10140 ) ;
#10496 = CARTESIAN_POINT ( 'NONE',  ( -4.250000000000000000, 6.100000000000000533, -5.099999999999999645 ) ) ;
#10497 = ORIENTED_EDGE ( 'NONE', *, *, #3344, .F. ) ;
#10498 = DIRECTION ( 'NONE',  ( -0.000000000000000000, -0.000000000000000000, -1.000000000000000000 ) ) ;
#10499 = VECTOR ( 'NONE', #3947, 1000.000000000000000 ) ;
#10500 = CARTESIAN_POINT ( 'NONE',  ( -2.700000000000000178, 0.1000000000000016431, -7.050000000000001599 ) ) ;
#10501 = ORIENTED_EDGE ( 'NONE', *, *, #3155, .F. ) ;
#10502 = EDGE_CURVE ( 'NONE', #8701, #5032, #251, .T. ) ;
#10503 = TOROIDAL_SURFACE ( 'NONE', #5416, 0.4249999999999999334, 0.1499999999999999944 ) ;
#10504 = ADVANCED_FACE ( 'NONE', ( #358 ), #7470, .T. ) ;
#10505 = CARTESIAN_POINT ( 'NONE',  ( 5.049999999999997158, 1.000000000000000000, -4.999999999999997335 ) ) ;
#10506 = PLANE ( 'NONE',  #9143 ) ;
#10507 = ORIENTED_EDGE ( 'NONE', *, *, #10249, .T. ) ;
#10508 = EDGE_CURVE ( 'NONE', #10278, #9438, #7458, .T. ) ;
#10509 = CARTESIAN_POINT ( 'NONE',  ( -0.4000000000000001887, -3.099999999999998757, 7.299999999999998934 ) ) ;
#10510 = VERTEX_POINT ( 'NONE', #6027 ) ;
#10511 = ORIENTED_EDGE ( 'NONE', *, *, #7417, .F. ) ;
#10512 = VERTEX_POINT ( 'NONE', #7709 ) ;
#10513 = AXIS2_PLACEMENT_3D ( 'NONE', #3029, #5406, #9610 ) ;
#10514 = CARTESIAN_POINT ( 'NONE',  ( 5.499999999999996447, 1.000000000000000000, 6.400000000000000355 ) ) ;
#10515 = CIRCLE ( 'NONE', #8076, 0.4499999999999990119 ) ;
#10516 = EDGE_LOOP ( 'NONE', ( #3070, #5862, #5619, #5127 ) ) ;
#10517 = ORIENTED_EDGE ( 'NONE', *, *, #7912, .F. ) ;
#10518 = CIRCLE ( 'NONE', #8717, 0.1499999999999999667 ) ;
#10519 = DIRECTION ( 'NONE',  ( -1.000000000000000000, -0.000000000000000000, 0.000000000000000000 ) ) ;
#10520 = CARTESIAN_POINT ( 'NONE',  ( -5.750000000000000000, 5.700000000000000178, 6.700000000000000178 ) ) ;
#10521 = DIRECTION ( 'NONE',  ( 0.000000000000000000, 0.000000000000000000, -1.000000000000000000 ) ) ;
#10522 = EDGE_CURVE ( 'NONE', #1120, #5880, #3922, .T. ) ;
#10523 = CARTESIAN_POINT ( 'NONE',  ( -5.049999999999997158, 2.128355624055937206E-16, 5.350000000000001421 ) ) ;
#10524 = ORIENTED_EDGE ( 'NONE', *, *, #5431, .F. ) ;
#10525 = EDGE_CURVE ( 'NONE', #8088, #731, #407, .T. ) ;
#10526 = ORIENTED_EDGE ( 'NONE', *, *, #9440, .T. ) ;
#10527 = CARTESIAN_POINT ( 'NONE',  ( 6.200000000000000178, 3.100000000000000089, 4.500000000000000888 ) ) ;
#10528 = VERTEX_POINT ( 'NONE', #9445 ) ;
#10529 = CARTESIAN_POINT ( 'NONE',  ( 1.700000000000000178, 0.8500000000000000888, -5.850000000000000533 ) ) ;
#10530 = CARTESIAN_POINT ( 'NONE',  ( 1.734723475976807094E-15, 5.500000000000000888, -6.700000000000000178 ) ) ;
#10531 = LINE ( 'NONE', #5178, #7103 ) ;
#10532 = CARTESIAN_POINT ( 'NONE',  ( 2.542012759203106320, 2.400000000000000355, 3.000000000000000000 ) ) ;
#10533 = AXIS2_PLACEMENT_3D ( 'NONE', #10567, #8961, #4788 ) ;
#10534 = DIRECTION ( 'NONE',  ( -1.000000000000000000, -0.000000000000000000, 0.000000000000000000 ) ) ;
#10535 = ADVANCED_FACE ( 'NONE', ( #367 ), #4021, .F. ) ;
#10536 = ORIENTED_EDGE ( 'NONE', *, *, #4189, .F. ) ;
#10537 = LINE ( 'NONE', #3508, #3358 ) ;
#10538 = VERTEX_POINT ( 'NONE', #433 ) ;
#10539 = LINE ( 'NONE', #4448, #25 ) ;
#10540 = EDGE_LOOP ( 'NONE', ( #10219, #5912, #4679, #6333 ) ) ;
#10541 = CARTESIAN_POINT ( 'NONE',  ( 1.734723475976807094E-15, -3.903127820947746543E-14, -4.500000000000000000 ) ) ;
#10542 = EDGE_LOOP ( 'NONE', ( #6661, #2939, #7218, #94, #8772, #7428 ) ) ;
#10543 = ORIENTED_EDGE ( 'NONE', *, *, #3031, .T. ) ;
#10544 = EDGE_CURVE ( 'NONE', #3282, #6092, #3938, .T. ) ;
#10545 = DIRECTION ( 'NONE',  ( 0.000000000000000000, 0.000000000000000000, -1.000000000000000000 ) ) ;
#10546 = CIRCLE ( 'NONE', #1747, 0.6000000000000007550 ) ;
#10547 = DIRECTION ( 'NONE',  ( -0.000000000000000000, 1.000000000000000000, 2.460132057943349518E-16 ) ) ;
#10548 = EDGE_CURVE ( 'NONE', #10113, #3915, #389, .T. ) ;
#10549 = LINE ( 'NONE', #5595, #3463 ) ;
#10550 = DIRECTION ( 'NONE',  ( 0.000000000000000000, 0.000000000000000000, 1.000000000000000000 ) ) ;
#10551 = ADVANCED_FACE ( 'NONE', ( #234 ), #8743, .F. ) ;
#10552 = VECTOR ( 'NONE', #286, 1000.000000000000000 ) ;
#10553 = DIRECTION ( 'NONE',  ( 0.000000000000000000, 0.000000000000000000, 1.000000000000000000 ) ) ;
#10554 = DIRECTION ( 'NONE',  ( 0.000000000000000000, 0.000000000000000000, 1.000000000000000000 ) ) ;
#10555 = EDGE_LOOP ( 'NONE', ( #6970, #6852, #3496, #1890 ) ) ;
#10556 = DIRECTION ( 'NONE',  ( 0.000000000000000000, 0.000000000000000000, 1.000000000000000000 ) ) ;
#10557 = ORIENTED_EDGE ( 'NONE', *, *, #6343, .F. ) ;
#10558 = ORIENTED_EDGE ( 'NONE', *, *, #5005, .T. ) ;
#10559 = VECTOR ( 'NONE', #1504, 1000.000000000000000 ) ;
#10560 = EDGE_CURVE ( 'NONE', #1106, #5919, #7374, .T. ) ;
#10561 = DIRECTION ( 'NONE',  ( 0.000000000000000000, 1.000000000000000000, 0.000000000000000000 ) ) ;
#10562 = DIRECTION ( 'NONE',  ( 0.000000000000000000, 0.000000000000000000, 1.000000000000000000 ) ) ;
#10563 = VECTOR ( 'NONE', #6416, 1000.000000000000000 ) ;
#10564 = CARTESIAN_POINT ( 'NONE',  ( -5.699999999999998401, 0.6000000000000007550, -3.000000000000000000 ) ) ;
#10565 = MECHANICAL_DESIGN_GEOMETRIC_PRESENTATION_REPRESENTATION (  '', ( #1997 ), #6132 ) ;
#10566 = LINE ( 'NONE', #1252, #13 ) ;
#10567 = CARTESIAN_POINT ( 'NONE',  ( 2.500000000000000444, 0.6999999999999997335, 7.699999999999997513 ) ) ;
#10568 = ADVANCED_FACE ( 'NONE', ( #285 ), #7075, .T. ) ;
#10569 = DIRECTION ( 'NONE',  ( -1.000000000000000000, -0.000000000000000000, -0.000000000000000000 ) ) ;
#10570 = EDGE_CURVE ( 'NONE', #4216, #5746, #3955, .T. ) ;
#10571 = VERTEX_POINT ( 'NONE', #8598 ) ;
#10572 = VERTEX_POINT ( 'NONE', #1395 ) ;
#10573 = DIRECTION ( 'NONE',  ( -0.000000000000000000, 1.000000000000000000, -0.000000000000000000 ) ) ;
#10574 = EDGE_CURVE ( 'NONE', #2664, #8360, #3711, .T. ) ;
#10575 = CYLINDRICAL_SURFACE ( 'NONE', #1160, 0.2999999999999999334 ) ;
#10576 = PLANE ( 'NONE',  #3395 ) ;
#10577 = VECTOR ( 'NONE', #789, 1000.000000000000114 ) ;
#10578 = EDGE_CURVE ( 'NONE', #7553, #8551, #3808, .T. ) ;
#10579 = ADVANCED_FACE ( 'NONE', ( #3877 ), #1206, .T. ) ;
#10580 = CARTESIAN_POINT ( 'NONE',  ( 5.499999999999996447, 5.700000000000000178, 6.500000000000000888 ) ) ;
#10581 = CARTESIAN_POINT ( 'NONE',  ( -4.549999999999997158, 4.986986664055304885, 5.850000000000000533 ) ) ;
#10582 = DIRECTION ( 'NONE',  ( -0.000000000000000000, 4.430117370400858162E-17, -1.000000000000000000 ) ) ;
#10583 = AXIS2_PLACEMENT_3D ( 'NONE', #2334, #1538, #2411 ) ;
#10584 = VERTEX_POINT ( 'NONE', #724 ) ;
#10585 = AXIS2_PLACEMENT_3D ( 'NONE', #4356, #7021, #901 ) ;
#10586 = VERTEX_POINT ( 'NONE', #2227 ) ;
#10587 = CARTESIAN_POINT ( 'NONE',  ( -5.499999999999996447, 5.700000000000000178, 6.400000000000000355 ) ) ;
#10588 = ORIENTED_EDGE ( 'NONE', *, *, #1648, .T. ) ;
#10589 = EDGE_CURVE ( 'NONE', #3507, #293, #7362, .T. ) ;
#10590 = CARTESIAN_POINT ( 'NONE',  ( 3.850000000000000089, 4.986986664055304885, -6.700000000000000178 ) ) ;
#10591 = DIRECTION ( 'NONE',  ( 1.000000000000000000, 0.000000000000000000, 0.000000000000000000 ) ) ;
#10592 = VECTOR ( 'NONE', #998, 1000.000000000000000 ) ;
#10593 = DIRECTION ( 'NONE',  ( 0.000000000000000000, 0.000000000000000000, 1.000000000000000000 ) ) ;
#10594 = CARTESIAN_POINT ( 'NONE',  ( 5.699999999999996625, 0.09999999999999971412, 3.000000000000000444 ) ) ;
#10595 = AXIS2_PLACEMENT_3D ( 'NONE', #1388, #9658, #10562 ) ;
#10596 = FACE_OUTER_BOUND ( 'NONE', #661, .T. ) ;
#10597 = LINE ( 'NONE', #1618, #3548 ) ;
#10598 = DIRECTION ( 'NONE',  ( 0.000000000000000000, 0.000000000000000000, -1.000000000000000000 ) ) ;
#10599 = VERTEX_POINT ( 'NONE', #2004 ) ;
#10600 = DIRECTION ( 'NONE',  ( 1.000000000000000000, 0.000000000000000000, 0.000000000000000000 ) ) ;
#10601 = EDGE_CURVE ( 'NONE', #4267, #3384, #3750, .T. ) ;
#10602 = ORIENTED_EDGE ( 'NONE', *, *, #9026, .F. ) ;
#10603 = DIRECTION ( 'NONE',  ( 0.8191520442889894671, -0.5735764363510493791, 0.000000000000000000 ) ) ;
#10604 = ORIENTED_EDGE ( 'NONE', *, *, #3638, .T. ) ;
#10605 = FACE_OUTER_BOUND ( 'NONE', #7398, .T. ) ;
#10606 = EDGE_CURVE ( 'NONE', #5559, #9709, #64, .T. ) ;
#10607 = ADVANCED_FACE ( 'NONE', ( #3841 ), #7319, .T. ) ;
#10608 = PLANE ( 'NONE',  #7056 ) ;
#10609 = LINE ( 'NONE', #5665, #7107 ) ;
#10610 = CARTESIAN_POINT ( 'NONE',  ( -5.908508773426603966, -0.9841458618106281309, 1.000000000000000000 ) ) ;
#10611 = AXIS2_PLACEMENT_3D ( 'NONE', #10473, #10330, #5279 ) ;
#10612 = LINE ( 'NONE', #5081, #10552 ) ;
#10613 = DIRECTION ( 'NONE',  ( -1.000000000000000000, -0.000000000000000000, 0.000000000000000000 ) ) ;
#10614 = PLANE ( 'NONE',  #7457 ) ;
#10615 = VERTEX_POINT ( 'NONE', #3747 ) ;
#10616 = CARTESIAN_POINT ( 'NONE',  ( 5.799999999999996270, 0.000000000000000000, 6.700000000000000178 ) ) ;
#10617 = ORIENTED_EDGE ( 'NONE', *, *, #7320, .F. ) ;
#10618 = ORIENTED_EDGE ( 'NONE', *, *, #8711, .F. ) ;
#10619 = EDGE_CURVE ( 'NONE', #4444, #872, #266, .T. ) ;
#10620 = FACE_OUTER_BOUND ( 'NONE', #1428, .T. ) ;
#10621 = CARTESIAN_POINT ( 'NONE',  ( -5.049999999999997158, 1.000000000000000000, 5.000000000000000888 ) ) ;
#10622 = EDGE_CURVE ( 'NONE', #10113, #7388, #3693, .T. ) ;
#10623 = DIRECTION ( 'NONE',  ( 0.000000000000000000, 1.000000000000000000, 2.017120320903263702E-16 ) ) ;
#10624 = LINE ( 'NONE', #7157, #9 ) ;
#10625 = CARTESIAN_POINT ( 'NONE',  ( 2.449999999999999734, -2.299999999999998046, -7.050000000000000711 ) ) ;
#10626 = ADVANCED_FACE ( 'NONE', ( #83 ), #3318, .T. ) ;
#10627 = VECTOR ( 'NONE', #1113, 1000.000000000000000 ) ;
#10628 = AXIS2_PLACEMENT_3D ( 'NONE', #1296, #806, #2338 ) ;
#10629 = DIRECTION ( 'NONE',  ( 9.383500162295677136E-17, 0.7071067811865500152, -0.7071067811865451302 ) ) ;
#10630 = DIRECTION ( 'NONE',  ( 0.000000000000000000, 0.000000000000000000, 1.000000000000000000 ) ) ;
ENDSEC;
END-ISO-10303-21;
